trade_date,nav_baseline
2018-01-03,998664.596106335
2018-01-04,999839.5736324001
2018-01-05,1002450.403745834
2018-01-08,1005492.9069948541
2018-01-09,1006179.141925616
2018-01-10,1006443.1759556674
2018-01-11,1005832.2975942707
2018-01-12,1008963.4285761263
2018-01-15,1005987.0005270878
2018-01-16,1008801.7970339571
2018-01-17,1007720.9252244561
2018-01-18,1008955.4879757626
2018-01-19,1010102.6075748093
2018-01-22,1014371.1301483569
2018-01-23,1019196.9737306931
2018-01-24,1023596.4923647838
2018-01-25,1022575.9368896448
2018-01-26,1022773.6130093692
2018-01-29,1017728.5564111294
2018-01-30,1012435.2934904795
2018-01-31,1009729.1982332022
2018-02-01,1004169.2196712716
2018-02-02,1006388.2778324336
2018-02-05,1005103.8379925902
2018-02-06,989616.1860942834
2018-02-07,987158.1207029553
2018-02-08,985078.7833450447
2018-02-09,971488.5610303076
2018-02-12,977825.9745619473
2018-02-13,981464.4776322165
2018-02-14,984146.2176539423
2018-02-22,989047.7061251474
2018-02-23,990317.2138822953
2018-02-26,996283.1215262118
2018-02-27,994626.2654168939
2018-02-28,992779.2078401207
2018-03-01,995879.4669754244
2018-03-02,993753.5426871736
2018-03-05,994451.2124313182
2018-03-06,998778.1722598022
2018-03-07,996103.2661881641
2018-03-08,998464.1584086602
2018-03-09,1000473.1979350704
2018-03-12,1003266.3969688254
2018-03-13,1001512.9540076668
2018-03-14,998892.877108446
2018-03-15,999122.7451910186
2018-03-16,997618.3609663785
2018-03-19,998178.0971876598
2018-03-20,997940.7097590162
2018-03-21,996455.1255447299
2018-03-22,995213.98231719
2018-03-23,987103.8170530535
2018-03-26,990503.675194031
2018-03-27,993662.2340096233
2018-03-28,988924.8309609509
2018-03-29,988569.7587855228
2018-03-30,992034.4058480934
2018-04-02,991923.7409101223
2018-04-03,990463.0816282314
2018-04-04,989641.6822198589
2018-04-09,991015.1481558904
2018-04-10,993309.2286074696
2018-04-11,994324.3391167677
2018-04-12,993712.3825396458
2018-04-13,993277.9032307541
2018-04-16,993719.7091174602
2018-04-17,990760.1435371473
2018-04-18,996454.9631488593
2018-04-19,996309.92230401
2018-04-20,991615.4762003567
2018-04-23,988353.6755638508
2018-04-24,993841.9690948704
2018-04-25,993130.071993542
2018-04-26,989816.9835590117
2018-04-27,991842.8543369527
2018-05-02,990936.0239160482
2018-05-03,993303.4993665563
2018-05-04,992756.8790209884
2018-05-07,997109.471164372
2018-05-08,997609.4986858644
2018-05-09,996032.9263574819
2018-05-10,997283.0674641598
2018-05-11,996354.5516617517
2018-05-14,996253.9832292248
2018-05-15,997224.5861433861
2018-05-16,994741.8814042527
2018-05-17,993406.7003332637
2018-05-18,994664.0482098482
2018-05-21,997037.5933717244
2018-05-22,997535.2400845949
2018-05-23,994492.941993352
2018-05-24,994366.4675705017
2018-05-25,993571.6656493593
2018-05-28,992028.3300156096
2018-05-29,989027.7609019801
2018-05-30,983654.8979220792
2018-05-31,987600.9945476267
2018-06-01,985420.2371246248
2018-06-04,986176.4995198267
2018-06-05,989238.2133164066
2018-06-06,989251.7323913593
2018-06-07,989335.6361539022
2018-06-08,985565.3308818229
2018-06-11,986016.8745114423
2018-06-12,987765.05059082
2018-06-13,985952.8998968282
2018-06-14,984901.0157630788
2018-06-15,983400.0972480418
2018-06-19,972585.5760630883
2018-06-20,974231.8778053343
2018-06-21,971653.1184855043
2018-06-22,973971.0991622268
2018-06-25,973214.0700691391
2018-06-26,972726.1346850436
2018-06-27,969279.0244081761
2018-06-28,965647.6072145575
2018-06-29,976556.2235809526
2018-07-02,972207.6804008867
2018-07-03,975438.1364876818
2018-07-04,972794.8932324888
2018-07-05,970053.6472843377
2018-07-06,971973.0265675291
2018-07-09,978886.9392355023
2018-07-10,979663.8975133481
2018-07-11,975599.6367636494
2018-07-12,979922.9146742412
2018-07-13,981682.352755005
2018-07-16,981452.9076817709
2018-07-17,981187.456674038
2018-07-18,980520.1962713341
2018-07-19,981566.4680172672
2018-07-20,984779.1430739758
2018-07-23,987545.5619197057
2018-07-24,988926.9821289721
2018-07-25,988956.3393147909
2018-07-26,988130.4452925252
2018-07-27,986518.5842434331
2018-07-30,985235.7729106254
2018-07-31,984960.8889050861
2018-08-01,984176.0487098699
2018-08-02,980719.138015596
2018-08-03,980746.790203386
2018-08-06,979817.1207896776
2018-08-07,985069.6249047689
2018-08-08,980289.8846758244
2018-08-09,983460.343584712
2018-08-10,983213.2588776908
2018-08-13,982991.8702375324
2018-08-14,982629.8053161401
2018-08-15,977856.1966304941
2018-08-16,973962.5484862679
2018-08-17,967447.6782441798
2018-08-20,969015.2216685996
2018-08-21,972128.3888259984
2018-08-22,970654.2186631688
2018-08-23,973056.6310959902
2018-08-24,973962.5211633923
2018-08-27,979210.3956795783
2018-08-28,981225.8433511894
2018-08-29,980357.536869314
2018-08-30,979280.6694306089
2018-08-31,979009.7838280398
2018-09-03,977946.098416032
2018-09-04,979120.4253202584
2018-09-05,975744.029827246
2018-09-06,973760.367157036
2018-09-07,973507.3254652686
2018-09-10,970323.0880378007
2018-09-11,969815.6346060161
2018-09-12,970564.5725987381
2018-09-13,971510.0927943474
2018-09-14,970920.7026233885
2018-09-17,967738.9097915667
2018-09-18,970429.5647338122
2018-09-19,973956.5192849626
2018-09-20,973832.3289620751
2018-09-21,980101.6602878966
2018-09-25,978348.0969684353
2018-09-26,981056.2676591475
2018-09-27,978446.8413662346
2018-09-28,981987.8993891354
2018-10-08,975092.7556587664
2018-10-09,973847.9083772192
2018-10-10,972232.4655735169
2018-10-11,958925.7202369128
2018-10-12,963175.2731063555
2018-10-15,962166.6089363344
2018-10-16,958676.509481715
2018-10-17,961819.7484070146
2018-10-18,958164.5935096497
2018-10-19,964198.054894908
2018-10-22,971252.779127192
2018-10-23,968074.3264873186
2018-10-24,968719.2586869537
2018-10-25,967513.5431370452
2018-10-26,967534.0208649923
2018-10-29,964340.7433836898
2018-10-30,964410.1956578253
2018-10-31,965776.6696303391
2018-11-01,968381.1239103292
2018-11-02,974679.0148637923
2018-11-05,974337.9776180099
2018-11-06,974126.0530046396
2018-11-07,974878.8892285038
2018-11-08,974951.764939284
2018-11-09,972379.3912400834
2018-11-12,975513.7557166731
2018-11-13,975723.5439814881
2018-11-14,975896.9089198194
2018-11-15,980952.6278420967
2018-11-16,983284.4451757746
2018-11-19,984328.4509419039
2018-11-20,977776.6862335602
2018-11-21,978226.9513612059
2018-11-22,977622.0855014444
2018-11-23,970690.3073215776
2018-11-26,970823.2249944357
2018-11-27,971407.875867611
2018-11-28,973409.3681327996
2018-11-29,972271.1710459786
2018-11-30,973868.6795521015
2018-12-03,979181.7806803785
2018-12-04,980239.5975431115
2018-12-05,980065.7226565009
2018-12-06,978163.6355225669
2018-12-07,978666.5015492324
2018-12-10,978140.3696297654
2018-12-11,979678.836156688
2018-12-12,979549.0824720634
2018-12-13,981013.9210548152
2018-12-14,976574.3834348442
2018-12-17,976278.9607844353
2018-12-18,975397.4373133101
2018-12-19,974369.6866052041
2018-12-20,972255.5260543901
2018-12-21,972605.5552374936
2018-12-24,973752.4876019418
2018-12-25,972794.1314341847
2018-12-26,971911.7616405444
2018-12-27,971384.3013981263
2018-12-28,975814.4008512449
2019-01-02,972339.5932264433
2019-01-03,974392.1066455026
2019-01-04,979155.5417339565
2019-01-07,982930.2631236624
2019-01-08,982353.2551492136
2019-01-09,983326.0294853186
2019-01-10,983613.7165028818
2019-01-11,983811.1313129287
2019-01-14,981435.9495369671
2019-01-15,984386.5655708746
2019-01-16,985219.6414937289
2019-01-17,984376.3307357908
2019-01-18,987018.0831790043
2019-01-21,986933.5845456845
2019-01-22,984286.5384572546
2019-01-23,984469.2335605101
2019-01-24,986661.4806395933
2019-01-25,988355.7646491847
2019-01-28,988946.0558974809
2019-01-29,988457.3468090384
2019-01-30,988076.0340078687
2019-01-31,988667.9635607144
2019-02-01,995787.6293292637
2019-02-11,1000661.3288534257
2019-02-12,1003798.6665113108
2019-02-13,1007968.6044958682
2019-02-14,1008184.7638221185
2019-02-15,1006746.5037016971
2019-02-18,1015622.9415889661
2019-02-19,1014605.0726132053
2019-02-20,1016034.0806603595
2019-02-21,1014735.6519182612
2019-02-22,1019277.381484982
2019-02-25,1034283.0122004577
2019-02-26,1030511.6672418873
2019-02-27,1030459.7515950862
2019-02-28,1028738.1551087279
2019-03-01,1032872.5567294785
2019-03-04,1035423.3070421137
2019-03-05,1038930.0095413001
2019-03-06,1042536.7016502359
2019-03-07,1040946.8221007937
2019-03-08,1032224.9400412624
2019-03-11,1040288.4437502369
2019-03-12,1044614.0621723493
2019-03-13,1040842.4766524307
2019-03-14,1036380.8168374246
2019-03-15,1039393.7595606013
2019-03-18,1046642.8129838031
2019-03-19,1047927.3394294723
2019-03-20,1047452.5286170291
2019-03-21,1050149.3394830816
2019-03-22,1051532.3658731584
2019-03-25,1047935.6118078269
2019-03-26,1044300.2820003425
2019-03-27,1046125.7567109347
2019-03-28,1043775.1860322938
2019-03-29,1049241.2881150024
2019-04-01,1057289.2462633245
2019-04-02,1057745.7434832924
2019-04-03,1059366.1695405103
2019-04-04,1061357.231834263
2019-04-08,1059194.7297922766
2019-04-09,1059369.4666365322
2019-04-10,1057387.5312426512
2019-04-11,1056408.1472556111
2019-04-12,1054138.501207035
2019-04-15,1051113.0586692307
2019-04-16,1055193.961213984
2019-04-17,1055920.7695280896
2019-04-18,1053423.5641731631
2019-04-19,1056075.5213913643
2019-04-22,1052785.4035542202
2019-04-23,1049989.1804510907
2019-04-24,1051495.196363661
2019-04-25,1047515.5603386572
2019-04-26,1046363.3923823168
2019-04-29,1044612.617599657
2019-04-30,1047678.1298298126
2019-05-06,1033621.3700194404
2019-05-07,1037223.3732650217
2019-05-08,1034976.1844905139
2019-05-09,1032701.5471637455
2019-05-10,1039472.7474727232
2019-05-13,1038034.2573037782
2019-05-14,1036612.7119945488
2019-05-15,1040594.0906024713
2019-05-16,1042877.651615756
2019-05-17,1039255.2472526946
2019-05-20,1036413.1088110411
2019-05-21,1037628.8244617835
2019-05-22,1036556.5690315289
2019-05-23,1033555.7691074173
2019-05-24,1034407.9069832446
2019-05-27,1035990.0630036823
2019-05-28,1037698.0691644389
2019-05-29,1037167.689381311
2019-05-30,1036106.9139484577
2019-05-31,1037244.1277473641
2019-06-03,1036757.1617037327
2019-06-04,1035706.8543048574
2019-06-05,1037647.3395393754
2019-06-06,1034811.8080484616
2019-06-10,1037314.697984062
2019-06-11,1041691.5314275747
2019-06-12,1041688.5190233805
2019-06-13,1041315.7046307591
2019-06-14,1042188.9875390165
2019-06-17,1040647.7677338248
2019-06-18,1042330.4503357441
2019-06-19,1045153.6557761212
2019-06-20,1053476.383248787
2019-06-21,1056586.3538947115
2019-06-24,1057152.5731932644
2019-06-25,1056882.8663162307
2019-06-26,1053973.8902077267
2019-06-27,1056260.8992390067
2019-06-28,1054949.6036341686
2019-07-01,1059353.8727104238
2019-07-02,1061092.1153432096
2019-07-03,1064365.8941461649
2019-07-04,1062126.2683532815
2019-07-05,1063285.4978910338
2019-07-08,1056540.5660937366
2019-07-09,1055881.2298655794
2019-07-10,1055088.8602874433
2019-07-11,1057264.3266702576
2019-07-12,1057698.921702527
2019-07-15,1060192.6731804702
2019-07-16,1060115.1885064575
2019-07-17,1059658.7659768262
2019-07-18,1057696.232036646
2019-07-19,1061180.877146082
2019-07-22,1057863.9250400139
2019-07-23,1059190.0074009725
2019-07-24,1061200.6896526525
2019-07-25,1063063.280487164
2019-07-26,1063293.6547158537
2019-07-29,1063806.552075856
2019-07-30,1065160.5775774266
2019-08-01,1062694.9031201515
2019-08-02,1063092.9478049434
2019-08-05,1063450.0344662594
2019-08-06,1060825.5826529742
2019-08-07,1060027.981072934
2019-08-08,1063447.7464486083
2019-08-09,1064450.7726977156
2019-08-12,1068799.5722423445
2019-08-13,1067370.58780263
2019-08-14,1067413.4911717605
2019-08-15,1068053.3446725658
2019-08-16,1068668.787972892
2019-08-19,1074490.6364707944
2019-08-20,1073918.3421398138
2019-08-21,1073775.414090529
2019-08-22,1074282.5971184457
2019-08-23,1074510.843513009
2019-08-26,1073585.1988604257
2019-08-27,1077674.502844012
2019-08-28,1077413.8376318633
2019-08-29,1077323.6082462939
2019-08-30,1076145.1697813463
2019-09-02,1080023.4668903495
2019-09-03,1080286.737647431
2019-09-04,1082832.8275125183
2019-09-05,1087128.1180228414
2019-09-06,1089576.220156454
2019-09-09,1093217.329913655
2019-09-10,1090278.585993159
2019-09-11,1088421.7544433735
2019-09-12,1090232.0390389445
2019-09-16,1089041.1758159064
2019-09-17,1082940.5121301622
2019-09-18,1084126.8559445785
2019-09-19,1086304.4932391252
2019-09-20,1087499.2738121431
2019-09-23,1084429.2293039989
2019-09-24,1085224.131734774
2019-09-25,1081394.6074452517
2019-09-26,1077194.8394163824
2019-09-27,1077595.8385800852
2019-09-30,1075810.907629329
2019-10-08,1076255.5011710748
2019-10-09,1078377.3045723566
2019-10-10,1081690.9379802393
2019-10-11,1083614.1137429953
2019-10-14,1086973.659040117
2019-10-15,1084915.9227457538
2019-10-16,1084288.6998723096
2019-10-17,1084453.1902112935
2019-10-18,1080489.796419261
2019-10-21,1078846.1063472403
2019-10-22,1081709.1410011156
2019-10-23,1079205.175467005
2019-10-24,1079622.5635338835
2019-10-25,1082950.643754464
2019-10-28,1086126.090829448
2019-10-29,1083468.5328604523
2019-10-30,1080351.8813002156
2019-10-31,1079358.8899239574
2019-11-01,1083715.369705638
2019-11-04,1085573.9923576573
2019-11-05,1088734.2407802492
2019-11-06,1086933.973561331
2019-11-07,1087958.3236001984
2019-11-08,1085364.233142707
2019-11-11,1081441.5921514647
2019-11-12,1081132.5908248322
2019-11-13,1081738.2010870844
2019-11-14,1082463.392443393
2019-11-15,1081155.279333597
2019-11-18,1084907.171030645
2019-11-19,1089742.3528661316
2019-11-20,1087505.1491079251
2019-11-21,1086431.7930536112
2019-11-22,1083967.8108787653
2019-11-25,1084386.5672619275
2019-11-26,1086263.9431337642
2019-11-27,1085624.355138781
2019-11-28,1085155.079448843
2019-11-29,1085116.6193654074
2019-12-02,1087027.9979411669
2019-12-03,1087537.6758757117
2019-12-04,1087459.2407985833
2019-12-05,1089915.9393904412
2019-12-06,1090894.088769882
2019-12-09,1090205.340744675
2019-12-10,1090327.2293753664
2019-12-11,1090337.2602652656
2019-12-12,1091123.3362650957
2019-12-13,1095016.155284966
2019-12-16,1099016.6451935628
2019-12-17,1103070.4961668388
2019-12-18,1102258.9153289695
2019-12-19,1102149.1105401502
2019-12-20,1102520.9220991563
2019-12-23,1099799.0319488964
2019-12-24,1105015.3761589597
2019-12-25,1105503.6413756511
2019-12-26,1109187.3044966059
2019-12-27,1110128.8096213406
2019-12-30,1113044.698638885
2019-12-31,1116183.6589543018
2020-01-02,1120005.0815743145
2020-01-03,1121508.4124355277
2020-01-06,1123436.8375818708
2020-01-07,1126816.456754884
2020-01-08,1123302.1491005865
2020-01-09,1127519.1109759607
2020-01-10,1128834.8582352835
2020-01-13,1131812.1163018998
2020-01-14,1131538.6883590403
2020-01-15,1130786.7719160132
2020-01-16,1129527.1275969425
2020-01-17,1131275.5151419311
2020-01-20,1134225.7850551587
2020-01-21,1132429.1324851864
2020-01-22,1133064.3531178432
2020-01-23,1126737.5013908038
2020-02-03,1105907.0005724435
2020-02-04,1115374.7760029293
2020-02-05,1126407.8357572143
2020-02-06,1136406.4436655578
2020-02-07,1138341.9361198177
2020-02-10,1144182.5439097516
2020-02-11,1148631.8412879016
2020-02-12,1156560.1845658133
2020-02-13,1159530.0619825865
2020-02-14,1156575.9092731182
2020-02-17,1166024.068673859
2020-02-18,1165622.9498569462
2020-02-19,1164469.6390258144
2020-02-20,1171919.5663295093
2020-02-21,1177004.6549026768
2020-02-24,1180238.8600180834
2020-02-25,1179321.8272311264
2020-02-26,1171763.7314134317
2020-02-27,1172434.515526642
2020-02-28,1153373.456339762
2020-03-02,1164492.7991164115
2020-03-03,1167656.7523512002
2020-03-04,1172841.5410296763
2020-03-05,1180610.1212549626
2020-03-06,1178579.3661246458
2020-03-09,1162061.6450554286
2020-03-10,1169737.1468351248
2020-03-11,1163837.9256713917
2020-03-12,1153341.8355572952
2020-03-13,1143812.321941001
2020-03-16,1120724.102624868
2020-03-17,1113690.694797816
2020-03-18,1107704.3469935711
2020-03-19,1105000.2829406513
2020-03-20,1115237.2895898907
2020-03-23,1100401.2547555992
2020-03-24,1116492.9093691336
2020-03-25,1129911.2147363094
2020-03-26,1126571.283963808
2020-03-27,1126587.365893964
2020-03-30,1120769.2173192948
2020-03-31,1122156.883924532
2020-04-01,1120115.4936735935
2020-04-02,1126263.3505735167
2020-04-03,1123950.0993685015
2020-04-07,1138879.3604732552
2020-04-08,1138913.9114557174
2020-04-09,1141964.827238991
2020-04-10,1136239.9054109703
2020-04-13,1133518.3619226017
2020-04-14,1141606.2342434577
2020-04-15,1142938.0578879928
2020-04-16,1145632.287302811
2020-04-17,1147383.8005273822
2020-04-20,1149391.2555863573
2020-04-21,1147280.89576222
2020-04-22,1151782.1336634604
2020-04-23,1154124.5484786471
2020-04-24,1151386.0574511061
2020-04-27,1154287.4402637312
2020-04-28,1155475.989045805
2020-04-29,1160460.795688144
2020-04-30,1166733.1046868004
2020-05-06,1168600.7787567154
2020-05-07,1164086.3793405704
2020-05-08,1167489.102097224
2020-05-11,1164251.6929099269
2020-05-12,1163625.8913078047
2020-05-13,1164354.3195330258
2020-05-14,1160403.4790280084
2020-05-15,1162355.288705494
2020-05-18,1161379.441596568
2020-05-19,1162996.4870002724
2020-05-20,1157791.8624035125
2020-05-21,1154737.6773920883
2020-05-22,1147979.8081840358
2020-05-25,1146905.5330456968
2020-05-26,1150992.4605136188
2020-05-27,1146522.5782886697
2020-05-28,1148301.9118235959
2020-05-29,1150139.8520860707
2020-06-01,1160771.8221838179
2020-06-02,1158807.4501632259
2020-06-03,1156415.8325396045
2020-06-04,1155343.8196951626
2020-06-05,1155157.2173193023
2020-06-08,1156309.2139954919
2020-06-09,1159015.3774688635
2020-06-10,1158100.6484263656
2020-06-11,1156239.3263356532
2020-06-12,1156999.750837935
2020-06-15,1154661.5260840715
2020-06-16,1160560.1666509805
2020-06-17,1159935.551829586
2020-06-18,1160118.1804824616
2020-06-19,1164199.060245263
2020-06-22,1165323.0928750604
2020-06-23,1164704.4096983802
2020-06-24,1168068.0495933383
2020-06-29,1164612.2332508594
2020-06-30,1171246.8115493269
2020-07-01,1179091.3362957258
2020-07-02,1188955.1658811828
2020-07-03,1197987.751756603
2020-07-06,1222051.4146794076
2020-07-07,1224881.378913826
2020-07-08,1232875.8630937636
2020-07-09,1244495.2108578081
2020-07-10,1238093.6839317875
2020-07-13,1253171.1129202123
2020-07-14,1248369.2116748719
2020-07-15,1240383.2403930982
2020-07-16,1218938.5507718076
2020-07-17,1219694.6494354708
2020-07-20,1232382.4077471178
2020-07-21,1239301.9110519262
2020-07-22,1246930.9146181066
2020-07-23,1249164.8485030385
2020-07-24,1228656.323629621
2020-07-27,1232554.3256946811
2020-07-28,1235930.439389327
2020-07-29,1245673.1382952284
2020-07-30,1242666.306393237
2020-07-31,1249524.660720112
2020-08-03,1258067.6961080716
2020-08-04,1258655.7851182413
2020-08-05,1265104.6912861343
2020-08-06,1264149.1691242475
2020-08-07,1261264.7886084476
2020-08-10,1261265.9511399537
2020-08-11,1252819.0433041712
2020-08-12,1237416.1986965681
2020-08-13,1243249.1900814162
2020-08-14,1248812.8174521646
2020-08-17,1258859.4089115832
2020-08-18,1263147.347853461
2020-08-19,1256190.5703940438
2020-08-20,1247434.1890794141
2020-08-21,1253235.6210206442
2020-08-24,1257383.3552245197
2020-08-25,1260756.616968674
2020-08-26,1251368.2071538866
2020-08-27,1258389.1756083348
2020-08-28,1267569.1690498407
2020-08-31,1272372.8171420945
2020-09-01,1276135.605850054
2020-09-02,1278332.018694601
2020-09-03,1275457.7846452119
2020-09-04,1264737.236188464
2020-09-07,1248949.3884528852
2020-09-08,1254970.2562291333
2020-09-09,1242060.425279471
2020-09-10,1242225.944713212
2020-09-11,1244359.9785952882
2020-09-14,1246946.9863211063
2020-09-15,1251655.8116289454
2020-09-16,1249528.3981276173
2020-09-17,1246121.7563337947
2020-09-18,1254941.149076878
2020-09-21,1251510.2757637117
2020-09-22,1245235.940137288
2020-09-23,1245763.7365968989
2020-09-24,1234753.533015361
2020-09-25,1234239.1454168698
2020-09-28,1233252.0858247182
2020-09-29,1237022.891536273
2020-09-30,1236555.8862763888
2020-10-09,1244805.686156492
2020-10-12,1256361.7996199054
2020-10-13,1256780.3065909734
2020-10-14,1253834.1897045516
2020-10-15,1250472.1012638123
2020-10-16,1251575.790187199
2020-10-19,1250408.9862516636
2020-10-20,1252987.2462957262
2020-10-21,1252378.8262085817
2020-10-22,1251758.616129234
2020-10-23,1244934.3683943467
2020-10-26,1243014.9128310715
2020-10-27,1244270.3035331508
2020-10-28,1244481.8280453265
2020-10-29,1245086.500219409
2020-10-30,1238327.1812706252
2020-11-02,1242357.9581266665
2020-11-03,1248157.623809882
2020-11-04,1252013.7750860236
2020-11-05,1257169.8923775882
2020-11-06,1253841.2712326464
2020-11-09,1261049.5732305623
2020-11-10,1255670.5974911398
2020-11-11,1252037.6542635441
2020-11-12,1252630.9286547217
2020-11-13,1248415.8208215234
2020-11-16,1254327.7384087043
2020-11-17,1250862.5847762623
2020-11-18,1248912.1490523086
2020-11-19,1248752.4862587324
2020-11-20,1251034.0529038713
2020-11-23,1257373.2669195142
2020-11-24,1251743.5017209542
2020-11-25,1245522.1210270429
2020-11-26,1245194.2183710523
2020-11-27,1247410.2687715972
2020-11-30,1245012.7368605472
2020-12-01,1251445.728248876
2020-12-02,1252444.2273059802
2020-12-03,1250924.7103675196
2020-12-04,1252371.251023606
2020-12-07,1248352.1984751232
2020-12-08,1248987.3116936767
2020-12-09,1243760.7229630558
2020-12-10,1242627.2459485193
2020-12-11,1237633.015475595
2020-12-14,1238516.7003259507
2020-12-15,1239839.742471257
2020-12-16,1240482.1505870735
2020-12-17,1244176.0865563517
2020-12-18,1244860.0036622013
2020-12-21,1251758.7801592622
2020-12-22,1245335.4700447752
2020-12-23,1247908.6713074339
2020-12-24,1244642.392356334
2020-12-25,1249362.0001598927
2020-12-28,1248530.759028461
2020-12-29,1246614.146712224
2020-12-30,1251911.5278875444
2020-12-31,1258255.9374892905
2021-01-04,1262396.4103059357
2021-01-05,1265974.0872241561
2021-01-06,1269183.0664690533
2021-01-07,1271102.8266700122
2021-01-08,1271041.4351502038
2021-01-11,1263888.8823123197
2021-01-12,1270416.968231053
2021-01-13,1268980.9963689097
2021-01-14,1266962.146471112
2021-01-15,1266544.7266329373
2021-01-18,1269701.078529365
2021-01-19,1266704.3774506128
2021-01-20,1269461.11846623
2021-01-21,1276952.8215419925
2021-01-22,1276904.7405279062
2021-01-25,1276702.6893095037
2021-01-26,1268123.864210049
2021-01-27,1269821.591037561
2021-01-28,1257280.2433540903
2021-01-29,1253584.0009155017
2021-02-01,1257340.3752157323
2021-02-02,1262313.033817408
2021-02-03,1261206.5006971494
2021-02-04,1256082.7081324633
2021-02-05,1254475.7302410614
2021-02-08,1259185.0025708764
2021-02-09,1266382.0554859322
2021-02-10,1272873.4225138195
2021-02-18,1271864.2272559728
2021-02-19,1275164.8509906176
2021-02-22,1271838.0870634308
2021-02-23,1269520.8879012496
2021-02-24,1262262.429900575
2021-02-25,1265014.3423585873
2021-02-26,1252783.1234608986
2021-03-01,1260383.0979890795
2021-03-02,1260390.8667522988
2021-03-03,1265887.3085745072
2021-03-04,1256156.5917041409
2021-03-05,1254430.750422582
2021-03-08,1247300.78546375
2021-03-09,1240417.4185603692
2021-03-10,1242727.3810567316
2021-03-11,1250569.2321510448
2021-03-12,1253080.737754664
2021-03-15,1249859.9513639905
2021-03-16,1251681.3625176526
2021-03-17,1252296.7836708555
2021-03-18,1254673.1290543294
2021-03-19,1247518.727470847
2021-03-22,1251390.6924292517
2021-03-23,1249020.3742903052
2021-03-24,1250893.2481815137
2021-03-25,1250317.3403864591
2021-03-26,1253882.6867145917
2021-03-29,1255772.6607501053
2021-03-30,1257289.5068045263
2021-03-31,1255881.3197726607
2021-04-01,1260787.0594859705
2021-04-02,1263625.899263818
2021-04-06,1263738.0859464325
2021-04-07,1264187.6677264345
2021-04-08,1264446.0011702662
2021-04-09,1262796.0897466314
2021-04-12,1261051.879782626
2021-04-13,1260951.6206116306
2021-04-14,1264295.7777558202
2021-04-15,1263089.3426342555
2021-04-16,1266956.9273206969
2021-04-19,1271017.268134596
2021-04-20,1269960.7672464242
2021-04-21,1271776.7636057064
2021-04-22,1271446.80264983
2021-04-23,1273153.3477695996
2021-04-26,1270702.816394189
2021-04-27,1270319.2145144087
2021-04-28,1271933.5007922852
2021-04-29,1274716.5309440338
2021-04-30,1273979.5748051978
2021-05-06,1273391.8544551397
2021-05-07,1271048.3120098314
2021-05-10,1273732.341538406
2021-05-11,1272761.9487132272
2021-05-12,1275777.8347422946
2021-05-13,1270992.0624054049
2021-05-14,1276036.2525932929
2021-05-17,1280860.8198534693
2021-05-18,1281853.122858293
2021-05-19,1281692.4043833308
2021-05-20,1281431.1155558883
2021-05-21,1282513.2628858439
2021-05-24,1284017.0566311101
2021-05-25,1289102.3495542777
2021-05-26,1290860.6255982884
2021-05-27,1292047.8714672131
2021-05-28,1291675.945709667
2021-05-31,1293264.7954612349
2021-06-01,1294965.3156246548
2021-06-02,1291030.4434910815
2021-06-03,1289800.2953076535
2021-06-04,1289694.6126591398
2021-06-07,1289086.4047059144
2021-06-08,1287801.8764434329
2021-06-09,1287930.6506261686
2021-06-10,1290622.2231645333
2021-06-11,1289269.413685853
2021-06-15,1285025.138612567
2021-06-16,1279302.4624614497
2021-06-17,1279435.8567760193
2021-06-18,1281687.0873304198
2021-06-21,1284127.5998458122
2021-06-22,1287015.4139094944
2021-06-23,1290680.209203366
2021-06-24,1289333.3477119028
2021-06-25,1293430.3728038112
2021-06-28,1294232.3090226282
2021-06-29,1292204.9647904045
2021-06-30,1295810.961020409
2021-07-01,1294280.3785802042
2021-07-02,1287815.5244447358
2021-07-05,1289771.1851160375
2021-07-06,1290186.5652024546
2021-07-07,1295105.7028226145
2021-07-08,1294282.6734195973
2021-07-09,1296577.8053761432
2021-07-12,1301188.7239798184
2021-07-13,1305466.5735765863
2021-07-14,1303225.17617755
2021-07-15,1305011.2754055478
2021-07-16,1302988.875775044
2021-07-19,1301614.8573249627
2021-07-20,1302230.8190426272
2021-07-21,1306905.6020657555
2021-07-22,1309942.7355667737
2021-07-23,1307420.907949297
2021-07-26,1301255.0165978984
2021-07-27,1292765.5547062198
2021-07-28,1289645.11937594
2021-07-29,1297080.5500541606
2021-07-30,1297098.7033411511
2021-08-02,1304577.5047616092
2021-08-03,1301786.5678285542
2021-08-04,1306808.584139435
2021-08-05,1304932.8347176071
2021-08-06,1305616.705503226
2021-08-09,1303126.9924678772
2021-08-10,1304467.7950105001
2021-08-11,1305180.3967541007
2021-08-12,1306237.6510531195
2021-08-13,1307603.2144882367
2021-08-16,1307298.3676132243
2021-08-17,1302582.9452602374
2021-08-18,1304792.5201437322
2021-08-19,1301752.6740939538
2021-08-20,1300982.2254434142
2021-08-23,1307164.6489261815
2021-08-24,1311776.4999593908
2021-08-25,1313531.2723078444
2021-08-26,1309239.641529499
2021-08-27,1312044.535037927
2021-08-30,1314907.089144675
2021-08-31,1319548.5263755699
2021-09-01,1319208.3453911818
2021-09-02,1323786.1315762813
2021-09-03,1322081.8402047597
2021-09-06,1327136.6839823138
2021-09-07,1332166.690006168
2021-09-08,1332299.547570501
2021-09-09,1334404.7787924274
2021-09-10,1334261.1555030525
2021-09-13,1335427.90451452
2021-09-14,1330573.2578428232
2021-09-15,1329889.8184387013
2021-09-16,1322888.3879140574
2021-09-17,1322749.298107322
2021-09-22,1323706.4382649013
2021-09-23,1326714.9254470132
2021-09-24,1322319.1858971615
2021-09-27,1317457.6483788514
2021-09-28,1317479.6619923988
2021-09-29,1311116.126638288
2021-09-30,1316017.8404362726
2021-10-08,1315133.344499307
2021-10-11,1312365.054476375
2021-10-12,1305669.3549831305
2021-10-13,1306339.6145522217
2021-10-14,1308783.4221628609
2021-10-15,1312210.719551261
2021-10-18,1310788.0407559928
2021-10-19,1314070.8727820327
2021-10-20,1312990.3258200118
2021-10-21,1314899.698347017
2021-10-22,1312268.2091704982
2021-10-25,1314399.2923612755
2021-10-26,1315996.6184872107
2021-10-27,1312755.9450916892
2021-10-28,1309233.584743574
2021-10-29,1312451.041870976
2021-11-01,1316115.4044709315
2021-11-02,1314861.660672735
2021-11-03,1316376.746711407
2021-11-04,1319916.6003994036
2021-11-05,1319900.60888773
2021-11-08,1322522.5686636083
2021-11-09,1323871.3887901488
2021-11-10,1323270.4238039062
2021-11-11,1326870.0290052071
2021-11-12,1326813.7906699476
2021-11-15,1326963.8050516897
2021-11-16,1325642.9381095637
2021-11-17,1327529.4126382577
2021-11-18,1327500.9192350241
2021-11-19,1331199.8818096058
2021-11-22,1334192.525623305
2021-11-23,1330746.8733608576
2021-11-24,1330922.3198185582
2021-11-25,1331119.9530940112
2021-11-26,1331602.0254154722
2021-11-29,1330488.6848168015
2021-11-30,1330972.5616278742
2021-12-01,1331356.061444117
2021-12-02,1328356.0248067125
2021-12-03,1329463.5648562915
2021-12-06,1326977.8670023417
2021-12-07,1325538.199059938
2021-12-08,1331973.0657944048
2021-12-09,1333777.1332024082
2021-12-10,1333121.5921045155
2021-12-13,1336461.0258163505
2021-12-14,1334472.257014095
2021-12-15,1332325.6458568876
2021-12-16,1337499.382400469
2021-12-17,1333478.7688664093
2021-12-20,1326260.4515158192
2021-12-21,1329952.4020277313
2021-12-22,1331765.3600447567
2021-12-23,1335322.1268612952
2021-12-24,1332408.6577633806
2021-12-27,1332927.290212368
2021-12-28,1335332.1632683938
2021-12-29,1332322.6436048436
2021-12-30,1336459.9525851244
2021-12-31,1339651.450076614
2022-01-04,1338982.3199740038
2022-01-05,1332306.732460096
2022-01-06,1329224.1148330013
2022-01-07,1328497.1332068702
2022-01-10,1330209.6526545247
2022-01-11,1328823.061151484
2022-01-12,1333383.484771771
2022-01-14,1331112.5580582186
2022-01-17,1333854.945044116
2022-01-18,1337358.2484966835
2022-01-19,1334928.4152607112
2022-01-20,1335264.1062863204
2022-01-21,1332663.093074097
2022-01-24,1335568.0561291792
2022-01-25,1325341.046842405
2022-01-26,1324272.2769754808
2022-01-27,1314297.2859882896
2022-01-28,1314109.745501601
2022-02-07,1321341.1188612196
2022-02-08,1324704.562232846
2022-02-09,1330508.4197077765
2022-02-10,1332713.5021168
2022-02-11,1324418.4588915866
2022-02-14,1317574.7840084184
2022-02-15,1318814.2079712404
2022-02-16,1320099.450274371
2022-02-17,1321538.2058078647
2022-02-18,1326287.658948094
2022-02-21,1325173.2640858921
2022-02-22,1321076.9758643382
2022-02-23,1324631.1494119386
2022-02-24,1319873.1882895725
2022-02-25,1322533.8811131788
2022-02-28,1323251.344833827
2022-03-01,1324794.7320409752
2022-03-02,1325186.8580989463
2022-03-03,1324849.310866315
2022-03-04,1320147.3525700327
2022-03-07,1315227.757385611
2022-03-08,1307398.9606946937
2022-03-09,1303246.316682999
2022-03-10,1305769.4209362413
2022-03-11,1309173.9341567704
2022-03-14,1302661.157331182
2022-03-15,1279292.5740332808
2022-03-16,1292793.2844579245
2022-03-17,1302181.1563282972
2022-03-18,1306972.2505118179
2022-03-21,1307242.8342371497
2022-03-22,1308015.607464483
2022-03-23,1308768.6020146466
2022-03-24,1307389.3043333916
2022-03-25,1305193.5673045411
2022-03-28,1304282.1686509098
2022-03-29,1302742.1067892064
2022-03-30,1311868.2639378656
2022-03-31,1309517.1039225252
2022-04-01,1315217.800891732
2022-04-06,1315795.7128377329
2022-04-07,1310045.473956024
2022-04-08,1312740.6029997708
2022-04-11,1301843.7385193198
2022-04-12,1306778.383889148
2022-04-13,1303565.447636438
2022-04-14,1309220.9709315766
2022-04-15,1306787.1373065433
2022-04-18,1305819.6614996714
2022-04-19,1305587.9339169231
2022-04-20,1296939.1670628898
2022-04-21,1290330.670516925
2022-04-22,1291116.2282093712
2022-04-25,1272730.8895744698
2022-04-26,1269123.3796166535
2022-04-27,1277655.5056721366
2022-04-28,1278348.1953413005
2022-04-29,1290025.5126156046
2022-05-05,1290349.8882107073
2022-05-06,1282399.132167976
2022-05-09,1282979.8258104003
2022-05-10,1287148.4490414264
2022-05-11,1289551.3674656074
2022-05-12,1290023.8681429545
2022-05-13,1293181.246578435
2022-05-16,1291688.671196556
2022-05-17,1294943.308017542
2022-05-18,1294604.2284284257
2022-05-19,1294343.229208591
2022-05-20,1297858.5820638512
2022-05-23,1298232.5317437688
2022-05-24,1290722.3050636565
2022-05-25,1294426.106867359
2022-05-26,1298032.3064116302
2022-05-27,1297968.719193925
2022-05-30,1297896.7500679009
2022-05-31,1299451.7287590448
2022-06-01,1298866.0108054455
2022-06-02,1299893.3224489272
2022-06-06,1304506.1168781472
2022-06-07,1304243.7024110206
2022-06-08,1306556.5667966036
2022-06-09,1304817.9914922547
2022-06-10,1306683.5577525157
2022-06-13,1304913.902116884
2022-06-14,1303627.0773511936
2022-06-15,1304513.6022683708
2022-06-16,1303955.1739517471
2022-06-17,1306791.1948772823
2022-06-20,1306344.586304718
2022-06-21,1305648.5694907166
2022-06-22,1303902.7522789964
2022-06-23,1307337.2574428632
2022-06-24,1308522.6831155973
2022-06-27,1310411.7368535574
2022-06-28,1311678.517548024
2022-06-29,1308985.5335853798
2022-06-30,1310772.1685136124
2022-07-01,1310649.9353943344
2022-07-04,1311314.0237214945
2022-07-05,1310610.0357303305
2022-07-06,1305250.9172108315
2022-07-07,1305364.645300807
2022-07-08,1304043.6588048062
2022-07-11,1301497.9844714773
2022-07-12,1299974.2012876468
2022-07-13,1301059.0575278588
2022-07-14,1302333.0065874946
2022-07-15,1300851.6337856334
2022-07-18,1303876.7044705686
2022-07-19,1302993.5157088835
2022-07-20,1305340.6859645406
2022-07-21,1303763.747718359
2022-07-22,1304523.4743812117
2022-07-25,1303177.4714132843
2022-07-26,1306708.9537420399
2022-07-27,1307144.283069532
2022-07-28,1308399.744833654
2022-07-29,1309737.3546410955
2022-08-01,1312598.9298477068
2022-08-02,1307818.5903414176
2022-08-03,1304104.223158708
2022-08-04,1307576.5140625946
2022-08-05,1310001.1433724524
2022-08-08,1311693.3921689938
2022-08-09,1312426.210076812
2022-08-10,1310809.4472357207
2022-08-11,1315925.404553729
2022-08-12,1316054.2050181169
2022-08-15,1320638.7579532044
2022-08-16,1322826.3109711045
2022-08-17,1324783.6164011543
2022-08-18,1321817.0286663526
2022-08-19,1320173.6167899077
2022-08-22,1322718.4780147735
2022-08-23,1321591.0071356543
2022-08-24,1313770.7164917619
2022-08-25,1315542.9015367795
2022-08-26,1314135.5313042917
2022-08-29,1312363.5562908978
2022-08-30,1312591.0685280394
2022-08-31,1308110.6634289562
2022-09-01,1306004.1990816293
2022-09-02,1307479.731592027
2022-09-05,1310927.4361862056
2022-09-06,1315220.7970266866
2022-09-07,1315455.5421791421
2022-09-08,1314369.0792381607
2022-09-09,1316419.7886578303
2022-09-13,1316319.51191393
2022-09-14,1310582.7152508514
2022-09-15,1306363.499165703
2022-09-16,1297834.5720545775
2022-09-19,1297307.2113141322
2022-09-20,1299913.7482181108
2022-09-21,1299838.0801349448
2022-09-22,1297591.9087060755
2022-09-23,1294184.0611651277
2022-09-26,1288623.4591442687
2022-09-27,1294132.9938201744
2022-09-28,1287381.6622276553
2022-09-29,1286142.7502215055
2022-09-30,1284049.2135434276
2022-10-10,1281610.292782275
2022-10-11,1284058.8589556203
2022-10-12,1290781.7733008852
2022-10-13,1290585.9052491097
2022-10-14,1299449.6862612832
2022-10-17,1297457.1600720733
2022-10-18,1298520.8636128502
2022-10-19,1295466.1219518716
2022-10-20,1291439.7417053403
2022-10-21,1291293.2997361878
2022-10-24,1286005.8621185138
2022-10-25,1284425.2501391403
2022-10-26,1287124.85125715
2022-10-27,1286382.0374747296
2022-10-28,1278823.9932218133
2022-10-31,1277129.6729927256
2022-11-01,1283087.2306641378
2022-11-02,1286284.1130629226
2022-11-03,1284711.2444600477
2022-11-04,1291554.0025012293
2022-11-07,1292962.4916648094
2022-11-08,1292210.7452394366
2022-11-09,1295587.9201922875
2022-11-10,1292284.7792469051
2022-11-11,1298770.0469067146
2022-11-14,1293561.5188941234
2022-11-15,1297276.7195856925
2022-11-16,1293980.2386070054
2022-11-17,1292825.462532609
2022-11-18,1290832.3108572701
2022-11-21,1290716.8510556335
2022-11-22,1290235.4144934486
2022-11-23,1292430.7942810298
2022-11-24,1294657.2142345498
2022-11-25,1294999.7490672767
2022-11-28,1291307.5185551387
2022-11-29,1296378.6775292049
2022-11-30,1296709.5474355433
2022-12-01,1300191.7490854557
2022-12-02,1300048.6997042398
2022-12-05,1301707.5622731664
2022-12-06,1299280.7997189448
2022-12-07,1297591.682693833
2022-12-08,1298531.4073723955
2022-12-09,1299061.8967719807
2022-12-12,1295745.2300600118
2022-12-13,1292901.2829148627
2022-12-14,1295047.058087528
2022-12-15,1293903.8493631126
2022-12-16,1291756.9732471916
2022-12-19,1288687.748629986
2022-12-20,1284605.3705910186
2022-12-21,1285416.6918274504
2022-12-22,1284005.1156630141
2022-12-23,1281516.2547501614
2022-12-26,1284361.2555097244
2022-12-27,1289042.2995566654
2022-12-28,1288564.822980827
2022-12-29,1287332.7849528724
2022-12-30,1290605.9580577805
2023-01-03,1292977.1154269546
2023-01-04,1295409.1123105579
2023-01-05,1299567.5134445569
2023-01-06,1298119.7968500596
2023-01-09,1301511.1780137194
2023-01-10,1300900.9970721374
2023-01-11,1299767.8828472935
2023-01-12,1300606.8691749687
2023-01-13,1304121.0377768287
2023-01-16,1308402.4845349332
2023-01-17,1309880.627828932
2023-01-18,1310132.0336466758
2023-01-19,1312686.2294906052
2023-01-20,1317335.2384842106
2023-01-30,1319712.9799619247
2023-01-31,1316557.125056671
2023-02-01,1321966.4309100893
2023-02-02,1323842.6172417274
2023-02-03,1319775.085155018
2023-02-06,1313590.7703689104
2023-02-07,1314450.9276429547
2023-02-08,1313448.5933888762
2023-02-09,1318394.6417662592
2023-02-10,1315743.883456833
2023-02-13,1319212.462446227
2023-02-14,1320480.9633972533
2023-02-15,1318369.745872029
2023-02-16,1315170.1485622267
2023-02-17,1308271.7719126032
2023-02-20,1316241.705935505
2023-02-21,1317283.6975189762
2023-02-22,1315412.5170649963
2023-02-23,1315380.7227162593
2023-02-24,1313660.5868969087
2023-02-27,1310570.3608276532
2023-02-28,1312956.2001197143
2023-03-01,1316537.0575859123
2023-03-02,1315264.5151442273
2023-03-03,1317625.0418131356
2023-03-06,1320066.753068542
2023-03-07,1316363.1961204833
2023-03-08,1314777.4594309987
2023-03-09,1314370.1637173293
2023-03-10,1310340.7028495832
2023-03-13,1313584.7908529122
2023-03-14,1312749.7999657958
2023-03-15,1315422.3768917124
2023-03-16,1313303.2156925793
2023-03-17,1317285.99247098
2023-03-20,1319880.233112199
2023-03-21,1321417.6540068446
2023-03-22,1322253.5675769774
2023-03-23,1323454.8460235468
2023-03-24,1323293.7629628787
2023-03-27,1322870.8356658833
2023-03-28,1321307.3985390346
2023-03-29,1321028.1367806667
2023-03-30,1323169.7746015533
2023-03-31,1325704.180260739
2023-04-03,1328318.1653849895
2023-04-04,1329565.022798846
2023-04-06,1329719.9246130902
2023-04-07,1331820.43593175
2023-04-10,1330810.041967937
2023-04-11,1331862.9318241267
2023-04-12,1333248.180468827
2023-04-13,1331785.5226633823
2023-04-14,1333092.7114946488
2023-04-17,1334655.9787477874
2023-04-18,1335060.734575462
2023-04-19,1334354.703096587
2023-04-20,1333554.7830481892
2023-04-21,1329402.0445377668
2023-04-24,1327406.9725774806
2023-04-25,1326787.0134000059
2023-04-26,1328080.9165292124
2023-04-27,1330706.777467428
2023-04-28,1333581.5352885216
2023-05-04,1336286.1639473054
2023-05-05,1336679.088061155
2023-05-08,1339005.234143771
2023-05-09,1337034.7263730278
2023-05-10,1337006.2216827306
2023-05-11,1338833.1122582399
2023-05-12,1334871.2802872518
2023-05-15,1337984.3890597776
2023-05-16,1336420.9455049457
2023-05-17,1336282.6037303295
2023-05-18,1336878.4716580354
2023-05-19,1337271.9029180016
2023-05-22,1338767.2832275087
2023-05-23,1338681.0631831696
2023-05-24,1335730.4306811492
2023-05-25,1334385.407660904
2023-05-26,1335170.6137697122
2023-05-29,1336230.2541038946
2023-05-30,1337536.835020518
2023-05-31,1336789.8121713817
2023-06-01,1338355.66243591
2023-06-02,1341048.6162410667
2023-06-05,1340559.8971583617
2023-06-06,1338109.2608835073
2023-06-07,1338209.3413308305
2023-06-08,1337355.391356538
2023-06-09,1340827.5410072014
2023-06-12,1342329.4519295013
2023-06-13,1345632.487625718
2023-06-14,1345354.8997024393
2023-06-15,1346673.0602674582
2023-06-16,1347744.3177273057
2023-06-19,1345207.6864483787
2023-06-20,1344610.5047538714
2023-06-21,1340042.2811293385
2023-06-26,1335398.9372275341
2023-06-27,1337335.112461837
2023-06-28,1337611.8744560818
2023-06-29,1337406.924333612
2023-06-30,1340917.2965436913
2023-07-03,1345632.0923300784
2023-07-04,1345272.5337345346
2023-07-05,1344448.4155159194
2023-07-06,1343116.2524417057
2023-07-07,1341809.8743321083
2023-07-10,1342814.896402135
2023-07-11,1345186.7545545152
2023-07-12,1343060.6870927592
2023-07-13,1349237.269421942
2023-07-14,1348475.847184096
2023-07-17,1347409.627193481
2023-07-18,1348326.3394892514
2023-07-19,1350939.0245729445
2023-07-20,1347559.0920783735
2023-07-21,1346902.7246495557
2023-07-24,1345768.9486326273
2023-07-25,1350201.9399745483
2023-07-26,1350389.8812461612
2023-07-27,1351281.123347897
2023-07-28,1355348.638465919
2023-07-31,1357569.688709187
2023-08-01,1357745.0590355098
2023-08-02,1355123.0768480923
2023-08-03,1356056.671959843
2023-08-04,1358298.4220178165
2023-08-07,1355553.0794041238
2023-08-08,1355002.5883752496
2023-08-09,1353538.3164133043
2023-08-10,1353064.610344182
2023-08-11,1348221.5759939235
2023-08-14,1346817.9842296534
2023-08-15,1348912.361604442
2023-08-16,1347034.002481762
2023-08-17,1347733.8996452074
2023-08-18,1343956.9428024113
2023-08-21,1341828.3029682257
2023-08-22,1343198.9661368656
2023-08-23,1339533.8830187395
2023-08-24,1342583.2756519336
2023-08-25,1337594.086168176
2023-08-28,1340534.186234213
2023-08-29,1344360.7388056037
2023-08-30,1346771.7686428907
2023-08-31,1346042.3349642162
2023-09-01,1346617.2203507354
2023-09-04,1349884.125395085
2023-09-05,1348266.5081919958
2023-09-06,1346965.356746207
2023-09-07,1340563.5177469805
2023-09-08,1341155.2977529736
2023-09-11,1343379.9551035375
2023-09-12,1343276.3126950406
2023-09-13,1341809.0248370785
2023-09-14,1343608.4446545648
2023-09-15,1341248.4557144847
2023-09-18,1339719.6443389507
2023-09-19,1340109.1196476577
2023-09-20,1340114.5557631399
2023-09-21,1336706.334997968
2023-09-22,1339682.316241925
2023-09-25,1339128.602396192
2023-09-26,1336688.3147432616
2023-09-27,1333516.0946155146
2023-09-28,1334590.5919062656
2023-10-09,1333779.7828784443
2023-10-10,1329778.1745845473
2023-10-11,1329140.074430658
2023-10-12,1333804.6585831703
2023-10-13,1332086.0389230603
2023-10-16,1330196.8426695724
2023-10-17,1331431.903422155
2023-10-18,1328210.793816907
2023-10-19,1320360.1120259108
2023-10-20,1318944.913570182
2023-10-23,1312016.9386960631
2023-10-24,1316274.8460098796
2023-10-25,1318118.426177981
2023-10-26,1319405.8194346845
2023-10-27,1325087.188636523
2023-10-30,1327532.213790827
2023-10-31,1326465.9330290637
2023-11-01,1325978.6780868245
2023-11-02,1326670.4484295882
2023-11-03,1329104.8025848656
2023-11-06,1333941.4629529358
2023-11-07,1333247.3917696602
2023-11-08,1332961.3873347624
2023-11-09,1332369.3599025889
2023-11-10,1330913.2014491889
2023-11-13,1333092.6229324443
2023-11-14,1334424.4566054624
2023-11-15,1338275.2562754385
2023-11-16,1334432.1247301674
2023-11-17,1334891.4973477796
2023-11-20,1333430.5034943349
2023-11-21,1333310.9910012763
2023-11-22,1327579.3235536343
2023-11-23,1328199.318864849
2023-11-24,1326502.9045996736
2023-11-27,1326040.0740476833
2023-11-28,1327491.5001853448
2023-11-29,1324899.4760138653
2023-11-30,1325644.587338798
2023-12-01,1326648.1898082378
2023-12-04,1326526.3166567476
2023-12-05,1317948.1506221232
2023-12-06,1319533.3391622822
2023-12-07,1319120.065783409
2023-12-08,1321463.807431229
2023-12-11,1325469.650726752
2023-12-12,1326284.3228282253
2023-12-13,1323384.0215555064
2023-12-14,1323621.0739099393
2023-12-15,1321449.9913234517
2023-12-18,1319660.9390321772
2023-12-19,1319966.8965228035
2023-12-20,1316814.9919321677
2023-12-21,1318702.7246805553
2023-12-22,1319969.4873882462
2023-12-25,1321001.3216743625
2023-12-26,1319191.8138216643
2023-12-27,1322466.2302394807
2023-12-28,1330101.1033748097
2023-12-29,1333220.1601363518
2024-01-02,1331868.7405585677
2024-01-03,1330305.3270198817
2024-01-04,1328684.0503925711
2024-01-05,1327334.0752896299
2024-01-08,1322039.1186698414
2024-01-09,1324796.7761979706
2024-01-10,1322803.695855508
2024-01-11,1325671.7106669617
2024-01-12,1325349.5085153307
2024-01-15,1325853.2367807934
2024-01-16,1325575.5972354144
2024-01-17,1318641.747740171
2024-01-18,1319301.514380442
2024-01-19,1320668.4448626228
2024-01-22,1313294.2992560705
2024-01-23,1315176.8561954303
2024-01-24,1318683.830759862
2024-01-25,1326323.9167500897
2024-01-26,1326721.3404200755
2024-01-29,1323751.1458136402
2024-01-30,1322177.443043233
2024-01-31,1318522.0479217772
2024-02-01,1317168.7094298482
2024-02-02,1315525.423464483
2024-02-05,1314378.084217263
2024-02-06,1325066.9544920335
2024-02-07,1330603.1852281329
2024-02-08,1335822.3644648867
2024-02-19,1338246.205430814
2024-02-20,1340114.6795236175
2024-02-21,1341928.7222775493
2024-02-22,1345470.3191228323
2024-02-23,1347414.8811440354
2024-02-26,1344632.3145181541
2024-02-27,1347727.4222377234
2024-02-28,1343297.2412801266
2024-02-29,1348223.5854156557
2024-03-01,1350544.5487336137
2024-03-04,1353520.9953224545
2024-03-05,1355068.9857805779
2024-03-06,1356803.7216988383
2024-03-07,1357337.5784416911
2024-03-08,1359510.472508507
2024-03-11,1361658.3635907674
2024-03-12,1359190.266851083
2024-03-13,1358217.607497409
2024-03-14,1357205.25787933
2024-03-15,1359120.0736636694
2024-03-18,1361184.2452381835
2024-03-19,1360584.5158650721
2024-03-20,1362037.5465556644
2024-03-21,1366095.1274839216
2024-03-22,1363126.846383884
2024-03-25,1361105.9124494884
2024-03-26,1361750.5552726472
2024-03-27,1359418.7054514193
2024-03-28,1361442.4529954633
2024-03-29,1366970.4237669013
2024-04-01,1371412.747031504
2024-04-02,1371466.6826413982
2024-04-03,1373439.7535222468
2024-04-08,1375480.2100645476
2024-04-09,1377449.6975104874
2024-04-10,1376390.5602063397
2024-04-11,1376126.8144598238
2024-04-12,1380268.664048365
2024-04-15,1381005.3720422112
2024-04-16,1375950.5968546143
2024-04-17,1381472.632185242
2024-04-18,1382309.474445842
2024-04-19,1380537.4538559555
2024-04-22,1376519.6870844883
2024-04-23,1374069.6670160948
2024-04-24,1375056.614279819
2024-04-25,1375460.6515355785
2024-04-26,1378591.8710309924
2024-04-29,1377371.5944348911
2024-04-30,1379085.7172076462
2024-05-06,1384404.0990999502
2024-05-07,1387082.8696569984
2024-05-08,1385400.294615723
2024-05-09,1388770.684091983
2024-05-10,1391114.2498835516
2024-05-13,1391321.0996592764
2024-05-14,1391168.8152991096
2024-05-15,1390246.1031664612
2024-05-16,1392562.1845163533
2024-05-17,1394503.4823813145
2024-05-20,1400163.1743775075
2024-05-21,1397860.3280029683
2024-05-22,1399181.7031210756
2024-05-23,1393685.0245627828
2024-05-24,1389020.7722785017
2024-05-27,1393934.6571300689
2024-05-28,1392528.9278230367
2024-05-29,1393194.3505085383
2024-05-30,1390535.1291242244
2024-05-31,1389673.8683356647
2024-06-03,1387986.421987203
2024-06-04,1391098.4836174424
2024-06-05,1388674.3820766776
2024-06-06,1389824.485760832
2024-06-07,1389471.934846372
2024-06-11,1385266.6704469044
2024-06-12,1387778.129564586
2024-06-13,1386765.4026585284
2024-06-14,1387805.271261882
2024-06-17,1387260.8060057915
2024-06-18,1389753.8597821782
2024-06-19,1387531.7812059382
2024-06-20,1384881.320935468
2024-06-21,1381946.9629802345
2024-06-24,1374579.599196552
2024-06-25,1372975.2797235826
2024-06-26,1379522.8725553607
2024-06-27,1376583.1259623277
2024-06-28,1380005.6649727793
2024-07-01,1382417.2396941646
2024-07-02,1382049.8960254537
2024-07-03,1382493.1830149556
2024-07-04,1379382.47776985
2024-07-05,1379891.3744760333
2024-07-08,1374536.8102940398
2024-07-09,1381118.4014393862
2024-07-10,1377947.0897877505
2024-07-11,1383459.5064128833
2024-07-12,1380509.9701100031
2024-07-15,1382364.3847514207
2024-07-16,1384081.6378935424
2024-07-17,1382505.7295714724
2024-07-18,1383032.3609661122
2024-07-19,1380542.1996449218
2024-07-22,1379112.3956501542
2024-07-23,1371444.1339126674
2024-07-24,1367386.2959171503
2024-07-25,1362046.105491611
2024-07-26,1365672.8083852516
2024-07-29,1365414.5526400506
2024-07-30,1363631.4499618944
2024-07-31,1373095.7061843658
2024-08-01,1374512.2950152254
2024-08-02,1370567.7647971339
2024-08-05,1360534.4324871565
2024-08-06,1360626.7052597124
2024-08-07,1362368.7551428033
2024-08-08,1361042.7169899782
2024-08-09,1359605.481827113
2024-08-12,1355694.100216387
2024-08-13,1360191.8361518516
2024-08-14,1358331.7031255064
2024-08-15,1359470.1161979442
2024-08-16,1359032.3271663177
2024-08-19,1361119.2746955703
2024-08-20,1356531.0041543941
2024-08-21,1354277.7548976985
2024-08-22,1353635.5481147394
2024-08-23,1354519.9301612286
2024-08-26,1356207.5253045259
2024-08-27,1352828.6775676901
2024-08-28,1351985.9261967517
2024-08-29,1351244.605268405
2024-08-30,1356932.1168131027
2024-09-02,1352291.0389126104
2024-09-03,1354356.8595953528
2024-09-04,1350442.27733693
2024-09-05,1353260.1124301893
2024-09-06,1349973.2311212344
2024-09-09,1345235.8745505838
2024-09-10,1346233.2378966284
2024-09-11,1345640.2483938916
2024-09-12,1344963.834020318
2024-09-13,1345073.5838054244
2024-09-18,1346295.981740544
2024-09-19,1348953.7789488358
2024-09-20,1349482.9994601903
2024-09-23,1351896.6020706617
2024-09-24,1370179.458333409
2024-09-25,1378156.7244498194
2024-09-26,1392557.0866516577
2024-09-27,1405293.7003613682
2024-09-30,1438744.9974438262
2024-10-08,1458636.3112171835
2024-10-09,1435083.4627680317
2024-10-10,1441855.7933314666
2024-10-11,1435292.9557058874
2024-10-14,1444782.974086948
2024-10-15,1440556.7061809814
2024-10-16,1442897.5597329834
2024-10-17,1442846.882552399
2024-10-18,1450916.2930067286
2024-10-21,1454208.7595411893
2024-10-22,1454316.3407967314
2024-10-23,1455314.083876873
2024-10-24,1450631.540560239
2024-10-25,1453951.8848207742
2024-10-28,1456704.277662112
2024-10-29,1455042.7104045595
2024-10-30,1456473.134586708
2024-10-31,1455358.0869037549
2024-11-01,1453545.604922952
2024-11-04,1456622.1152113427
2024-11-05,1462939.7915436532
2024-11-06,1464486.867782738
2024-11-07,1468781.3672054338
2024-11-08,1468388.0760565405
2024-11-11,1472385.2185194674
2024-11-12,1468528.0317399302
2024-11-13,1468700.142743692
2024-11-14,1460346.4662745043
2024-11-15,1455774.8469964832
2024-11-18,1455461.4879888664
2024-11-19,1460770.9625874239
2024-11-20,1463806.7285595317
2024-11-21,1465621.6714920213
2024-11-22,1461250.2427736751
2024-11-25,1460269.614873414
2024-11-26,1457805.9204451013
2024-11-27,1462835.4870250563
2024-11-28,1461141.4452201894
2024-11-29,1465806.6215374907
2024-12-02,1469351.3211380956
2024-12-03,1472816.3563491662
2024-12-04,1472538.2052283015
2024-12-05,1474107.5205338963
2024-12-06,1476165.5791630028
2024-12-09,1478281.691448204
2024-12-10,1482631.779901358
2024-12-11,1484757.9848509363
2024-12-12,1490611.781985659
2024-12-13,1489304.0015801713
2024-12-16,1488907.2843159859
2024-12-17,1487129.1777240273
2024-12-18,1489300.4452383902
2024-12-19,1484925.839232126
2024-12-20,1485580.5102711485
2024-12-23,1488756.1750273295
2024-12-24,1490011.2127227574
2024-12-25,1489379.892916762
2024-12-26,1490484.3610448998
2024-12-27,1492176.8022555753
2024-12-30,1489286.9813087543
2024-12-31,1485408.6177923726
2025-01-02,1481531.401720653
2025-01-03,1479862.4148690295
2025-01-06,1480615.5554505205
2025-01-07,1481847.368780023
2025-01-08,1481266.3894725342
2025-01-09,1478842.6734123519
2025-01-10,1474553.447208463
2025-01-13,1470859.6008193942
2025-01-14,1481524.5497066325
2025-01-15,1480951.5195220758
2025-01-16,1484436.2950361795
2025-01-17,1485605.6035583557
2025-01-20,1488505.6868113764
2025-01-21,1489002.922478432
2025-01-22,1487875.9397730585
2025-01-23,1487501.6506923174
2025-01-24,1490505.0773595725
2025-01-27,1490041.50097697
2025-02-05,1492808.1077180987
2025-02-06,1499469.9161257788
2025-02-07,1503803.123957672
2025-02-10,1504575.2137315366
2025-02-11,1503939.9300142927
2025-02-12,1507293.686667887
2025-02-13,1506601.7725730077
2025-02-14,1508838.6657432003
2025-02-17,1506990.1594747992
2025-02-18,1503228.078671903
2025-02-19,1509598.5022728837
2025-02-20,1508099.7198114588
2025-02-21,1510044.8339393665
2025-02-24,1505934.256315683
2025-02-25,1501942.2637456947
2025-02-26,1505707.8952855174
2025-02-27,1505501.2880661455
2025-02-28,1491580.3427856609
2025-03-03,1495326.0800358276
2025-03-04,1496039.6543658918
2025-03-05,1500184.2280566026
2025-03-06,1504748.5705337487
2025-03-07,1499824.1731040191
2025-03-10,1497974.0058362107
2025-03-11,1494678.4432597945
2025-03-12,1496914.8982528339
2025-03-13,1495514.8213033294
2025-03-14,1506376.1480085608
2025-03-17,1505600.1424658853
2025-03-18,1508498.267797111
2025-03-19,1508345.9377439462
2025-03-20,1506890.0448127429
2025-03-21,1498932.4048292113
2025-03-24,1499958.3958107182
2025-03-25,1502044.1956001446
2025-03-26,1502993.2973857555
2025-03-27,1503835.2889108746
2025-03-28,1503181.2442243453
2025-03-31,1499689.522110542
2025-04-01,1502579.0293791112
2025-04-02,1504272.3750269155
2025-04-03,1504345.7780092799
2025-04-07,1459925.2426469803
2025-04-08,1468542.4782139098
2025-04-09,1474181.6684571344
2025-04-10,1486939.220492689
2025-04-11,1489423.9416625453
2025-04-14,1492441.2061427038
2025-04-15,1492503.154282603
2025-04-16,1494946.1248179427
2025-04-17,1495942.162087992
2025-04-18,1496150.1727342254
2025-04-21,1499597.0599208348
2025-04-22,1504202.9750673044
2025-04-23,1497799.7671718034
2025-04-24,1497941.288627892
2025-04-25,1499467.1106092876
2025-04-28,1497155.0759290096
2025-04-29,1498891.826759366
2025-04-30,1497600.4132697575
2025-05-06,1504032.9998905417
2025-05-07,1506628.6471186578
2025-05-08,1510786.3498147987
2025-05-09,1509615.3678831342
2025-05-12,1512390.7725617818
2025-05-13,1512851.6683216447
2025-05-14,1515509.192578656
2025-05-15,1508024.2799462925
2025-05-16,1507589.02717969
2025-05-19,1508151.089215464
2025-05-20,1510897.9804867508
2025-05-21,1514804.880763566
2025-05-22,1513378.0570958361
2025-05-23,1510465.1158821643
2025-05-26,1508773.840172747
2025-05-27,1506712.281892829
2025-05-28,1507579.8126004066
2025-05-29,1509341.6535849946
2025-05-30,1508877.424353869
2025-06-03,1512518.7508499194
2025-06-04,1516168.7711900075
2025-06-05,1517186.6857624045
2025-06-06,1517648.5965227655
2025-06-09,1519351.0181094853
2025-06-10,1517577.1227413756
2025-06-11,1520197.5115977197
2025-06-12,1521052.2113773318
2025-06-13,1517889.0489891109
2025-06-16,1520022.8528444737
2025-06-17,1520202.999887067
2025-06-18,1520940.589601057
2025-06-19,1517506.1132046045
2025-06-20,1517155.7309772084
2025-06-23,1518993.4410961135
2025-06-24,1522934.6483937423
2025-06-25,1528159.1407220128
2025-06-26,1528011.4514261163
2025-06-27,1527201.542105847
2025-06-30,1528595.9351851405
2025-07-01,1531276.4875222454
2025-07-02,1530726.9788267277
2025-07-03,1533741.7906083283
2025-07-04,1534998.7019633362
2025-07-07,1533531.3079338789
2025-07-08,1537236.945300207
2025-07-09,1536315.8658524032
2025-07-10,1538237.544729769
2025-07-11,1537925.9760314405
2025-07-14,1537234.3273161857
2025-07-15,1538453.7507094666
2025-07-16,1537810.1744382055
2025-07-17,1541767.985775958
2025-07-18,1544044.0612209255
2025-07-21,1547009.157069252
2025-07-22,1549501.455278165
2025-07-23,1549356.6878014305
2025-07-24,1550190.3441173714
2025-07-25,1549355.0968196818
2025-07-28,1550213.8106344705
2025-07-29,1550264.1550371011
2025-07-30,1550013.292828487
2025-07-31,1545103.2086496032
2025-08-01,1543258.5461928502
2025-08-04,1546010.5331137069
2025-08-05,1551342.2861399616
2025-08-06,1553390.0633823539
2025-08-07,1554357.8672186858
2025-08-08,1554906.4425780564
2025-08-11,1556310.8495176036
2025-08-12,1557108.7617844583
2025-08-13,1562784.060475044
2025-08-14,1560142.5457163698
2025-08-15,1564746.9790552396
2025-08-18,1567540.2866327502
2025-08-19,1566682.1108245854
2025-08-20,1568732.571633353
2025-08-21,1570676.1585832983
2025-08-22,1575862.9043704984
2025-08-25,1585058.3987579094
2025-08-26,1584132.9855233235
2025-08-27,1576561.7150512368
2025-08-28,1581223.609180918
2025-08-29,1582780.3186698877
2025-09-01,1585914.5543083013
2025-09-02,1582855.9008176005
2025-09-03,1583137.3972572787
2025-09-04,1578489.6351958315
2025-09-05,1586732.3368030116
2025-09-08,1588516.7397423992
2025-09-09,1587655.4510155872
2025-09-10,1587216.858843117
2025-09-11,1594569.5272330614
2025-09-12,1594272.4109479699
2025-09-15,1594408.2412185736
2025-09-16,1596705.658262826
2025-09-17,1599294.8382404794
2025-09-18,1593237.705422601
2025-09-19,1592804.7753177264
2025-09-22,1596360.6233587489
2025-09-23,1598064.4388865072
2025-09-24,1601348.5706428569
2025-09-25,1601410.4247944467
2025-09-26,1599334.7791603012
2025-09-29,1605777.0223801697
2025-09-30,1610253.4726989565
2025-10-09,1621390.0007931697
2025-10-10,1614951.1172633253
2025-10-13,1615053.7467544486
2025-10-14,1611483.8621650515
2025-10-15,1617769.1909450341
2025-10-16,1618343.197448547
2025-10-17,1613977.3490892977
2025-10-20,1614719.4382944487
2025-10-21,1621861.4976382742
2025-10-22,1618987.3679976068
2025-10-23,1619081.3492466714
2025-10-24,1622752.3251680657
2025-10-27,1628972.940829103
2025-10-28,1628192.4586101063
2025-10-29,1634304.667388838
2025-10-30,1631908.0308882392
2025-10-31,1630225.6766963352
2025-11-03,1631531.125480256
2025-11-04,1627945.369837466
2025-11-05,1628081.8245262397
2025-11-06,1632570.7990730554
2025-11-07,1631395.8534232373
2025-11-10,1635064.4756528735
2025-11-11,1634820.784852926
2025-11-12,1635502.6916576468
2025-11-13,1639671.7516382462
2025-11-14,1632946.967840671
2025-11-17,1629575.741726522
2025-11-18,1623742.7881716301
2025-11-19,1624735.6476192258
2025-11-20,1626646.0706439523
2025-11-21,1616213.5901830662
2025-11-24,1616718.0688282584
2025-11-25,1621414.7602596085
2025-11-26,1620743.3878493276
2025-11-27,1620015.3590336347
2025-11-28,1622783.739165708
2025-12-01,1626037.360065689
2025-12-02,1623945.6963824946
2025-12-03,1622846.7268525483
2025-12-04,1621437.4307789765
2025-12-05,1624275.854780429
2025-12-08,1625841.5958493443
2025-12-09,1623604.8038809472
2025-12-10,1624527.5269722592
2025-12-11,1622110.2246044963
2025-12-12,1624282.9481109777
2025-12-15,1622464.681527701
2025-12-16,1617251.9164227261
2025-12-17,1623930.3519409185
2025-12-18,1623144.4913614497
2025-12-19,1626116.9387526752
2025-12-22,1629803.5980591392
2025-12-23,1632343.0200261227
2025-12-24,1633841.1307378928
2025-12-25,1634462.9273415115
2025-12-26,1636097.147348104
2025-12-29,1632712.1781926025
2025-12-30,1632247.7233662214
2025-12-31,1631004.6254667377
2026-01-05,1637029.0200390457
2026-01-06,1640102.652631891
2026-01-07,1639373.1846424788
2026-01-08,1639216.6783389882
2026-01-09,1642475.7251077702
2026-01-12,1647947.8371474964
2026-01-13,1645866.3316154382
2026-01-14,1647196.1081286804
2026-01-15,1647588.81902819
2026-01-16,1647991.7154512228
2026-01-19,1648970.6923056652
2026-01-20,1648808.5374104036
2026-01-21,1651981.3122995952
2026-01-22,1654285.9584796962
2026-01-23,1658625.523584466
2026-01-26,1658061.2701684467
2026-01-27,1658941.5287348882
2026-01-28,1662438.689237464
2026-01-29,1665893.6978083868
2026-01-30,1658032.6108944367
2026-02-02,1643298.3523504925
2026-02-03,1651545.023481096
2026-02-04,1653568.535032805
2026-02-05,1650702.843121733
2026-02-06,1649462.8492208372
2026-02-09,1657198.7861860269
2026-02-10,1656806.0487390412
2026-02-11,1657167.6259612306
2026-02-12,1658558.098000962
2026-02-13,1655197.949807126
2026-02-24,1658851.6425039575
2026-02-25,1659804.7381801743
2026-02-26,1657687.6033237402
2026-02-27,1657990.5718406872
2026-03-02,1660140.0369850209
2026-03-03,1653145.2449743454
2026-03-04,1649844.4529074586
2026-03-05,1652834.5449122656
2026-03-06,1654194.2524442675
2026-03-09,1649020.6059976905
2026-03-10,1654142.32753513
2026-03-11,1656145.3649095665
2026-03-12,1654220.8036332547
2026-03-13,1651831.7744325981
