trade_date,nav_satellite_full
2018-01-03,998674.7804904099
2018-01-04,999946.366404441
2018-01-05,1003022.537842691
2018-01-08,1007785.0525517903
2018-01-09,1009531.0594105572
2018-01-10,1008653.8320195496
2018-01-11,1008195.1335469015
2018-01-12,1011192.3023146861
2018-01-15,1008220.8359129964
2018-01-16,1010167.0800097537
2018-01-17,1008973.2520116905
2018-01-18,1010488.2777830331
2018-01-19,1011411.285064191
2018-01-22,1016042.2717580275
2018-01-23,1021033.7072409501
2018-01-24,1025451.0527294073
2018-01-25,1024342.7766572468
2018-01-26,1024401.0760737478
2018-01-29,1018665.1438831816
2018-01-30,1013315.6990521807
2018-01-31,1010339.0301042206
2018-02-01,1003028.5650360653
2018-02-02,1005090.5742375172
2018-02-05,1003872.3640816499
2018-02-06,987086.2689305089
2018-02-07,984541.1556194801
2018-02-08,983179.2682823
2018-02-09,969253.4232974893
2018-02-12,976390.1292302505
2018-02-13,979781.5496288891
2018-02-14,982160.3898750085
2018-02-22,987638.029759573
2018-02-23,989285.0193616191
2018-02-26,996134.684446261
2018-02-27,994955.8972141863
2018-02-28,992656.6256903287
2018-03-01,996227.4378593902
2018-03-02,994105.739723984
2018-03-05,994410.4799283914
2018-03-06,999000.9267198455
2018-03-07,995815.584728591
2018-03-08,998880.8629582941
2018-03-09,1001320.1682426431
2018-03-12,1004565.1307362005
2018-03-13,1002723.6384540364
2018-03-14,1000028.3190723346
2018-03-15,999192.8272693008
2018-03-16,997625.267169369
2018-03-19,999041.9639782495
2018-03-20,999550.2730263269
2018-03-21,997653.121712207
2018-03-22,996955.9484306943
2018-03-23,986528.4045228532
2018-03-26,989801.8283988644
2018-03-27,993443.3307730879
2018-03-28,988996.6974817982
2018-03-29,988777.2352230526
2018-03-30,992855.6217918969
2018-04-02,992836.7383945404
2018-04-03,990937.2763139035
2018-04-04,990209.793960304
2018-04-09,991600.8011931274
2018-04-10,993398.9509565404
2018-04-11,995758.7857066198
2018-04-12,996372.4605916556
2018-04-13,995396.6695691097
2018-04-16,995239.3993321802
2018-04-17,991710.4030198484
2018-04-18,997858.2102426396
2018-04-19,997786.5818100136
2018-04-20,992362.7985020893
2018-04-23,989237.754822562
2018-04-24,995135.3444959566
2018-04-25,994457.389832699
2018-04-26,990425.0843141079
2018-04-27,992489.1977129935
2018-05-02,991619.0083504561
2018-05-03,994088.4796619057
2018-05-04,994244.5701716216
2018-05-07,998682.5471961322
2018-05-08,999105.5287589387
2018-05-09,999056.8456888616
2018-05-10,1000986.4495838813
2018-05-11,998315.3156884105
2018-05-14,997613.548907199
2018-05-15,999115.3817339527
2018-05-16,996438.6176265037
2018-05-17,995289.9664283256
2018-05-18,996707.1530782869
2018-05-21,999544.9048862417
2018-05-22,1000679.3856578657
2018-05-23,996804.1016424107
2018-05-24,996940.6496650068
2018-05-25,995871.2996157988
2018-05-28,993465.5216428889
2018-05-29,990129.6332417638
2018-05-30,982852.6115532847
2018-05-31,986702.2431034935
2018-06-01,984020.1644612817
2018-06-04,984915.9865187285
2018-06-05,988820.5558623252
2018-06-06,990021.671452953
2018-06-07,989682.6452063025
2018-06-08,985493.9965451976
2018-06-11,985872.2984933405
2018-06-12,987048.4273957894
2018-06-13,984392.4328080002
2018-06-14,983571.7056961586
2018-06-15,980972.0621643906
2018-06-19,968309.3808353549
2018-06-20,971190.6075410368
2018-06-21,967945.8759791373
2018-06-22,971341.8494803953
2018-06-25,971725.6413872142
2018-06-26,970604.8352906684
2018-06-27,966458.3020210837
2018-06-28,962537.002111654
2018-06-29,973885.8461606636
2018-07-02,969353.4706710839
2018-07-03,973434.3454356401
2018-07-04,970073.4515883441
2018-07-05,967033.8842040603
2018-07-06,969215.6229106332
2018-07-09,976399.8808832326
2018-07-10,977363.7254213725
2018-07-11,972357.9404643403
2018-07-12,977050.6801576864
2018-07-13,978564.970345551
2018-07-16,979160.8136565621
2018-07-17,979068.7606756907
2018-07-18,978134.9839949018
2018-07-19,978902.9180154582
2018-07-20,982346.5913200756
2018-07-23,985134.1905764972
2018-07-24,986787.1983689058
2018-07-25,986637.9013339669
2018-07-26,985549.0577300224
2018-07-27,983938.0328413487
2018-07-30,983085.7994288523
2018-07-31,982847.0393269032
2018-08-01,981309.127341718
2018-08-02,977164.5060069892
2018-08-03,977116.4748593986
2018-08-06,976063.237596164
2018-08-07,981851.476965392
2018-08-08,976226.6857760693
2018-08-09,979674.5911130107
2018-08-10,980227.6181575226
2018-08-13,980541.6908838546
2018-08-14,980426.1780158777
2018-08-15,975171.8415694947
2018-08-16,971532.6272462448
2018-08-17,964925.8970526769
2018-08-20,966451.1297521399
2018-08-21,969513.6897679539
2018-08-22,967167.6894628846
2018-08-23,970671.3355113335
2018-08-24,972420.8400864482
2018-08-27,978391.0516016134
2018-08-28,979906.3724818788
2018-08-29,978566.9106368641
2018-08-30,976745.698803248
2018-08-31,976381.8470960304
2018-09-03,974925.3641876718
2018-09-04,976529.0653350676
2018-09-05,972808.3019336181
2018-09-06,971056.35386021
2018-09-07,970547.5111163063
2018-09-10,966679.9726119743
2018-09-11,966423.9814854983
2018-09-12,967293.1640567083
2018-09-13,968863.9375763196
2018-09-14,967026.2959062856
2018-09-17,963841.518634184
2018-09-18,966710.4012606748
2018-09-19,970372.4826228246
2018-09-20,969634.5076587943
2018-09-21,976579.6572212676
2018-09-25,975395.7622188518
2018-09-26,978589.721142637
2018-09-27,974857.495857186
2018-09-28,978953.7428980863
2018-10-08,971681.6913309575
2018-10-09,971158.5268129514
2018-10-10,970108.8471141001
2018-10-11,954662.6124542379
2018-10-12,958959.1326451717
2018-10-15,957082.7890361183
2018-10-16,954253.058763433
2018-10-17,956969.3509163153
2018-10-18,950865.3126035156
2018-10-19,956514.2715696142
2018-10-22,964592.5963796964
2018-10-23,961049.3494739569
2018-10-24,962527.8457768799
2018-10-25,960895.0505579289
2018-10-26,960564.3391125826
2018-10-29,957057.1749373229
2018-10-30,957455.5389680696
2018-10-31,958990.3488241148
2018-11-01,962706.0630946174
2018-11-02,969655.2966902069
2018-11-05,969208.6059797783
2018-11-06,968832.1608758315
2018-11-07,969505.417066268
2018-11-08,969231.167853543
2018-11-09,966735.970880349
2018-11-12,970530.808055
2018-11-13,970841.1979897117
2018-11-14,971313.7577989544
2018-11-15,977466.0399388142
2018-11-16,980782.7901161937
2018-11-19,981625.73606952
2018-11-20,973882.34629733
2018-11-21,974215.1265458439
2018-11-22,973509.2865839974
2018-11-23,965226.5181276916
2018-11-26,965196.2154156597
2018-11-27,966262.6647071879
2018-11-28,968732.0399108002
2018-11-29,966900.973110321
2018-11-30,968004.6170771503
2018-12-03,973615.5372012232
2018-12-04,974939.3654409361
2018-12-05,973494.21649337
2018-12-06,970548.3601166203
2018-12-07,971956.6518421904
2018-12-10,971081.2811096038
2018-12-11,972271.3171792951
2018-12-12,971910.2886978129
2018-12-13,973920.9666275533
2018-12-14,968746.7863224344
2018-12-17,969480.7656336923
2018-12-18,968323.1232639063
2018-12-19,967065.4211364634
2018-12-20,964382.418339633
2018-12-21,964426.9084246652
2018-12-24,965812.1573780513
2018-12-25,964382.2715803715
2018-12-26,963860.1612083672
2018-12-27,962942.7223053589
2018-12-28,967441.3177937495
2019-01-02,963668.0205806334
2019-01-03,965447.8012174348
2019-01-04,970577.8909114331
2019-01-07,974919.9492854758
2019-01-08,974135.8590546476
2019-01-09,974735.1329791994
2019-01-10,974977.6961776476
2019-01-11,976068.7941304166
2019-01-14,972620.4945644562
2019-01-15,976550.7093485005
2019-01-16,976794.7941047505
2019-01-17,975331.5872576426
2019-01-18,977931.4808939152
2019-01-21,977834.4724902035
2019-01-22,975820.3710660524
2019-01-23,975289.3490239376
2019-01-24,977369.7126081599
2019-01-25,977777.4434503383
2019-01-28,977823.466062718
2019-01-29,976976.6560373596
2019-01-30,975725.8864411474
2019-01-31,975865.9813992076
2019-02-01,983438.0462534776
2019-02-11,989129.8857599216
2019-02-12,993050.3166763402
2019-02-13,997317.0012527629
2019-02-14,997498.8570914136
2019-02-15,996190.6745545951
2019-02-18,1005466.4362108638
2019-02-19,1005571.558947008
2019-02-20,1007341.5784967041
2019-02-21,1005492.9377399144
2019-02-22,1010294.2344454767
2019-02-25,1025544.6245628385
2019-02-26,1022556.7478728333
2019-02-27,1022725.2599944405
2019-02-28,1020605.4059431305
2019-03-01,1024896.85766337
2019-03-04,1027184.8817069471
2019-03-05,1030716.2609492473
2019-03-06,1034882.0163245244
2019-03-07,1033889.0749580134
2019-03-08,1023902.7926469541
2019-03-11,1032956.8517094372
2019-03-12,1037053.2767371308
2019-03-13,1032593.7452742304
2019-03-14,1026807.2215417133
2019-03-15,1030127.6171717745
2019-03-18,1037596.9408148727
2019-03-19,1039112.0712609949
2019-03-20,1038365.3517204748
2019-03-21,1041504.5968389462
2019-03-22,1042160.500485782
2019-03-25,1038797.9664206704
2019-03-26,1034289.0001461965
2019-03-27,1036099.6124330853
2019-03-28,1033777.4331727315
2019-03-29,1039548.7338488803
2019-04-01,1048512.6231078771
2019-04-02,1048634.3032777798
2019-04-03,1050756.405419385
2019-04-04,1052359.5401329591
2019-04-08,1050420.8924958117
2019-04-09,1050140.0256313602
2019-04-10,1047721.3613075205
2019-04-11,1046611.1524620012
2019-04-12,1043877.6726807776
2019-04-15,1040989.2805839207
2019-04-16,1045130.6367230316
2019-04-17,1045824.3390024266
2019-04-18,1043042.6165143332
2019-04-19,1045620.0960355307
2019-04-22,1042200.1682861556
2019-04-23,1039416.9525840306
2019-04-24,1040887.4918793535
2019-04-25,1035655.759189361
2019-04-26,1033795.518497961
2019-04-29,1031636.6768067919
2019-04-30,1036053.1497838333
2019-05-06,1020900.5096350563
2019-05-07,1023617.7844271833
2019-05-08,1020245.1732721727
2019-05-09,1018848.0655125035
2019-05-10,1026355.3235351404
2019-05-13,1025136.4530063242
2019-05-14,1023313.9715304404
2019-05-15,1027720.6538832904
2019-05-16,1030171.9686121829
2019-05-17,1026503.4583502932
2019-05-20,1023275.293487484
2019-05-21,1024444.1198063864
2019-05-22,1023530.0904943324
2019-05-23,1019706.0665226467
2019-05-24,1020189.0063011063
2019-05-27,1022545.5825677254
2019-05-28,1024326.0894031908
2019-05-29,1024302.0906512763
2019-05-30,1023749.6903742776
2019-05-31,1024688.8498338908
2019-06-03,1023711.9206021815
2019-06-04,1022182.4787907337
2019-06-05,1023767.6607298108
2019-06-06,1020838.1294826586
2019-06-10,1023659.1577476923
2019-06-11,1028482.052959093
2019-06-12,1027999.6133960327
2019-06-13,1027704.3133930617
2019-06-14,1027815.1950522275
2019-06-17,1025972.2786588194
2019-06-18,1027220.0911588598
2019-06-19,1030968.0016600064
2019-06-20,1039669.67240212
2019-06-21,1043066.8013291581
2019-06-24,1043291.5664609653
2019-06-25,1043307.8098403075
2019-06-26,1040428.2089839347
2019-06-27,1042671.8953156318
2019-06-28,1040741.7746355037
2019-07-01,1046087.4191884839
2019-07-02,1047281.1786468682
2019-07-03,1049772.0312213346
2019-07-04,1047036.5631715953
2019-07-05,1048418.9763212256
2019-07-08,1040786.7615661368
2019-07-09,1040309.2021872428
2019-07-10,1039111.4501282369
2019-07-11,1040973.581916326
2019-07-12,1041630.807645727
2019-07-15,1044185.3161150638
2019-07-16,1044300.0431910871
2019-07-17,1044190.641044293
2019-07-18,1041420.2595158763
2019-07-19,1044559.1119183187
2019-07-22,1040879.7557041711
2019-07-23,1042122.3182421427
2019-07-24,1044214.844233066
2019-07-25,1046459.5102615177
2019-07-26,1046617.7024788082
2019-07-29,1046375.184616255
2019-07-30,1047536.5386731271
2019-08-01,1044702.7829788536
2019-08-02,1044670.1410079545
2019-08-05,1044912.708394891
2019-08-06,1041256.4012053604
2019-08-07,1041267.0408639186
2019-08-08,1045734.1294564026
2019-08-09,1046081.5616620922
2019-08-12,1049800.53678516
2019-08-13,1047807.3502439237
2019-08-14,1048129.3374165839
2019-08-15,1048363.0310804754
2019-08-16,1049281.7944435438
2019-08-19,1055597.2736732035
2019-08-20,1054930.4458202797
2019-08-21,1054761.390272773
2019-08-22,1055487.757001188
2019-08-23,1055388.6806060998
2019-08-26,1054409.6463743704
2019-08-27,1058534.9791752705
2019-08-28,1058879.224718624
2019-08-29,1058275.3669797922
2019-08-30,1055748.663611152
2019-09-02,1060466.509268054
2019-09-03,1060574.4958214988
2019-09-04,1062648.683334791
2019-09-05,1066763.1920433666
2019-09-06,1068873.7194387608
2019-09-09,1072977.7778496873
2019-09-10,1069998.727713303
2019-09-11,1068033.777716587
2019-09-12,1069896.8691639046
2019-09-16,1069165.144245555
2019-09-17,1063429.6416043872
2019-09-18,1063269.1345892358
2019-09-19,1065772.881567401
2019-09-20,1067253.7057195073
2019-09-23,1063545.574097674
2019-09-24,1064091.012501185
2019-09-25,1059351.2572508687
2019-09-26,1056943.5054777807
2019-09-27,1057273.8557748962
2019-09-30,1054458.9124427736
2019-10-08,1055206.008949023
2019-10-09,1057063.9396380116
2019-10-10,1061109.995249933
2019-10-11,1063394.4059987082
2019-10-14,1067164.599876961
2019-10-15,1064809.7744734604
2019-10-16,1063744.3371466452
2019-10-17,1063878.7465110102
2019-10-18,1059399.9724022388
2019-10-21,1058552.6940541149
2019-10-22,1061156.4466035299
2019-10-23,1058879.6130736212
2019-10-24,1060470.9089498324
2019-10-25,1064288.889354741
2019-10-28,1068623.0857110333
2019-10-29,1067354.80200382
2019-10-30,1062887.3449795689
2019-10-31,1060696.5356420195
2019-11-01,1065060.9119550094
2019-11-04,1066788.6510139785
2019-11-05,1069513.098952986
2019-11-06,1067570.6588731566
2019-11-07,1070408.237212499
2019-11-08,1069456.4217271653
2019-11-11,1066958.3544310746
2019-11-12,1066169.4636798431
2019-11-13,1066669.985805374
2019-11-14,1067439.3054883103
2019-11-15,1066233.9291063554
2019-11-18,1071036.3989998314
2019-11-19,1076813.7225592681
2019-11-20,1074020.3419255882
2019-11-21,1073967.8022587756
2019-11-22,1071415.0095604227
2019-11-25,1071312.8442332987
2019-11-26,1073556.946696164
2019-11-27,1072812.29619538
2019-11-28,1072341.276271718
2019-11-29,1072750.0173766464
2019-12-02,1074402.4413038068
2019-12-03,1075103.0789069335
2019-12-04,1074804.1699324793
2019-12-05,1077257.9587818887
2019-12-06,1078187.6256518846
2019-12-09,1077669.7953678945
2019-12-10,1078323.3046773681
2019-12-11,1078205.8008661952
2019-12-12,1078728.0647680385
2019-12-13,1082594.4193295024
2019-12-16,1086800.5225781614
2019-12-17,1091150.9298957326
2019-12-18,1090493.360943443
2019-12-19,1090412.8860298714
2019-12-20,1090559.721841017
2019-12-23,1087939.0635242239
2019-12-24,1093220.9378120226
2019-12-25,1094253.1501439954
2019-12-26,1097736.361465621
2019-12-27,1098398.6956305155
2019-12-30,1100889.39674902
2019-12-31,1104292.642960318
2020-01-02,1108348.8331871042
2020-01-03,1109855.0091684107
2020-01-06,1111959.217276581
2020-01-07,1115550.5411833415
2020-01-08,1111819.961599636
2020-01-09,1116436.8288802966
2020-01-10,1118013.3216875244
2020-01-13,1120821.5905733954
2020-01-14,1120144.716922287
2020-01-15,1119186.6085800237
2020-01-16,1117672.2023696143
2020-01-17,1119290.0612448787
2020-01-20,1122250.4481256953
2020-01-21,1120856.0716520124
2020-01-22,1120849.3156264457
2020-01-23,1113624.3061003482
2020-02-03,1091039.4844714524
2020-02-04,1100316.8642786164
2020-02-05,1111914.735847186
2020-02-06,1123123.254189212
2020-02-07,1125877.3984181369
2020-02-10,1131835.389035086
2020-02-11,1135750.251619358
2020-02-12,1143941.6615121146
2020-02-13,1145222.5338861218
2020-02-14,1142142.9823946045
2020-02-17,1151729.611009784
2020-02-18,1152893.324189129
2020-02-19,1150347.4002672504
2020-02-20,1158474.8436006224
2020-02-21,1163413.723534159
2020-02-24,1166809.7443154496
2020-02-25,1165052.6737231736
2020-02-26,1156249.9155910322
2020-02-27,1155779.70292741
2020-02-28,1136029.6104452342
2020-03-02,1147639.0698235785
2020-03-03,1153205.8633839635
2020-03-04,1156294.602744712
2020-03-05,1162162.8866937454
2020-03-06,1157751.6390620891
2020-03-09,1143252.6128669153
2020-03-10,1147985.8038473788
2020-03-11,1142697.8729490147
2020-03-12,1133285.2039384951
2020-03-13,1122431.8382001626
2020-03-16,1099668.1757750895
2020-03-17,1092886.455462713
2020-03-18,1086692.4150473794
2020-03-19,1082647.1918834557
2020-03-20,1092777.3273499145
2020-03-23,1078428.572858027
2020-03-24,1093340.7186160707
2020-03-25,1106507.833825872
2020-03-26,1104010.9828682193
2020-03-27,1104765.5913323318
2020-03-30,1099503.5989808112
2020-03-31,1101151.070750639
2020-04-01,1098592.8878598763
2020-04-02,1105776.7932009175
2020-04-03,1103789.8733226103
2020-04-07,1117104.4905515444
2020-04-08,1117550.199309585
2020-04-09,1119950.3609786457
2020-04-10,1113625.9694141208
2020-04-13,1111211.7217899319
2020-04-14,1117918.0689140866
2020-04-15,1119700.5760808338
2020-04-16,1121676.049965066
2020-04-17,1124322.4367087854
2020-04-20,1126919.111346261
2020-04-21,1124083.9621722135
2020-04-22,1130708.557070368
2020-04-23,1132967.8806167094
2020-04-24,1131462.6841673478
2020-04-27,1133380.7024238699
2020-04-28,1133687.2076610944
2020-04-29,1137847.674936193
2020-04-30,1143513.1228996364
2020-05-06,1145604.708030516
2020-05-07,1140816.2654015017
2020-05-08,1143216.912312267
2020-05-11,1140219.0632156099
2020-05-12,1139641.1719167992
2020-05-13,1140504.9478028964
2020-05-14,1135267.967685126
2020-05-15,1135841.6181395708
2020-05-18,1134828.449841791
2020-05-19,1135445.6372644524
2020-05-20,1130143.3259981
2020-05-21,1125353.79270662
2020-05-22,1118956.2067917641
2020-05-25,1118804.937498544
2020-05-26,1123035.6859323322
2020-05-27,1117963.3423526192
2020-05-28,1118301.0951247665
2020-05-29,1119959.81920818
2020-06-01,1131437.621787373
2020-06-02,1130532.6548638328
2020-06-03,1128782.2651005618
2020-06-04,1129374.8353738703
2020-06-05,1129876.7826360755
2020-06-08,1129880.1183558595
2020-06-09,1133053.8873401505
2020-06-10,1133022.3692166891
2020-06-11,1132450.473671085
2020-06-12,1132836.9482363306
2020-06-15,1131048.9132997205
2020-06-16,1137301.9712462658
2020-06-17,1136992.1171534911
2020-06-18,1136286.01071497
2020-06-19,1141511.2892690906
2020-06-22,1144579.3084660268
2020-06-23,1143626.0508590243
2020-06-24,1144870.903259456
2020-06-29,1142058.2636282782
2020-06-30,1149835.2881228975
2020-07-01,1155771.412762418
2020-07-02,1164044.67462414
2020-07-03,1172999.9066501227
2020-07-06,1196435.1085821532
2020-07-07,1200717.6080244295
2020-07-08,1208890.7202576508
2020-07-09,1219539.923249416
2020-07-10,1212175.944864173
2020-07-13,1227401.8239908249
2020-07-14,1222780.281832896
2020-07-15,1213525.7499336486
2020-07-16,1190946.6122329936
2020-07-17,1191656.3225516556
2020-07-20,1203890.8387148364
2020-07-21,1211052.6233887998
2020-07-22,1217951.7561930474
2020-07-23,1219175.5860232594
2020-07-24,1197770.965086051
2020-07-27,1200534.4370073073
2020-07-28,1204229.876021003
2020-07-29,1215171.5121973604
2020-07-30,1213823.957917771
2020-07-31,1220793.052985903
2020-08-03,1229546.8595141233
2020-08-04,1229673.6451696302
2020-08-05,1236172.739029984
2020-08-06,1234799.1591838298
2020-08-07,1231457.952419499
2020-08-10,1231110.663280278
2020-08-11,1222906.5691255685
2020-08-12,1208483.431038745
2020-08-13,1213944.7903416436
2020-08-14,1219268.3532576687
2020-08-17,1228783.7438873565
2020-08-18,1234608.034679542
2020-08-19,1226188.75988728
2020-08-20,1217336.8926686652
2020-08-21,1222569.609101354
2020-08-24,1226727.5513429423
2020-08-25,1230337.2140549377
2020-08-26,1221042.5801465863
2020-08-27,1227796.887934566
2020-08-28,1236392.5582523278
2020-08-31,1241391.929134966
2020-09-01,1244975.773167932
2020-09-02,1246911.3911455437
2020-09-03,1245019.3729826438
2020-09-04,1234851.6636986881
2020-09-07,1219283.9594950636
2020-09-08,1224359.531888703
2020-09-09,1210659.2903312135
2020-09-10,1209379.3591148201
2020-09-11,1211572.2687935273
2020-09-14,1214585.929890117
2020-09-15,1218861.8814199825
2020-09-16,1217239.8409970044
2020-09-17,1214399.505048642
2020-09-18,1222515.7405205495
2020-09-21,1218925.4069096623
2020-09-22,1212809.6541486213
2020-09-23,1213462.785902179
2020-09-24,1203072.187401169
2020-09-25,1202575.3747689025
2020-09-28,1201733.8968979155
2020-09-29,1205864.6507663482
2020-09-30,1205266.760456191
2020-10-09,1213579.283333631
2020-10-12,1224393.7401474658
2020-10-13,1224616.1429622914
2020-10-14,1222443.4198050003
2020-10-15,1218150.5962590347
2020-10-16,1219489.2375243262
2020-10-19,1218191.2011052198
2020-10-20,1220131.7133209605
2020-10-21,1219816.5362976198
2020-10-22,1218808.2102548345
2020-10-23,1211590.9579335938
2020-10-26,1210186.5202262932
2020-10-27,1211579.3972875334
2020-10-28,1215399.5079313188
2020-10-29,1215950.7218856898
2020-10-30,1207061.9051183797
2020-11-02,1211441.5664066998
2020-11-03,1217248.2878179166
2020-11-04,1219941.1512837072
2020-11-05,1225681.8551924117
2020-11-06,1222660.4487553826
2020-11-09,1230099.3704725383
2020-11-10,1224487.204102022
2020-11-11,1220817.3453863938
2020-11-12,1220288.363425638
2020-11-13,1216638.6407322488
2020-11-16,1222197.9002773543
2020-11-17,1218319.9472122365
2020-11-18,1217312.4659675031
2020-11-19,1217744.7340193347
2020-11-20,1219002.5707972809
2020-11-23,1226268.6856980596
2020-11-24,1219453.0339979392
2020-11-25,1213499.026104204
2020-11-26,1212027.4079218614
2020-11-27,1213239.6292004732
2020-11-30,1211098.4458746782
2020-12-01,1217639.370762112
2020-12-02,1221953.0592447387
2020-12-03,1223892.4065235085
2020-12-04,1224249.7472280941
2020-12-07,1220233.4420653016
2020-12-08,1220802.126189491
2020-12-09,1214787.3821742402
2020-12-10,1213596.1536758514
2020-12-11,1208457.7691816506
2020-12-14,1209292.3812702184
2020-12-15,1209830.120145855
2020-12-16,1209505.268260132
2020-12-17,1213383.09324806
2020-12-18,1213622.9750738668
2020-12-21,1220001.8516232984
2020-12-22,1213337.2525574886
2020-12-23,1215327.7980559438
2020-12-24,1211654.7387826531
2020-12-25,1216518.3600420651
2020-12-28,1215355.5798774306
2020-12-29,1213793.1755446366
2020-12-30,1219156.2996163259
2020-12-31,1225641.9839483444
2021-01-04,1229590.9565451283
2021-01-05,1232750.7968662179
2021-01-06,1235299.6810771837
2021-01-07,1235562.9310844862
2021-01-08,1235839.4683436493
2021-01-11,1228405.2945138037
2021-01-12,1234391.39430503
2021-01-13,1232054.9124236337
2021-01-14,1229876.9419720352
2021-01-15,1230962.0684161256
2021-01-18,1234704.824244616
2021-01-19,1231684.696699163
2021-01-20,1234401.6175589035
2021-01-21,1241161.7938111022
2021-01-22,1240392.7298851048
2021-01-25,1239635.9266251752
2021-01-26,1232153.0902454306
2021-01-27,1233450.3600584744
2021-01-28,1221584.885947262
2021-01-29,1217275.207085544
2021-02-01,1221068.1091082552
2021-02-02,1225418.4124628191
2021-02-03,1224581.6421590403
2021-02-04,1218844.8896172626
2021-02-05,1217949.477036296
2021-02-08,1222457.4282362084
2021-02-09,1229343.6390235485
2021-02-10,1235121.000155368
2021-02-18,1235341.6168342887
2021-02-19,1239165.051435089
2021-02-22,1236685.9795837442
2021-02-23,1233915.3071990022
2021-02-24,1226805.3002814797
2021-02-25,1229456.632644521
2021-02-26,1217783.0504800316
2021-03-01,1225212.5648770123
2021-03-02,1224856.1114985722
2021-03-03,1231534.3842394352
2021-03-04,1221698.300917202
2021-03-05,1221292.267247277
2021-03-08,1214958.0674095356
2021-03-09,1207564.9463795328
2021-03-10,1208109.5781564985
2021-03-11,1216850.9484338122
2021-03-12,1218192.523540457
2021-03-15,1215028.833014134
2021-03-16,1217447.2220321184
2021-03-17,1217632.8676350713
2021-03-18,1219823.547442601
2021-03-19,1213149.192628414
2021-03-22,1217376.2402064456
2021-03-23,1214635.0763603174
2021-03-24,1216078.8744866739
2021-03-25,1214951.3280243964
2021-03-26,1219341.7550939259
2021-03-29,1222340.069945401
2021-03-30,1225221.5002473018
2021-03-31,1223810.0004914755
2021-04-01,1228097.7888399612
2021-04-02,1231295.2422794173
2021-04-06,1231640.008763634
2021-04-07,1232235.4148244238
2021-04-08,1231244.3925284673
2021-04-09,1229293.1039199722
2021-04-12,1227894.7819354
2021-04-13,1227047.1974198192
2021-04-14,1229728.0908708465
2021-04-15,1227414.6093720766
2021-04-16,1232045.5139802296
2021-04-19,1236063.3799906792
2021-04-20,1234717.352133472
2021-04-21,1236657.4373630746
2021-04-22,1237273.5519502063
2021-04-23,1241270.2381859368
2021-04-26,1240896.7232281023
2021-04-27,1239074.285809973
2021-04-28,1241181.7896773734
2021-04-29,1242469.9046589637
2021-04-30,1240747.6581317945
2021-05-06,1240247.7053667977
2021-05-07,1237734.2751143056
2021-05-10,1239573.5383390156
2021-05-11,1238947.033176937
2021-05-12,1241920.4775106928
2021-05-13,1237208.6744472678
2021-05-14,1242355.3392595549
2021-05-17,1246590.3245028416
2021-05-18,1248378.3871000821
2021-05-19,1246941.8458063211
2021-05-20,1245602.2739691662
2021-05-21,1246534.0630815802
2021-05-24,1248356.3591643686
2021-05-25,1253172.5053933752
2021-05-26,1254932.420060822
2021-05-27,1255993.699231914
2021-05-28,1255370.9217734733
2021-05-31,1257767.5165374563
2021-06-01,1259522.2761087508
2021-06-02,1254973.937613795
2021-06-03,1253666.7531542245
2021-06-04,1253412.1285721338
2021-06-07,1253399.3320184306
2021-06-08,1252150.025991288
2021-06-09,1252336.5513474492
2021-06-10,1255120.956133931
2021-06-11,1253691.8895031393
2021-06-15,1249489.9941374955
2021-06-16,1244409.7442740132
2021-06-17,1244856.0484190304
2021-06-18,1247810.9555946984
2021-06-21,1251185.9461833083
2021-06-22,1254270.1810829858
2021-06-23,1258020.2238599781
2021-06-24,1256574.4264925667
2021-06-25,1260895.1637406743
2021-06-28,1261614.2893021412
2021-06-29,1259469.2606524448
2021-06-30,1263087.044250071
2021-07-01,1261636.4542872687
2021-07-02,1255607.522572465
2021-07-05,1257215.7301770605
2021-07-06,1257728.1153526758
2021-07-07,1262438.1779527315
2021-07-08,1261647.092162369
2021-07-09,1263388.1486437127
2021-07-12,1266840.1629463146
2021-07-13,1270591.71348014
2021-07-14,1268227.9980870371
2021-07-15,1266038.2103413409
2021-07-16,1264059.9342611083
2021-07-19,1262307.6766583172
2021-07-20,1262882.8795464814
2021-07-21,1267271.6342528185
2021-07-22,1269739.4353588175
2021-07-23,1266548.4740525165
2021-07-26,1260715.2019390704
2021-07-27,1252247.018091193
2021-07-28,1249070.289822292
2021-07-29,1255960.2359558858
2021-07-30,1255570.5492525634
2021-08-02,1262914.3313671928
2021-08-03,1260520.9867182155
2021-08-04,1266015.5346194352
2021-08-05,1265075.1372639746
2021-08-06,1265841.0842177295
2021-08-09,1263978.3872552372
2021-08-10,1264961.0723573891
2021-08-11,1265203.068214511
2021-08-12,1268203.8311784088
2021-08-13,1268575.3030464216
2021-08-16,1267737.193641036
2021-08-17,1262750.6677910017
2021-08-18,1264838.322740088
2021-08-19,1263576.0196171638
2021-08-20,1262987.7027921397
2021-08-23,1269856.9615116247
2021-08-24,1272849.7641579702
2021-08-25,1274342.0523590136
2021-08-26,1271931.6285404034
2021-08-27,1273896.1738142415
2021-08-30,1276725.8001114754
2021-08-31,1280831.0836196935
2021-09-01,1280420.918455894
2021-09-02,1284194.7031954322
2021-09-03,1283050.8039779041
2021-09-06,1288370.896274796
2021-09-07,1292996.8175893358
2021-09-08,1292776.6964237627
2021-09-09,1294453.865958278
2021-09-10,1293046.7991527172
2021-09-13,1294895.138702634
2021-09-14,1289771.28418335
2021-09-15,1289112.2589483038
2021-09-16,1281928.6837589424
2021-09-17,1281440.9182657728
2021-09-22,1282070.0540458993
2021-09-23,1285059.6794457517
2021-09-24,1280024.5997893284
2021-09-27,1273402.321838288
2021-09-28,1274556.7899123214
2021-09-29,1266204.5259702795
2021-09-30,1272116.7812797085
2021-10-08,1271293.7007625462
2021-10-11,1268541.9761744626
2021-10-12,1261557.6763948698
2021-10-13,1262404.866531
2021-10-14,1265004.6635146034
2021-10-15,1268563.0968962286
2021-10-18,1267986.3967234776
2021-10-19,1270879.7354857426
2021-10-20,1269821.1774960994
2021-10-21,1271318.0710023935
2021-10-22,1268816.332603938
2021-10-25,1270784.9041285855
2021-10-26,1272259.626823043
2021-10-27,1269267.6926625082
2021-10-28,1266015.6925486424
2021-10-29,1269823.9531585204
2021-11-01,1273572.308530587
2021-11-02,1272074.8334798326
2021-11-03,1273536.2922383836
2021-11-04,1277458.203069152
2021-11-05,1276926.518064306
2021-11-08,1279381.932345589
2021-11-09,1280766.41561937
2021-11-10,1280655.2642868108
2021-11-11,1285512.8984239572
2021-11-12,1286369.6407629761
2021-11-15,1286812.1715105036
2021-11-16,1285733.0333309248
2021-11-17,1288631.1606878352
2021-11-18,1289205.9086395307
2021-11-19,1292776.5489408032
2021-11-22,1296221.6542766532
2021-11-23,1292880.1362768295
2021-11-24,1293565.0324692954
2021-11-25,1293418.0584201494
2021-11-26,1293404.0934306353
2021-11-29,1292588.4805342455
2021-11-30,1293454.4278167472
2021-12-01,1293485.2213189146
2021-12-02,1290408.264177138
2021-12-03,1291934.7571862277
2021-12-06,1289381.3809540074
2021-12-07,1287629.2821923564
2021-12-08,1293252.5327214717
2021-12-09,1294773.0912317245
2021-12-10,1294141.8185200668
2021-12-13,1298322.2086464362
2021-12-14,1297116.973233908
2021-12-15,1295012.8613782113
2021-12-16,1299664.2304944724
2021-12-17,1295655.8109505798
2021-12-20,1289324.359694998
2021-12-21,1293145.8922316246
2021-12-22,1296630.1352467756
2021-12-23,1300678.681678314
2021-12-24,1296222.4334994098
2021-12-27,1296172.5743045355
2021-12-28,1299464.1239554791
2021-12-29,1296268.7867456248
2021-12-30,1301199.7163680033
2021-12-31,1304161.9557172733
2022-01-04,1304011.2768107653
2022-01-05,1297427.5963152193
2022-01-06,1295132.4472666476
2022-01-07,1293803.7892284472
2022-01-10,1295675.384462967
2022-01-11,1293744.1652918966
2022-01-12,1298879.9533297645
2022-01-14,1296150.2029269354
2022-01-17,1299707.4901477539
2022-01-18,1302318.2738736663
2022-01-19,1300175.3555509497
2022-01-20,1301217.4808259448
2022-01-21,1297983.3091738592
2022-01-24,1300657.944815783
2022-01-25,1289491.2661770314
2022-01-26,1288530.6002234458
2022-01-27,1277719.5113169323
2022-01-28,1278127.862883898
2022-02-07,1285109.5805926747
2022-02-08,1288541.1384198319
2022-02-09,1293702.4115922682
2022-02-10,1294920.9526294696
2022-02-11,1285634.938105047
2022-02-14,1277982.6300052344
2022-02-15,1279229.1633100328
2022-02-16,1280714.5112144158
2022-02-17,1284548.5465658074
2022-02-18,1288092.1999215183
2022-02-21,1287283.5081974575
2022-02-22,1283216.2664847157
2022-02-23,1287455.6844870215
2022-02-24,1281278.9538863024
2022-02-25,1283692.4685866318
2022-02-28,1283500.5657058065
2022-03-01,1285583.2171032699
2022-03-02,1286150.5013806599
2022-03-03,1284466.9728211106
2022-03-04,1280861.0687920083
2022-03-07,1276379.037394236
2022-03-08,1267416.6851767004
2022-03-09,1264864.5433921095
2022-03-10,1269330.0830426102
2022-03-11,1272361.3470560233
2022-03-14,1264689.5337063407
2022-03-15,1241432.3119578378
2022-03-16,1255030.4486223352
2022-03-17,1263742.6971995046
2022-03-18,1269831.1214556778
2022-03-21,1271688.8051430795
2022-03-22,1274056.926047936
2022-03-23,1273508.294177962
2022-03-24,1271966.83591776
2022-03-25,1268762.8807611717
2022-03-28,1267959.3460036158
2022-03-29,1265603.6684002
2022-03-30,1274772.6137530832
2022-03-31,1271731.38811283
2022-04-01,1276379.1931607218
2022-04-06,1276815.129545094
2022-04-07,1269990.1415798739
2022-04-08,1271575.1730498557
2022-04-11,1259814.0603604186
2022-04-12,1264873.9777574458
2022-04-13,1260276.308785448
2022-04-14,1266086.2234500288
2022-04-15,1264426.9037347096
2022-04-18,1263598.8962721932
2022-04-19,1263701.6699183814
2022-04-20,1256323.798178245
2022-04-21,1249330.4191809865
2022-04-22,1251126.175644453
2022-04-25,1229633.4919322191
2022-04-26,1226386.3336173748
2022-04-27,1234465.2248179496
2022-04-28,1234701.2637705102
2022-04-29,1246162.3992282765
2022-05-05,1246699.1091675267
2022-05-06,1239323.614096835
2022-05-09,1240627.5687608123
2022-05-10,1244674.76574225
2022-05-11,1246915.6222074828
2022-05-12,1247395.220936855
2022-05-13,1250737.1215108603
2022-05-16,1249720.7305054616
2022-05-17,1252376.633441255
2022-05-18,1251784.0512151078
2022-05-19,1251403.2368279053
2022-05-20,1254964.668329922
2022-05-23,1255295.8660543421
2022-05-24,1248824.179415113
2022-05-25,1254156.7109318906
2022-05-26,1257161.311667174
2022-05-27,1255896.4316208344
2022-05-30,1255823.1173660872
2022-05-31,1257171.210600555
2022-06-01,1256680.1053620183
2022-06-02,1258478.8782291089
2022-06-06,1263857.8558653563
2022-06-07,1262793.83280236
2022-06-08,1264739.7777958605
2022-06-09,1262333.6221484134
2022-06-10,1265167.5922214352
2022-06-13,1264756.171125315
2022-06-14,1263202.6822683602
2022-06-15,1263629.7450284131
2022-06-16,1263590.4501595274
2022-06-17,1266412.024474238
2022-06-20,1266063.6473594764
2022-06-21,1265149.8988800007
2022-06-22,1264106.9409708474
2022-06-23,1267472.8612751244
2022-06-24,1269633.1551093576
2022-06-27,1271286.4098721475
2022-06-28,1272598.7909520885
2022-06-29,1269135.4825631
2022-06-30,1272475.8525317335
2022-07-01,1271696.42281017
2022-07-04,1272929.8699246193
2022-07-05,1271603.637309016
2022-07-06,1268284.4392869468
2022-07-07,1269375.4439270846
2022-07-08,1268292.6834058755
2022-07-11,1264996.6714058863
2022-07-12,1263473.0760940013
2022-07-13,1264635.0290600609
2022-07-14,1265563.1082397802
2022-07-15,1264146.187181672
2022-07-18,1267522.6990039896
2022-07-19,1266807.705077884
2022-07-20,1270331.4326729565
2022-07-21,1268055.4645882351
2022-07-22,1269495.0926139292
2022-07-25,1266577.7238239488
2022-07-26,1269860.0007235638
2022-07-27,1271030.9303183353
2022-07-28,1272083.8704102663
2022-07-29,1273287.0820502867
2022-08-01,1275993.3656388898
2022-08-02,1269900.8574700088
2022-08-03,1266209.2097287967
2022-08-04,1269888.031495141
2022-08-05,1272566.1402048033
2022-08-08,1274213.2563127438
2022-08-09,1274882.7557980672
2022-08-10,1272999.67129988
2022-08-11,1277716.3335129314
2022-08-12,1277669.9282045022
2022-08-15,1281808.9465324003
2022-08-16,1283792.383406438
2022-08-17,1285475.376660328
2022-08-18,1282617.4849756428
2022-08-19,1281029.5897913154
2022-08-22,1283148.3428972317
2022-08-23,1282413.9428640683
2022-08-24,1274548.8094668342
2022-08-25,1275480.26457291
2022-08-26,1274144.8893156839
2022-08-29,1273483.297923793
2022-08-30,1272557.611031322
2022-08-31,1267749.696192261
2022-09-01,1264727.0660189448
2022-09-02,1266926.086019833
2022-09-05,1270034.1945397581
2022-09-06,1274574.9157027903
2022-09-07,1275005.3917383098
2022-09-08,1274343.8639870621
2022-09-09,1275838.1403947717
2022-09-13,1275298.1455497586
2022-09-14,1270181.4058734276
2022-09-15,1265118.2577980007
2022-09-16,1257394.5521841664
2022-09-19,1256300.934909094
2022-09-20,1259197.5725985356
2022-09-21,1258907.241779764
2022-09-22,1256710.4143888694
2022-09-23,1252787.7558276025
2022-09-26,1248353.0164855197
2022-09-27,1253179.0573254838
2022-09-28,1246143.3219156181
2022-09-29,1245183.458482571
2022-09-30,1243047.3483261329
2022-10-10,1239241.2238594228
2022-10-11,1241040.878289365
2022-10-12,1247768.2713315177
2022-10-13,1247753.4740131032
2022-10-14,1256737.6976459117
2022-10-17,1255214.0284563366
2022-10-18,1256057.9344223274
2022-10-19,1251896.3028265133
2022-10-20,1248051.7887957492
2022-10-21,1247250.621609968
2022-10-24,1242751.9666713183
2022-10-25,1240544.9847684857
2022-10-26,1243604.284832839
2022-10-27,1241671.7518718827
2022-10-28,1233117.7490240487
2022-10-31,1231835.4212107284
2022-11-01,1237469.771033674
2022-11-02,1240728.679852355
2022-11-03,1239346.388380857
2022-11-04,1245892.0595123027
2022-11-07,1246469.6410957598
2022-11-08,1245836.0844999338
2022-11-09,1249065.2169987322
2022-11-10,1246122.7452503175
2022-11-11,1252062.6822921438
2022-11-14,1247556.7203777765
2022-11-15,1250844.3129570445
2022-11-16,1247902.4743789097
2022-11-17,1247958.2217278907
2022-11-18,1244829.2347050824
2022-11-21,1245719.718897049
2022-11-22,1244098.1575752003
2022-11-23,1245627.2544517498
2022-11-24,1247637.0215717552
2022-11-25,1247775.8110241876
2022-11-28,1244309.0757282008
2022-11-29,1249089.5847460816
2022-11-30,1249468.8331474115
2022-12-01,1252289.1779838721
2022-12-02,1253272.9233234383
2022-12-05,1254370.0374543965
2022-12-06,1251859.4479363782
2022-12-07,1250640.2834981093
2022-12-08,1252230.483730138
2022-12-09,1253268.02754755
2022-12-12,1250074.70244734
2022-12-13,1246129.6844910851
2022-12-14,1246998.4011587447
2022-12-15,1245859.9174327939
2022-12-16,1243254.5921055914
2022-12-19,1239907.6400132857
2022-12-20,1235574.373603101
2022-12-21,1236168.1932897347
2022-12-22,1235654.45630047
2022-12-23,1233752.5290679198
2022-12-26,1236163.9237849598
2022-12-27,1240306.305934307
2022-12-28,1240551.8181316576
2022-12-29,1238246.7080365322
2022-12-30,1240316.4710377655
2023-01-03,1242707.301306665
2023-01-04,1244321.4722646687
2023-01-05,1248113.0444853376
2023-01-06,1246723.7144681723
2023-01-09,1250574.2512577309
2023-01-10,1249506.55215631
2023-01-11,1248426.8091662303
2023-01-12,1248132.2808460803
2023-01-13,1251926.50280837
2023-01-16,1255398.110126972
2023-01-17,1256141.051527774
2023-01-18,1256715.769554393
2023-01-19,1257991.63067362
2023-01-20,1262066.0242945359
2023-01-30,1264991.7076580995
2023-01-31,1261995.3063187546
2023-02-01,1267560.2494366786
2023-02-02,1269021.9510350812
2023-02-03,1264668.9620150735
2023-02-06,1258302.3914070006
2023-02-07,1258624.1330974419
2023-02-08,1257196.4289782138
2023-02-09,1261385.2419823478
2023-02-10,1258220.110203241
2023-02-13,1261362.308304279
2023-02-14,1261790.9413866655
2023-02-15,1260283.271854263
2023-02-16,1255839.2275078986
2023-02-17,1248889.545655822
2023-02-20,1256317.7226693886
2023-02-21,1257859.1400308267
2023-02-22,1256968.8518345798
2023-02-23,1256890.7783588122
2023-02-24,1254734.65515964
2023-02-27,1252377.6364312144
2023-02-28,1254727.3338211253
2023-03-01,1258354.2443702852
2023-03-02,1257517.746597388
2023-03-03,1260870.7809291675
2023-03-06,1263416.0987663916
2023-03-07,1260722.7424761383
2023-03-08,1259674.7541271888
2023-03-09,1260130.2098011507
2023-03-10,1256129.3446679728
2023-03-13,1258447.67711274
2023-03-14,1257091.647314162
2023-03-15,1260023.8058404827
2023-03-16,1257246.3659097305
2023-03-17,1260623.773729128
2023-03-20,1262339.4901272366
2023-03-21,1264166.7349982488
2023-03-22,1265223.1156208415
2023-03-23,1266012.439460105
2023-03-24,1266063.7977923946
2023-03-27,1265547.7145952657
2023-03-28,1263913.6750396632
2023-03-29,1263932.2672386074
2023-03-30,1265894.8842034012
2023-03-31,1268746.5397829595
2023-04-03,1271778.985338151
2023-04-04,1273280.3074660117
2023-04-06,1273518.3429927146
2023-04-07,1275665.9942337738
2023-04-10,1273141.0560572469
2023-04-11,1274064.3747278037
2023-04-12,1275414.6042553314
2023-04-13,1274010.6189652297
2023-04-14,1275868.1810098551
2023-04-17,1277785.8084923895
2023-04-18,1278128.5329314573
2023-04-19,1277317.3541642409
2023-04-20,1276250.9038565976
2023-04-21,1272080.18309663
2023-04-24,1270282.7889028797
2023-04-25,1269644.989052264
2023-04-26,1270850.0197928555
2023-04-27,1273362.8505029092
2023-04-28,1276316.140638163
2023-05-04,1278979.1770864413
2023-05-05,1279198.475462615
2023-05-08,1281665.3333715321
2023-05-09,1279606.9831989019
2023-05-10,1279246.8660159244
2023-05-11,1280638.6706764293
2023-05-12,1276917.6044001954
2023-05-15,1279604.3653570288
2023-05-16,1277991.3174238263
2023-05-17,1277913.1085475017
2023-05-18,1278247.728212209
2023-05-19,1278905.8523023801
2023-05-22,1280324.4881129088
2023-05-23,1280564.3307437457
2023-05-24,1277493.8062456218
2023-05-25,1276071.413032049
2023-05-26,1277236.3831726285
2023-05-29,1278570.9315208457
2023-05-30,1280312.8324063807
2023-05-31,1279560.7705316346
2023-06-01,1281144.3401009205
2023-06-02,1283462.121226619
2023-06-05,1283117.8572963963
2023-06-06,1280519.4847661736
2023-06-07,1280825.5821748308
2023-06-08,1279541.4248129346
2023-06-09,1282455.7700289118
2023-06-12,1283923.565299138
2023-06-13,1287164.9995239628
2023-06-14,1286413.6075197994
2023-06-15,1288160.385909284
2023-06-16,1289159.499474868
2023-06-19,1286824.9177130368
2023-06-20,1286401.7629235098
2023-06-21,1281776.695223092
2023-06-26,1277412.5124417192
2023-06-27,1279964.1306812088
2023-06-28,1280542.1148211493
2023-06-29,1281090.6515620553
2023-06-30,1285596.7757500159
2023-07-03,1289735.12349841
2023-07-04,1290762.7674588414
2023-07-05,1288990.195881887
2023-07-06,1288663.439357354
2023-07-07,1287108.3243034603
2023-07-10,1288158.8404183832
2023-07-11,1290251.7102107275
2023-07-12,1288481.7445823862
2023-07-13,1294243.7999859774
2023-07-14,1295353.7730326208
2023-07-17,1294045.3700614918
2023-07-18,1294297.1571289934
2023-07-19,1296398.650420822
2023-07-20,1291562.6390973814
2023-07-21,1290601.897915384
2023-07-24,1289448.9580683329
2023-07-25,1295298.491677023
2023-07-26,1295407.6281781087
2023-07-27,1295659.1500286865
2023-07-28,1299334.350400031
2023-07-31,1300974.271407941
2023-08-01,1301020.3569992704
2023-08-02,1297966.6490610633
2023-08-03,1299096.0060506035
2023-08-04,1300782.307999681
2023-08-07,1298160.2523977496
2023-08-08,1296797.23903576
2023-08-09,1295022.6337354667
2023-08-10,1294425.0864141725
2023-08-11,1290163.0467941528
2023-08-14,1289209.0281216989
2023-08-15,1291167.6438864307
2023-08-16,1289196.1275007015
2023-08-17,1291286.8529372832
2023-08-18,1287488.730647752
2023-08-21,1285703.27941611
2023-08-22,1286828.675674293
2023-08-23,1283246.9541719123
2023-08-24,1286276.8374300757
2023-08-25,1280908.3514640222
2023-08-28,1282985.1609910831
2023-08-29,1288019.467878948
2023-08-30,1290764.9687386965
2023-08-31,1289937.848474496
2023-09-01,1290248.9196778808
2023-09-04,1293299.1279807256
2023-09-05,1291557.1327588833
2023-09-06,1290554.1260009583
2023-09-07,1284033.452658983
2023-09-08,1284543.0497238222
2023-09-11,1286521.72912156
2023-09-12,1286844.4196604092
2023-09-13,1284963.3836235192
2023-09-14,1286364.6448994176
2023-09-15,1284302.8762898433
2023-09-18,1282997.745754749
2023-09-19,1284211.3301054218
2023-09-20,1284874.7059743176
2023-09-21,1280606.13401143
2023-09-22,1285090.2895447456
2023-09-25,1284521.9625046188
2023-09-26,1281914.5307046047
2023-09-27,1278473.0062427372
2023-09-28,1280058.487251095
2023-10-09,1278900.7124388318
2023-10-10,1275386.7489567068
2023-10-11,1274558.0587586912
2023-10-12,1278773.7380289414
2023-10-13,1276943.9530978617
2023-10-16,1274425.6254322173
2023-10-17,1275165.771086486
2023-10-18,1271460.8383687383
2023-10-19,1264290.3205411583
2023-10-20,1263243.1921253884
2023-10-23,1255610.806065897
2023-10-24,1261600.9807960584
2023-10-25,1263366.4177355727
2023-10-26,1264468.7001310613
2023-10-27,1270387.9362625733
2023-10-30,1273397.4326062482
2023-10-31,1272548.5338413913
2023-11-01,1272246.8937828108
2023-11-02,1272325.402791918
2023-11-03,1276416.66372675
2023-11-06,1281271.329540178
2023-11-07,1280960.603416208
2023-11-08,1280877.9475989402
2023-11-09,1279881.8581390046
2023-11-10,1277987.0991228032
2023-11-13,1280111.2851936554
2023-11-14,1281202.1841523836
2023-11-15,1285243.12821333
2023-11-16,1281334.8453451525
2023-11-17,1282587.395795558
2023-11-20,1282141.8713097346
2023-11-21,1283188.1528416194
2023-11-22,1281193.0881725925
2023-11-23,1281255.2179438283
2023-11-24,1283234.2183473264
2023-11-27,1285775.2149240065
2023-11-28,1287088.3180079113
2023-11-29,1284262.588156049
2023-11-30,1284739.6429098353
2023-12-01,1285761.6779509299
2023-12-04,1285353.646763741
2023-12-05,1277777.394886048
2023-12-06,1278958.2858979227
2023-12-07,1278807.5130119508
2023-12-08,1280488.8348318753
2023-12-11,1281890.157278849
2023-12-12,1283105.632527455
2023-12-13,1280810.931160069
2023-12-14,1282494.0983543429
2023-12-15,1280527.7444297618
2023-12-18,1279397.86496253
2023-12-19,1279306.164054409
2023-12-20,1277360.7314829163
2023-12-21,1276503.9061111875
2023-12-22,1277816.8239597194
2023-12-25,1279086.0385891793
2023-12-26,1277757.4000097564
2023-12-27,1280902.8480567175
2023-12-28,1288247.6776090276
2023-12-29,1291328.658648177
2024-01-02,1292218.5328896476
2024-01-03,1290449.311818805
2024-01-04,1289422.8832331505
2024-01-05,1287895.0793752274
2024-01-08,1281683.932608702
2024-01-09,1284086.7723433736
2024-01-10,1282087.8813027923
2024-01-11,1284839.5753012067
2024-01-12,1283742.2767293053
2024-01-15,1283967.5909200758
2024-01-16,1284368.9297267052
2024-01-17,1278098.866790066
2024-01-18,1278459.6013213997
2024-01-19,1279407.6799851716
2024-01-22,1272002.7976442343
2024-01-23,1273621.6157263308
2024-01-24,1276580.496589995
2024-01-25,1283332.6250451924
2024-01-26,1283746.0610472034
2024-01-29,1279993.457399662
2024-01-30,1277814.616890686
2024-01-31,1273982.2856144414
2024-02-01,1272603.616139988
2024-02-02,1270567.6963830944
2024-02-05,1268893.1749086545
2024-02-06,1279072.1461252435
2024-02-07,1284010.6044337244
2024-02-08,1289567.6195576983
2024-02-19,1292020.519339943
2024-02-20,1294042.0355042873
2024-02-21,1296085.3230890594
2024-02-22,1299863.6500126142
2024-02-23,1302203.7976846343
2024-02-26,1299808.1147525634
2024-02-27,1303565.6522025475
2024-02-28,1298501.1736932555
2024-02-29,1303609.0396675249
2024-03-01,1305871.074819723
2024-03-04,1308498.3582267798
2024-03-05,1309424.3802388867
2024-03-06,1311530.5064808158
2024-03-07,1311682.2836286272
2024-03-08,1313688.042137345
2024-03-11,1316035.1980159464
2024-03-12,1313728.6760142443
2024-03-13,1312406.099883648
2024-03-14,1311287.3096457394
2024-03-15,1313769.4047641212
2024-03-18,1315788.0044865177
2024-03-19,1315349.3479227442
2024-03-20,1316703.373203367
2024-03-21,1320203.892460658
2024-03-22,1317276.4237845931
2024-03-25,1315323.310754242
2024-03-26,1316492.38417884
2024-03-27,1313312.4154940094
2024-03-28,1315996.4734808945
2024-03-29,1321316.6332242733
2024-04-01,1325865.2138148367
2024-04-02,1326007.7987730962
2024-04-03,1327808.9649999586
2024-04-08,1329711.9475679437
2024-04-09,1331602.488875186
2024-04-10,1330952.2721454964
2024-04-11,1330471.110466462
2024-04-12,1334179.8277817545
2024-04-15,1333791.395687868
2024-04-16,1328196.0765577233
2024-04-17,1334345.5243530448
2024-04-18,1334882.0966048117
2024-04-19,1332723.7876748492
2024-04-22,1328712.1953946496
2024-04-23,1326721.0154472855
2024-04-24,1328116.5842763926
2024-04-25,1328624.1271333077
2024-04-26,1331476.984219767
2024-04-29,1330618.2883980472
2024-04-30,1332186.0621294274
2024-05-06,1337963.744977929
2024-05-07,1341334.0465840932
2024-05-08,1340047.8715615436
2024-05-09,1342279.9957349221
2024-05-10,1343521.7529606158
2024-05-13,1343624.0682349338
2024-05-14,1343086.4099385664
2024-05-15,1341743.5056936238
2024-05-16,1343848.761705357
2024-05-17,1345305.1913425936
2024-05-20,1350632.4115829782
2024-05-21,1348351.4777548008
2024-05-22,1349725.662922556
2024-05-23,1344961.6027518993
2024-05-24,1339840.6785697434
2024-05-27,1344815.4150097573
2024-05-28,1343451.9972464924
2024-05-29,1342879.7202618143
2024-05-30,1340241.61698808
2024-05-31,1339626.8588490975
2024-06-03,1337502.462873277
2024-06-04,1339916.7939827696
2024-06-05,1337686.8601063327
2024-06-06,1336695.2424599226
2024-06-07,1337177.5102516892
2024-06-11,1334225.1513660324
2024-06-12,1337366.4337881457
2024-06-13,1336786.6120574663
2024-06-14,1336987.06046849
2024-06-17,1336047.3287455605
2024-06-18,1338847.8612641238
2024-06-19,1336904.1871921269
2024-06-20,1333861.7896986431
2024-06-21,1331339.4498049517
2024-06-24,1323241.9291590652
2024-06-25,1322210.929742513
2024-06-26,1328816.5597712842
2024-06-27,1325729.3074130502
2024-06-28,1328920.9991215004
2024-07-01,1331349.5624564232
2024-07-02,1331262.0700396537
2024-07-03,1331471.7485140152
2024-07-04,1327185.2142194714
2024-07-05,1326907.4414517488
2024-07-08,1320643.7820622427
2024-07-09,1327743.02572829
2024-07-10,1324366.145200212
2024-07-11,1330027.488938482
2024-07-12,1326872.9979650695
2024-07-15,1328099.177317997
2024-07-16,1330642.403973299
2024-07-17,1328247.956594035
2024-07-18,1328297.8480633297
2024-07-19,1325675.7807686336
2024-07-22,1324042.4163710447
2024-07-23,1317461.099322451
2024-07-24,1313230.6987145322
2024-07-25,1308782.7728105625
2024-07-26,1311427.5785000927
2024-07-29,1310704.0675672384
2024-07-30,1309606.2504822225
2024-07-31,1318790.0702373458
2024-08-01,1319529.27906293
2024-08-02,1315745.7240338128
2024-08-05,1306099.1633138754
2024-08-06,1306708.2146843332
2024-08-07,1308071.040576418
2024-08-08,1306616.5974860245
2024-08-09,1305022.474099729
2024-08-12,1300998.131150083
2024-08-13,1304881.563201989
2024-08-14,1302583.8557066405
2024-08-15,1302913.012008578
2024-08-16,1301767.3210525294
2024-08-19,1302890.3252194813
2024-08-20,1297873.568370112
2024-08-21,1295626.1428721726
2024-08-22,1294042.5986175328
2024-08-23,1294977.2264065812
2024-08-26,1296214.892072572
2024-08-27,1292852.1473129655
2024-08-28,1292272.0341616748
2024-08-29,1291414.5016922082
2024-08-30,1296863.9987565728
2024-09-02,1292415.6104503036
2024-09-03,1294056.831517047
2024-09-04,1290616.9873629727
2024-09-05,1293099.91717991
2024-09-06,1289626.253463973
2024-09-09,1284954.4690141974
2024-09-10,1285989.974987308
2024-09-11,1285027.8833618225
2024-09-12,1283948.1936966765
2024-09-13,1283799.381296732
2024-09-18,1284705.5651786304
2024-09-19,1287413.774834517
2024-09-20,1288135.1375595543
2024-09-23,1290926.5751671067
2024-09-24,1307906.0919335473
2024-09-25,1315404.152989129
2024-09-26,1331377.878736139
2024-09-27,1343582.22739837
2024-09-30,1375363.1525685347
2024-10-08,1397333.1944810303
2024-10-09,1373584.9177790482
2024-10-10,1378165.6493332868
2024-10-11,1372232.0986496706
2024-10-14,1382616.141739357
2024-10-15,1378756.2107752974
2024-10-16,1381611.9480045321
2024-10-17,1382692.3602899613
2024-10-18,1392173.6935593497
2024-10-21,1397956.3853075262
2024-10-22,1398588.1741173626
2024-10-23,1398986.8651693384
2024-10-24,1396082.541486395
2024-10-25,1398933.0209512524
2024-10-28,1401359.3913590128
2024-10-29,1399242.9896725537
2024-10-30,1401068.5403794078
2024-10-31,1400651.8040479657
2024-11-01,1397914.7969623532
2024-11-04,1402525.4901901695
2024-11-05,1410274.7171409302
2024-11-06,1412783.2270171517
2024-11-07,1420013.5139979064
2024-11-08,1417611.8373679214
2024-11-11,1420070.851021497
2024-11-12,1415775.5562590663
2024-11-13,1415506.3194483775
2024-11-14,1407813.782550957
2024-11-15,1402996.0805995318
2024-11-18,1402189.7341493587
2024-11-19,1407466.4931840252
2024-11-20,1410657.5084067243
2024-11-21,1412379.9851743353
2024-11-22,1407597.145218699
2024-11-25,1407065.5667180433
2024-11-26,1403327.87998172
2024-11-27,1408398.7103006975
2024-11-28,1406201.3933355054
2024-11-29,1410922.4663142553
2024-12-02,1416056.2488425297
2024-12-03,1419143.805832454
2024-12-04,1417401.43304759
2024-12-05,1418931.6356563447
2024-12-06,1420401.6458409615
2024-12-09,1421253.8806084825
2024-12-10,1425779.753621994
2024-12-11,1428142.489361569
2024-12-12,1432809.6825640507
2024-12-13,1430901.0737799262
2024-12-16,1430160.7000491796
2024-12-17,1427220.9123986226
2024-12-18,1428702.7580757227
2024-12-19,1424589.4825716652
2024-12-20,1425330.0395507396
2024-12-23,1426958.1033472535
2024-12-24,1427214.9625191933
2024-12-25,1425558.1711120184
2024-12-26,1426913.739859955
2024-12-27,1428721.1184763338
2024-12-30,1424689.5899805732
2024-12-31,1421706.555806698
2025-01-02,1418779.484226835
2025-01-03,1416570.1839865756
2025-01-06,1416137.120181552
2025-01-07,1416968.1562185234
2025-01-08,1416553.661397639
2025-01-09,1415423.3833122835
2025-01-10,1411617.3752920688
2025-01-13,1407750.3268426622
2025-01-14,1419209.8932808107
2025-01-15,1417888.3610383985
2025-01-16,1421074.9461850072
2025-01-17,1422507.1578616237
2025-01-20,1425218.3686552513
2025-01-21,1425006.7339109578
2025-01-22,1423085.2213885756
2025-01-23,1422615.896823275
2025-01-24,1425995.0138017845
2025-01-27,1425000.1488970038
2025-02-05,1426578.4488581
2025-02-06,1434283.579579453
2025-02-07,1438861.9770855932
2025-02-10,1440601.491204357
2025-02-11,1440256.350775098
2025-02-12,1443394.35929874
2025-02-13,1442402.2145003588
2025-02-14,1444298.3353735239
2025-02-17,1443215.8880121307
2025-02-18,1439339.9528531334
2025-02-19,1446415.6165623376
2025-02-20,1444585.1759918034
2025-02-21,1447795.3388470402
2025-02-24,1442828.1631805247
2025-02-25,1438850.0100829313
2025-02-26,1443210.1286612272
2025-02-27,1442079.245303472
2025-02-28,1427792.8092935628
2025-03-03,1431533.805554142
2025-03-04,1432742.9621406945
2025-03-05,1436867.7577835128
2025-03-06,1441337.5212980676
2025-03-07,1437185.3473421016
2025-03-10,1435199.507777197
2025-03-11,1432679.6328496751
2025-03-12,1434799.565155975
2025-03-13,1435000.3650795207
2025-03-14,1444898.0996742658
2025-03-17,1444788.6118518736
2025-03-18,1447853.985790561
2025-03-19,1444125.9493735884
2025-03-20,1440878.0966719664
2025-03-21,1432012.752700384
2025-03-24,1433352.674905794
2025-03-25,1436470.6228445326
2025-03-26,1436733.9699889023
2025-03-27,1437500.849908142
2025-03-28,1435215.6616412045
2025-03-31,1431784.900651357
2025-04-01,1434916.8226076583
2025-04-02,1436349.7235987047
2025-04-03,1436833.562543488
2025-04-07,1392531.5224424007
2025-04-08,1401139.0125024673
2025-04-09,1406879.8986876507
2025-04-10,1418560.473049982
2025-04-11,1421301.0883370158
2025-04-14,1424799.486592618
2025-04-15,1424674.039844325
2025-04-16,1426978.571097807
2025-04-17,1427786.632610323
2025-04-18,1428133.1137804491
2025-04-21,1431521.7009311365
2025-04-22,1435893.0020112172
2025-04-23,1430221.5774008904
2025-04-24,1428944.7409689464
2025-04-25,1431066.5204157082
2025-04-28,1428393.6438463898
2025-04-29,1429676.205479185
2025-04-30,1431603.9528593204
2025-05-06,1433847.7138010415
2025-05-07,1436747.9101412215
2025-05-08,1440653.2420333694
2025-05-09,1439288.7991766273
2025-05-12,1442197.918945781
2025-05-13,1442558.004415485
2025-05-14,1444944.3969279933
2025-05-15,1438567.3125110103
2025-05-16,1439513.3739799692
2025-05-19,1442017.5536916775
2025-05-20,1444182.7936802036
2025-05-21,1447731.7507892896
2025-05-22,1445913.1057991858
2025-05-23,1443025.86703302
2025-05-26,1441807.955148659
2025-05-27,1441011.6963827314
2025-05-28,1441036.8634799463
2025-05-29,1443110.755337242
2025-05-30,1442115.2957605673
2025-06-03,1445209.4886037838
2025-06-04,1448389.6295032797
2025-06-05,1448709.5712628232
2025-06-06,1449120.1255201993
2025-06-09,1451976.2686466416
2025-06-10,1451383.498702567
2025-06-11,1453424.400597426
2025-06-12,1454062.8005793996
2025-06-13,1450760.154422245
2025-06-16,1453179.4626133612
2025-06-17,1453426.221613553
2025-06-18,1454100.902434721
2025-06-19,1450592.5212432921
2025-06-20,1449799.9213471636
2025-06-23,1451479.0350848427
2025-06-24,1455521.9059314115
2025-06-25,1460672.257398654
2025-06-26,1460618.7889598373
2025-06-27,1459855.5777795801
2025-06-30,1461461.8660981397
2025-07-01,1465807.9297286542
2025-07-02,1465758.2856763008
2025-07-03,1468698.134873246
2025-07-04,1469351.4623429645
2025-07-07,1468461.7881047311
2025-07-08,1472010.3183689094
2025-07-09,1473129.5460566848
2025-07-10,1477635.3567938241
2025-07-11,1476272.2304425992
2025-07-14,1477276.688318945
2025-07-15,1478425.6779730392
2025-07-16,1477589.619122034
2025-07-17,1481441.628048894
2025-07-18,1483816.7628737325
2025-07-21,1486499.7397258878
2025-07-22,1488567.6454716176
2025-07-23,1487915.4064521475
2025-07-24,1489040.477496859
2025-07-25,1489431.3479348083
2025-07-28,1489860.0015570165
2025-07-29,1489590.8775645436
2025-07-30,1489165.372751135
2025-07-31,1484696.860753363
2025-08-01,1482642.5348582498
2025-08-04,1485048.4516314776
2025-08-05,1489833.2088230604
2025-08-06,1491490.0409052724
2025-08-07,1492670.149005158
2025-08-08,1493157.5083129418
2025-08-11,1494145.009354949
2025-08-12,1494878.0448568265
2025-08-13,1500006.5649576574
2025-08-14,1497671.0814041565
2025-08-15,1501945.7216410786
2025-08-18,1504564.6783270782
2025-08-19,1503777.8720272144
2025-08-20,1505373.6425163655
2025-08-21,1507951.8507307218
2025-08-22,1513188.7288530977
2025-08-25,1522218.16657235
2025-08-26,1521705.0348506938
2025-08-27,1514310.8149262355
2025-08-28,1518402.4949605807
2025-08-29,1519416.8060413518
2025-09-01,1522088.735870873
2025-09-02,1519192.624432501
2025-09-03,1518528.119328734
2025-09-04,1513866.4634515478
2025-09-05,1521898.4759048822
2025-09-08,1523531.8951138745
2025-09-09,1522168.6019520613
2025-09-10,1522151.8728313977
2025-09-11,1529532.994059524
2025-09-12,1529790.2589620186
2025-09-15,1529594.8624200867
2025-09-16,1532041.7621804664
2025-09-17,1534466.0268234424
2025-09-18,1528664.466331895
2025-09-19,1528239.4578403467
2025-09-22,1531386.641993293
2025-09-23,1532751.7093566994
2025-09-24,1535805.7227499029
2025-09-25,1536003.552387644
2025-09-26,1533750.2482126171
2025-09-29,1539761.1217692473
2025-09-30,1544070.3190084386
2025-10-09,1554021.1265857285
2025-10-10,1547942.9615277327
2025-10-13,1547886.029712765
2025-10-14,1544124.083534786
2025-10-15,1550290.0259557816
2025-10-16,1550480.6439625476
2025-10-17,1546628.2278320927
2025-10-20,1547172.675020025
2025-10-21,1553696.912682705
2025-10-22,1550909.1032546218
2025-10-23,1551671.569817606
2025-10-24,1554322.3732269523
2025-10-27,1560343.7688741023
2025-10-28,1558706.7412576375
2025-10-29,1565345.8785570501
2025-10-30,1562039.8712476504
2025-10-31,1560542.8341158016
2025-11-03,1561915.5884695624
2025-11-04,1558992.8920453938
2025-11-05,1558706.2931892541
2025-11-06,1562268.4619822854
2025-11-07,1560356.9143743908
2025-11-10,1563633.680959335
2025-11-11,1563593.5435127395
2025-11-12,1563514.7243689059
2025-11-13,1567418.2183126141
2025-11-14,1561573.4579978697
2025-11-17,1559251.4188225158
2025-11-18,1552254.2673682598
2025-11-19,1552942.4103067734
2025-11-20,1554770.9797858736
2025-11-21,1543040.0167360888
2025-11-24,1544508.9168730956
2025-11-25,1549292.2820725811
2025-11-26,1548011.7144300947
2025-11-27,1547077.9727493366
2025-11-28,1549650.4954071252
2025-12-01,1552699.7116981158
2025-12-02,1550485.4591115946
2025-12-03,1549263.7507209168
2025-12-04,1547338.2292544497
2025-12-05,1550673.3820537382
2025-12-08,1553114.1436359666
2025-12-09,1550314.266335663
2025-12-10,1550638.6163320548
2025-12-11,1547885.8307365475
2025-12-12,1548925.2372712959
2025-12-15,1545928.9945636583
2025-12-16,1540226.7855339514
2025-12-17,1546109.4134769638
2025-12-18,1545210.3809971255
2025-12-19,1547976.4006835546
2025-12-22,1551336.5592014352
2025-12-23,1553405.1754107738
2025-12-24,1554831.9470003913
2025-12-25,1556476.5639022633
2025-12-26,1557274.7696042198
2025-12-29,1553617.6030254003
2025-12-30,1552720.675060055
2025-12-31,1551375.8693419215
2026-01-05,1556921.595707545
2026-01-06,1559866.979237472
2026-01-07,1559062.4834043526
2026-01-08,1559326.9983112542
2026-01-09,1562419.4054767364
2026-01-12,1567640.315356497
2026-01-13,1564582.2340532106
2026-01-14,1565780.0599216104
2026-01-15,1565882.6333409683
2026-01-16,1566089.5258594046
2026-01-19,1567432.1443030268
2026-01-20,1567408.4163920842
2026-01-21,1570237.4039199026
2026-01-22,1572460.9839656327
2026-01-23,1576782.6988677497
2026-01-26,1574822.556011997
2026-01-27,1576032.237973514
2026-01-28,1578831.901460086
2026-01-29,1581969.190661768
2026-01-30,1574312.0189020454
2026-02-02,1560830.2168586543
2026-02-03,1568659.128691156
2026-02-04,1570427.1943005323
2026-02-05,1567538.1786510353
2026-02-06,1566486.1269081375
2026-02-09,1573526.8313734354
2026-02-10,1573100.068622684
2026-02-11,1572751.9686584356
2026-02-12,1573627.8379144012
2026-02-13,1570603.0013758836
2026-02-24,1574209.407483569
2026-02-25,1575118.8770983783
2026-02-26,1573115.6709985419
2026-02-27,1573991.935878043
2026-03-02,1575524.5238371487
2026-03-03,1569108.0608889072
2026-03-04,1566172.3012988768
2026-03-05,1568831.7209473448
2026-03-06,1570041.0592957842
2026-03-09,1565439.3944466074
2026-03-10,1569959.394577426
2026-03-11,1572191.2178819173
2026-03-12,1570578.6137625042
2026-03-13,1567024.685362002
