trade_date,nav_replace_full
2018-01-03,999000.0
2018-01-04,998818.4335380215
2018-01-05,1001212.2876398168
2018-01-08,1004786.6623329063
2018-01-09,1006255.7017694844
2018-01-10,1004893.531429498
2018-01-11,1004543.488110257
2018-01-12,1009478.8691114115
2018-01-15,1008478.1237835736
2018-01-16,1007977.9612533079
2018-01-17,1007021.0733210512
2018-01-18,1008191.0982630367
2018-01-19,1009631.9286267303
2018-01-22,1012000.497030762
2018-01-23,1016569.1368336971
2018-01-24,1020676.1187126031
2018-01-25,1020638.8580228004
2018-01-26,1019203.3425500104
2018-01-29,1016076.7115535752
2018-01-30,1011729.9564372911
2018-01-31,1010876.7861637735
2018-02-01,1006928.7499509186
2018-02-02,1007953.5526232744
2018-02-05,1005060.6130594583
2018-02-06,996850.4482195899
2018-02-07,996616.2331884146
2018-02-08,995099.0244578441
2018-02-09,990783.0346804432
2018-02-12,995854.1341817367
2018-02-13,998405.4202427315
2018-02-14,1000918.8553877933
2018-02-22,1001687.5417177512
2018-02-23,1003045.2879137627
2018-02-26,1007617.3613241797
2018-02-27,1007803.8290025969
2018-02-28,1005389.8014438046
2018-03-01,1007499.3390280097
2018-03-02,1006773.1469606841
2018-03-05,1007024.4991411368
2018-03-06,1009358.5173317654
2018-03-07,1008214.1703707029
2018-03-08,1009675.1433802149
2018-03-09,1009650.4673225918
2018-03-12,1011655.1574323684
2018-03-13,1011106.6531145809
2018-03-14,1009782.645264072
2018-03-15,1008366.8415934324
2018-03-16,1007957.46013808
2018-03-19,1008630.1514548885
2018-03-20,1008965.7723218733
2018-03-21,1008381.8564632821
2018-03-22,1009754.6560721169
2018-03-23,1006748.9007362614
2018-03-26,1009264.05973672
2018-03-27,1011087.3255065692
2018-03-28,1007824.5355934214
2018-03-29,1004998.8376190448
2018-03-30,1007691.9322132268
2018-04-02,1007870.6536110333
2018-04-03,1007835.5381791515
2018-04-04,1008179.5318492654
2018-04-09,1009450.3530529339
2018-04-10,1010681.9321279246
2018-04-11,1013324.8357728069
2018-04-12,1015094.2090793477
2018-04-13,1014612.3711063418
2018-04-16,1015607.318500309
2018-04-17,1014648.1220167958
2018-04-18,1020048.8190400157
2018-04-19,1019123.5798473225
2018-04-20,1015568.9985771468
2018-04-23,1013137.1162689906
2018-04-24,1015889.3949019499
2018-04-25,1015214.6298829825
2018-04-26,1013577.406220324
2018-04-27,1015149.2282445687
2018-05-02,1013761.2544400677
2018-05-03,1015065.9895565356
2018-05-04,1015689.3044740388
2018-05-07,1018144.977769976
2018-05-08,1018052.6122818275
2018-05-09,1018114.1299258352
2018-05-10,1019535.4156832421
2018-05-11,1018205.6386064828
2018-05-14,1017279.4210162864
2018-05-15,1016973.9573870756
2018-05-16,1014106.408320614
2018-05-17,1013484.7218319684
2018-05-18,1014202.6743890105
2018-05-21,1015440.478120208
2018-05-22,1016567.31444087
2018-05-23,1014837.0513659145
2018-05-24,1016436.2696733193
2018-05-25,1017367.2684581309
2018-05-28,1014424.1662849721
2018-05-29,1012349.9539980642
2018-05-30,1008494.2537398491
2018-05-31,1010162.1735896675
2018-06-01,1008851.1714313107
2018-06-04,1008664.5629871183
2018-06-05,1010587.9097805662
2018-06-06,1012264.5391672987
2018-06-07,1012537.215389478
2018-06-08,1010052.3944466461
2018-06-11,1011479.8375349989
2018-06-12,1010678.3176378228
2018-06-13,1009573.8362502554
2018-06-14,1009699.4993425893
2018-06-15,1009047.3358301794
2018-06-19,1002198.1482355421
2018-06-20,1003811.8364468758
2018-06-21,1002912.7102330243
2018-06-22,1005401.063971835
2018-06-25,1007447.0319239753
2018-06-26,1005712.3247304901
2018-06-27,1003434.2388137238
2018-06-28,1000290.42239857
2018-06-29,1007986.1711769915
2018-07-02,1006537.537568071
2018-07-03,1009705.731707152
2018-07-04,1009160.4755808766
2018-07-05,1008973.7673947206
2018-07-06,1010967.690628303
2018-07-09,1014703.6332692177
2018-07-10,1014658.4415061172
2018-07-11,1012289.8115514049
2018-07-12,1013568.1896159612
2018-07-13,1014488.0659895035
2018-07-16,1015899.3984178146
2018-07-17,1015959.0346753659
2018-07-18,1014749.9781960845
2018-07-19,1016752.4546798628
2018-07-20,1018799.8617628427
2018-07-23,1021145.2248283776
2018-07-24,1020925.315518663
2018-07-25,1020906.2731491119
2018-07-26,1021093.4670703803
2018-07-27,1019917.1829947983
2018-07-30,1020318.8965084824
2018-07-31,1019857.8458797616
2018-08-01,1020687.7103670258
2018-08-02,1019285.2021334653
2018-08-03,1021489.3187559935
2018-08-06,1023099.2545990685
2018-08-07,1025217.1626562441
2018-08-08,1021647.8405234946
2018-08-09,1021270.0346909601
2018-08-10,1021007.1150482259
2018-08-13,1021083.4862779349
2018-08-14,1020615.2264652904
2018-08-15,1018076.6264686986
2018-08-16,1013796.1197710496
2018-08-17,1008842.9524336938
2018-08-20,1010253.1138764928
2018-08-21,1011825.074572287
2018-08-22,1010803.9759681346
2018-08-23,1013731.1950338968
2018-08-24,1015846.9786030547
2018-08-27,1018918.8782069401
2018-08-28,1020908.6276630195
2018-08-29,1019734.5376401156
2018-08-30,1019602.64358837
2018-08-31,1020588.7543460203
2018-09-03,1018318.934218736
2018-09-04,1017946.5202012268
2018-09-05,1016699.4525055056
2018-09-06,1016278.1319321101
2018-09-07,1015820.9168527683
2018-09-10,1013967.593328216
2018-09-11,1013995.0674524525
2018-09-12,1015600.4063551524
2018-09-13,1016621.9421579252
2018-09-14,1016185.2483625159
2018-09-17,1013989.4790713734
2018-09-18,1014134.9763695609
2018-09-19,1016177.1833129338
2018-09-20,1015863.7970812896
2018-09-21,1020016.8916427416
2018-09-25,1019304.7762888571
2018-09-26,1021579.0248613997
2018-09-27,1018717.2776626187
2018-09-28,1020806.338224563
2018-10-08,1020453.778228315
2018-10-09,1020293.8364446408
2018-10-10,1019219.7744066147
2018-10-11,1012672.8427189435
2018-10-12,1018416.883871411
2018-10-15,1019082.6793976126
2018-10-16,1018967.1909117545
2018-10-17,1020865.7793129014
2018-10-18,1017205.8594504874
2018-10-19,1019083.4689524374
2018-10-22,1021119.1457548114
2018-10-23,1019919.6046940042
2018-10-24,1022019.35956818
2018-10-25,1020307.8129108005
2018-10-26,1020398.0163807478
2018-10-29,1018923.475871025
2018-10-30,1018101.5827632076
2018-10-31,1018028.0495784769
2018-11-01,1021530.6795738859
2018-11-02,1024484.2412375002
2018-11-05,1024236.1413321492
2018-11-06,1024070.9154127797
2018-11-07,1025575.8302351477
2018-11-08,1026259.5884968357
2018-11-09,1024236.4553860724
2018-11-12,1025440.4845927993
2018-11-13,1023603.164456836
2018-11-14,1025040.6217621092
2018-11-15,1030447.8911955194
2018-11-16,1033728.419808407
2018-11-19,1034325.4168334744
2018-11-20,1028562.6687039011
2018-11-21,1028487.4795847962
2018-11-22,1028041.3479034769
2018-11-23,1022247.4021869369
2018-11-26,1022335.0028228277
2018-11-27,1023478.5881632778
2018-11-28,1024662.9748039546
2018-11-29,1025601.5322598702
2018-11-30,1025650.9242914785
2018-12-03,1028730.1382623361
2018-12-04,1029843.8132282005
2018-12-05,1028635.3520590654
2018-12-06,1028041.3597896233
2018-12-07,1029785.9628503287
2018-12-10,1030235.8123923378
2018-12-11,1030931.799396951
2018-12-12,1030624.2773036743
2018-12-13,1031521.9301007243
2018-12-14,1028232.1664602978
2018-12-17,1029132.1542444791
2018-12-18,1028110.5602376786
2018-12-19,1028405.100941327
2018-12-20,1024417.6014959931
2018-12-21,1025449.8174072354
2018-12-24,1025216.8460444242
2018-12-25,1023937.1844770929
2018-12-26,1023844.5993252066
2018-12-27,1025231.6676353163
2018-12-28,1030184.7474512914
2019-01-02,1027516.5236775073
2019-01-03,1030403.7994242976
2019-01-04,1033110.92035998
2019-01-07,1036959.177148197
2019-01-08,1036713.7352467083
2019-01-09,1036951.0768102084
2019-01-10,1037466.7327047131
2019-01-11,1037954.9973354137
2019-01-14,1034873.0975340997
2019-01-15,1037334.9729257175
2019-01-16,1037988.0891092311
2019-01-17,1037150.941813508
2019-01-18,1038790.4764381188
2019-01-21,1038059.251844894
2019-01-22,1038018.0603159801
2019-01-23,1036857.8438236578
2019-01-24,1038211.0661876919
2019-01-25,1038645.1725016332
2019-01-28,1039147.5433047498
2019-01-29,1038901.8692328224
2019-01-30,1038946.7541207366
2019-01-31,1039822.4443230336
2019-02-01,1044909.7626035486
2019-02-11,1047431.1807085264
2019-02-12,1050796.9432628308
2019-02-13,1052989.772678055
2019-02-14,1052717.765750628
2019-02-15,1053067.874262543
2019-02-18,1058166.02049316
2019-02-19,1058727.9397044997
2019-02-20,1060618.867030016
2019-02-21,1058916.403973094
2019-02-22,1059835.5401791374
2019-02-25,1065557.2191885493
2019-02-26,1062751.4134562176
2019-02-27,1064016.0348745557
2019-02-28,1061089.2408948888
2019-03-01,1062863.937781142
2019-03-04,1061166.0086836258
2019-03-05,1060951.7696525694
2019-03-06,1063094.7813420459
2019-03-07,1062439.3333125184
2019-03-08,1059303.2928208373
2019-03-11,1063472.6253447924
2019-03-12,1065762.3305841219
2019-03-13,1064512.487595492
2019-03-14,1061488.4114774559
2019-03-15,1062646.326180726
2019-03-18,1065291.632266766
2019-03-19,1067308.1580763229
2019-03-20,1066644.963409077
2019-03-21,1069409.3146616498
2019-03-22,1069809.0437816533
2019-03-25,1069128.7481647062
2019-03-26,1067639.4821812285
2019-03-27,1067597.3687071686
2019-03-28,1066788.7791968868
2019-03-29,1066496.9577249635
2019-04-01,1070476.6978298079
2019-04-02,1070791.219224829
2019-04-03,1071016.584107541
2019-04-04,1071063.2675343545
2019-04-08,1070107.4007006246
2019-04-09,1069174.0388189107
2019-04-10,1066396.0054587708
2019-04-11,1068580.010307752
2019-04-12,1065539.713087294
2019-04-15,1063609.7489367228
2019-04-16,1064398.571396004
2019-04-17,1064257.017446712
2019-04-18,1062312.969784208
2019-04-19,1063950.7072343982
2019-04-22,1063836.7718663148
2019-04-23,1062128.6954920944
2019-04-24,1062439.507282039
2019-04-25,1061851.8157653746
2019-04-26,1061700.307929276
2019-04-29,1061068.0209706454
2019-04-30,1065129.2612141196
2019-05-06,1059226.028210636
2019-05-07,1060781.1731027728
2019-05-08,1058616.6701920184
2019-05-09,1059381.6211588497
2019-05-10,1062177.973950863
2019-05-13,1063245.9988924684
2019-05-14,1062226.560410379
2019-05-15,1063967.519894408
2019-05-16,1066061.4897298813
2019-05-17,1066874.836023444
2019-05-20,1064270.3924884738
2019-05-21,1063043.787681022
2019-05-22,1062838.7594354334
2019-05-23,1061493.03035402
2019-05-24,1062157.3840086565
2019-05-27,1061534.5741275356
2019-05-28,1062693.2040616372
2019-05-29,1063250.9978573706
2019-05-30,1063267.2456254566
2019-05-31,1064751.7919479683
2019-06-03,1064487.0638370162
2019-06-04,1063778.4317398078
2019-06-05,1066953.3379068838
2019-06-06,1066303.2464988634
2019-06-10,1069107.934609224
2019-06-11,1069814.1662251505
2019-06-12,1070584.2960406416
2019-06-13,1070543.2164787122
2019-06-14,1072787.8742076373
2019-06-17,1070707.2817663434
2019-06-18,1071755.027640827
2019-06-19,1074076.4134552658
2019-06-20,1080487.9203052265
2019-06-21,1083183.0815007086
2019-06-24,1083610.0238837
2019-06-25,1085633.7283619023
2019-06-26,1082229.6473868103
2019-06-27,1083157.9642035917
2019-06-28,1082293.8257791072
2019-07-01,1083275.5162700524
2019-07-02,1084579.353670651
2019-07-03,1089294.455063908
2019-07-04,1086703.5543668391
2019-07-05,1087472.8149207563
2019-07-08,1083521.0648848612
2019-07-09,1082654.535641628
2019-07-10,1082367.5742665178
2019-07-11,1084699.6459724824
2019-07-12,1084839.9394159846
2019-07-15,1086515.25566875
2019-07-16,1086843.8716790217
2019-07-17,1086652.9423418886
2019-07-18,1085690.8968606465
2019-07-19,1087803.8611979063
2019-07-22,1085617.659218285
2019-07-23,1086061.4845076234
2019-07-24,1087019.9808687067
2019-07-25,1088658.3341265544
2019-07-26,1088778.127753605
2019-07-29,1088385.3586703858
2019-07-30,1088819.321251036
2019-08-01,1086458.338381455
2019-08-02,1088611.0992379677
2019-08-05,1091796.0544846812
2019-08-06,1090219.8677634902
2019-08-07,1091050.4039664194
2019-08-08,1094351.5036207766
2019-08-09,1096730.0468462766
2019-08-12,1098002.8280555762
2019-08-13,1097220.731651803
2019-08-14,1096498.764755945
2019-08-15,1095482.8218391102
2019-08-16,1095722.560195319
2019-08-19,1097558.472919193
2019-08-20,1097313.7839809754
2019-08-21,1097197.0886887359
2019-08-22,1097661.7373716289
2019-08-23,1096851.8596386805
2019-08-26,1097958.5626417801
2019-08-27,1099648.758756473
2019-08-28,1100600.8889146186
2019-08-29,1100467.057121232
2019-08-30,1098200.7280468356
2019-09-02,1099857.2898669
2019-09-03,1099247.309390754
2019-09-04,1099898.2909926209
2019-09-05,1102922.4119842984
2019-09-06,1104672.4288240597
2019-09-09,1106367.6525113815
2019-09-10,1103771.7215172797
2019-09-11,1102799.9887248192
2019-09-12,1103209.6171996058
2019-09-16,1102123.5918479296
2019-09-17,1100088.289578157
2019-09-18,1098889.9360036093
2019-09-19,1100080.2043686472
2019-09-20,1101721.5978616765
2019-09-23,1100189.0807695969
2019-09-24,1099927.2683934898
2019-09-25,1097094.2141242316
2019-09-26,1097989.558992732
2019-09-27,1096955.8501265463
2019-09-30,1095986.960445177
2019-10-08,1096495.1169276964
2019-10-09,1097425.966566924
2019-10-10,1099097.1468452776
2019-10-11,1100766.1995145902
2019-10-14,1102575.8971329688
2019-10-15,1101935.9164617858
2019-10-16,1101295.7635083736
2019-10-17,1101789.9691696751
2019-10-18,1099570.1647019205
2019-10-21,1098088.5477357816
2019-10-22,1099349.18592947
2019-10-23,1098490.516029039
2019-10-24,1100447.0003800227
2019-10-25,1103179.6646458576
2019-10-28,1105605.3768077746
2019-10-29,1106517.036844386
2019-10-30,1102293.098583992
2019-10-31,1100745.1816764607
2019-11-01,1103003.099430678
2019-11-04,1103722.2369366034
2019-11-05,1105455.875884926
2019-11-06,1104440.578101007
2019-11-07,1107038.2611504043
2019-11-08,1106824.7292684226
2019-11-11,1108431.9520718933
2019-11-12,1107422.379374122
2019-11-13,1108061.1867021073
2019-11-14,1108319.8825688467
2019-11-15,1108576.6601768245
2019-11-18,1113127.2911685216
2019-11-19,1116715.2829118515
2019-11-20,1114979.2649261672
2019-11-21,1115609.3770745879
2019-11-22,1114824.3465108583
2019-11-25,1113957.6058995114
2019-11-26,1116010.9884439742
2019-11-27,1115639.930167885
2019-11-28,1115707.022733919
2019-11-29,1117223.8540819169
2019-12-02,1118862.0477178781
2019-12-03,1118855.7230042168
2019-12-04,1118755.4814131113
2019-12-05,1119486.5697333082
2019-12-06,1119062.589852196
2019-12-09,1118466.1372292652
2019-12-10,1118692.4974168446
2019-12-11,1119024.3932215422
2019-12-12,1119915.9020357626
2019-12-13,1120970.6632974439
2019-12-16,1124263.2313029254
2019-12-17,1126606.0452866266
2019-12-18,1126469.9261703389
2019-12-19,1126162.4040841132
2019-12-20,1127914.3680160413
2019-12-23,1128891.9595348092
2019-12-24,1132922.9401966066
2019-12-25,1133652.5062302384
2019-12-26,1136126.6778065963
2019-12-27,1138210.8008150503
2019-12-30,1137956.6568136653
2019-12-31,1140927.415776911
2020-01-02,1141500.5781194342
2020-01-03,1143524.799295987
2020-01-06,1145626.757323911
2020-01-07,1146841.9502508664
2020-01-08,1146749.4664296855
2020-01-09,1147691.6320418858
2020-01-10,1150869.997359188
2020-01-13,1151040.5342785069
2020-01-14,1151105.5418711242
2020-01-15,1151247.1248339412
2020-01-16,1150281.1480763534
2020-01-17,1152581.4513652097
2020-01-20,1153034.286580322
2020-01-21,1156449.1898489068
2020-01-22,1154278.492348857
2020-01-23,1156213.4826230581
2020-02-03,1150798.2459508476
2020-02-04,1153066.8193612574
2020-02-05,1162143.311857487
2020-02-06,1168369.3605670924
2020-02-07,1171920.769205199
2020-02-10,1175817.7233138164
2020-02-11,1180779.9194162132
2020-02-12,1186712.9210959799
2020-02-13,1191543.761783521
2020-02-14,1185122.5061696365
2020-02-17,1187326.5385582799
2020-02-18,1187646.7220366818
2020-02-19,1186859.5594290453
2020-02-20,1190587.6970289834
2020-02-21,1193994.0623448207
2020-02-24,1196744.944890037
2020-02-25,1194385.7769961427
2020-02-26,1189742.3429363284
2020-02-27,1187390.5264157767
2020-02-28,1177164.0129371125
2020-03-02,1179254.7820927284
2020-03-03,1184195.8004674674
2020-03-04,1186226.7627128083
2020-03-05,1187413.6066059386
2020-03-06,1186280.3134704204
2020-03-09,1180901.101486382
2020-03-10,1179046.0039440403
2020-03-11,1177799.649850006
2020-03-12,1172385.2932876255
2020-03-13,1161943.124142048
2020-03-16,1147037.837387759
2020-03-17,1139010.987204788
2020-03-18,1138549.1463306085
2020-03-19,1136192.0786469544
2020-03-20,1146101.9565974523
2020-03-23,1139228.148677546
2020-03-24,1153516.3341931277
2020-03-25,1164940.3616466955
2020-03-26,1163672.4152338966
2020-03-27,1165457.069383746
2020-03-30,1162312.318274987
2020-03-31,1164374.1544528164
2020-04-01,1161642.276687359
2020-04-02,1166083.7112519718
2020-04-03,1164976.7142535928
2020-04-07,1177147.0960832213
2020-04-08,1178776.465966262
2020-04-09,1180080.8340465308
2020-04-10,1174470.1890437102
2020-04-13,1172477.6846373565
2020-04-14,1176071.6921611924
2020-04-15,1181361.8047551278
2020-04-16,1182602.5174656713
2020-04-17,1184995.5404813173
2020-04-20,1186510.140352313
2020-04-21,1185209.8550419954
2020-04-22,1194207.8761192951
2020-04-23,1199717.2289447961
2020-04-24,1201194.4562069455
2020-04-27,1202383.2687561016
2020-04-28,1202518.8497366696
2020-04-29,1206173.7993664818
2020-04-30,1208512.7783502867
2020-05-06,1208234.8655379512
2020-05-07,1201867.1263836604
2020-05-08,1201857.6951104873
2020-05-11,1198455.6425296576
2020-05-12,1197438.336146448
2020-05-13,1197091.036852043
2020-05-14,1194124.5360547383
2020-05-15,1195170.391217706
2020-05-18,1194113.8877006986
2020-05-19,1191507.3476921564
2020-05-20,1187135.2499276202
2020-05-21,1182878.697712971
2020-05-22,1182158.4893345817
2020-05-25,1181299.8807479064
2020-05-26,1181854.0533127813
2020-05-27,1177139.0298846848
2020-05-28,1177311.7071517408
2020-05-29,1178474.9522461868
2020-06-01,1184424.2434390676
2020-06-02,1182512.856509915
2020-06-03,1180382.0074583695
2020-06-04,1180544.7001978895
2020-06-05,1180124.7922659458
2020-06-08,1179405.2312756027
2020-06-09,1180851.9836581303
2020-06-10,1180844.468747763
2020-06-11,1183536.8837612022
2020-06-12,1183228.5894030426
2020-06-15,1183334.166921164
2020-06-16,1185295.8420850965
2020-06-17,1183637.9628389063
2020-06-18,1181534.7997441683
2020-06-19,1183771.1741189677
2020-06-22,1187822.2785078448
2020-06-23,1183931.6880862429
2020-06-24,1185396.1717233649
2020-06-29,1184020.9724003018
2020-06-30,1187859.9370598055
2020-07-01,1191264.699308118
2020-07-02,1194929.8824307483
2020-07-03,1200113.2440984605
2020-07-06,1207436.736489192
2020-07-07,1209024.8348187692
2020-07-08,1211719.3900581063
2020-07-09,1215520.1743127014
2020-07-10,1210888.8017038128
2020-07-13,1217359.9364875148
2020-07-14,1215846.9351791635
2020-07-15,1211983.6631101777
2020-07-16,1202082.6415264315
2020-07-17,1201371.3691940678
2020-07-20,1205219.250038261
2020-07-21,1213005.2144766252
2020-07-22,1219869.6143914498
2020-07-23,1221579.7331696386
2020-07-24,1212771.1046646726
2020-07-27,1217179.028197118
2020-07-28,1218566.0178799042
2020-07-29,1222765.6616717235
2020-07-30,1222530.4580996821
2020-07-31,1227187.4509641232
2020-08-03,1229455.2341400455
2020-08-04,1230879.3362407277
2020-08-05,1238227.8033029365
2020-08-06,1238503.0108822472
2020-08-07,1238612.4472970888
2020-08-10,1236579.302680675
2020-08-11,1230387.5367501362
2020-08-12,1214964.6162556794
2020-08-13,1221881.124280543
2020-08-14,1224191.419456609
2020-08-17,1228781.6451389804
2020-08-18,1235573.0887943842
2020-08-19,1231181.9852908086
2020-08-20,1223836.5735081858
2020-08-21,1227655.407410965
2020-08-24,1232896.81088886
2020-08-25,1237838.8859061075
2020-08-26,1231922.1562438684
2020-08-27,1238130.2065110628
2020-08-28,1241844.0306403986
2020-08-31,1251318.5136443323
2020-09-01,1254468.5543258844
2020-09-02,1256623.4697714872
2020-09-03,1256856.1696397287
2020-09-04,1246151.0015296717
2020-09-07,1233692.420251209
2020-09-08,1238086.554444032
2020-09-09,1230673.9184361524
2020-09-10,1232325.2716565123
2020-09-11,1231307.3908816208
2020-09-14,1233096.232111994
2020-09-15,1236471.0135503525
2020-09-16,1236174.4447310695
2020-09-17,1232824.5382297686
2020-09-18,1236377.80139889
2020-09-21,1236356.5104289472
2020-09-22,1232556.110932323
2020-09-23,1231557.2711226786
2020-09-24,1225222.6371214602
2020-09-25,1224879.6533245726
2020-09-28,1224433.6553486977
2020-09-29,1227861.1739861548
2020-09-30,1228091.663299614
2020-10-09,1230471.178391171
2020-10-12,1234949.6706646334
2020-10-13,1234491.5073879021
2020-10-14,1233654.7602267468
2020-10-15,1229634.34625419
2020-10-16,1231647.1513918107
2020-10-19,1232997.9444840963
2020-10-20,1232857.94400055
2020-10-21,1234162.2424551426
2020-10-22,1234728.6816924054
2020-10-23,1230009.5010582106
2020-10-26,1228675.5576378722
2020-10-27,1231893.9307046055
2020-10-28,1235839.305231955
2020-10-29,1234171.4602347475
2020-10-30,1228696.0211680292
2020-11-02,1231211.3343475172
2020-11-03,1234153.6093895584
2020-11-04,1236169.8075199472
2020-11-05,1238197.3416827102
2020-11-06,1235518.8217660896
2020-11-09,1237895.3252574238
2020-11-10,1233157.5435283505
2020-11-11,1231560.2186419398
2020-11-12,1229563.7196860933
2020-11-13,1227013.4855523775
2020-11-16,1229088.3056092102
2020-11-17,1225800.6901689388
2020-11-18,1224879.475543451
2020-11-19,1224682.5067446907
2020-11-20,1224245.643959182
2020-11-23,1229580.8176595578
2020-11-24,1223802.0238501101
2020-11-25,1221965.1080569157
2020-11-26,1220055.5814311344
2020-11-27,1219179.5420836085
2020-11-30,1217963.3569711912
2020-12-01,1220180.0302685858
2020-12-02,1226637.821956056
2020-12-03,1230391.5765662054
2020-12-04,1230277.0915741944
2020-12-07,1228271.014792997
2020-12-08,1229824.41711254
2020-12-09,1227314.1527665202
2020-12-10,1224776.805141922
2020-12-11,1221743.1058738073
2020-12-14,1221112.9294945407
2020-12-15,1221446.9253207252
2020-12-16,1221954.0257435835
2020-12-17,1223692.0335753676
2020-12-18,1224361.5252981521
2020-12-21,1228439.5399526397
2020-12-22,1225921.7237570335
2020-12-23,1226283.0814953297
2020-12-24,1224251.6550170474
2020-12-25,1227645.9327596829
2020-12-28,1226466.1914392482
2020-12-29,1226313.22990989
2020-12-30,1228648.5514203943
2020-12-31,1231978.1649199843
2021-01-04,1233497.8801483528
2021-01-05,1234722.8912384575
2021-01-06,1236011.0825897474
2021-01-07,1233447.49490557
2021-01-08,1233859.2684340233
2021-01-11,1228760.296020916
2021-01-12,1230978.6992157416
2021-01-13,1229969.3837544292
2021-01-14,1230644.656769121
2021-01-15,1231943.2847462974
2021-01-18,1232152.7212759245
2021-01-19,1230528.749093027
2021-01-20,1233115.651135912
2021-01-21,1237827.7296705435
2021-01-22,1236740.5167171757
2021-01-25,1235835.657448152
2021-01-26,1232206.2238636706
2021-01-27,1232377.4361016168
2021-01-28,1224974.7532273098
2021-01-29,1222016.6737455227
2021-02-01,1224376.3715057094
2021-02-02,1225993.924229513
2021-02-03,1225781.5717303508
2021-02-04,1220272.9711305902
2021-02-05,1219014.5788099144
2021-02-08,1220872.9905127478
2021-02-09,1224690.7858930854
2021-02-10,1227191.0230470574
2021-02-18,1225756.9211185947
2021-02-19,1227570.4456295376
2021-02-22,1229779.9466604677
2021-02-23,1228889.964232067
2021-02-24,1226559.2986283428
2021-02-25,1227309.402621381
2021-02-26,1219193.5074316373
2021-03-01,1222273.6265072776
2021-03-02,1223858.0536588016
2021-03-03,1226683.6805674438
2021-03-04,1220506.098155655
2021-03-05,1220964.9937425137
2021-03-08,1221196.877864489
2021-03-09,1217339.7603719095
2021-03-10,1219308.9235161368
2021-03-11,1223715.1308214883
2021-03-12,1222226.5157626895
2021-03-15,1222030.2734475667
2021-03-16,1223610.9864919249
2021-03-17,1223931.9780997138
2021-03-18,1225443.6043964573
2021-03-19,1221601.9834424604
2021-03-22,1223597.7510039967
2021-03-23,1223249.093640923
2021-03-24,1222222.341222952
2021-03-25,1221111.1248010905
2021-03-26,1222523.3899888552
2021-03-29,1224215.6945140327
2021-03-30,1226030.4390798283
2021-03-31,1224641.2118413732
2021-04-01,1228507.2492366445
2021-04-02,1232741.3687951474
2021-04-06,1233144.3166880216
2021-04-07,1233913.5563098616
2021-04-08,1232594.5086147166
2021-04-09,1232601.6378445192
2021-04-12,1233317.6255368947
2021-04-13,1232475.234611518
2021-04-14,1234216.3350860837
2021-04-15,1232037.6462385152
2021-04-16,1235854.289950605
2021-04-19,1238053.760592538
2021-04-20,1236162.9640233223
2021-04-21,1238365.3060287596
2021-04-22,1239524.797137823
2021-04-23,1243157.9622759544
2021-04-26,1244178.1733911699
2021-04-27,1241898.561453314
2021-04-28,1241444.8915748494
2021-04-29,1241504.7099331815
2021-04-30,1239974.6638847908
2021-05-06,1240812.7506979275
2021-05-07,1240899.3520693542
2021-05-10,1242023.9044687175
2021-05-11,1241823.7704344413
2021-05-12,1242996.8079831263
2021-05-13,1239487.494070119
2021-05-14,1242322.1355966143
2021-05-17,1245015.2023588268
2021-05-18,1247171.707843898
2021-05-19,1245965.3851772822
2021-05-20,1245569.193585479
2021-05-21,1247846.9043426383
2021-05-24,1248769.4283997144
2021-05-25,1249531.4144103415
2021-05-26,1252071.6694057402
2021-05-27,1251111.7518310114
2021-05-28,1249773.6949052066
2021-05-31,1250297.8676422536
2021-06-01,1252670.652028305
2021-06-02,1248487.1180749044
2021-06-03,1248012.0681937735
2021-06-04,1246462.9429845102
2021-06-07,1247617.8850036438
2021-06-08,1247926.668467534
2021-06-09,1247871.0757455474
2021-06-10,1248448.7087192948
2021-06-11,1248566.9772242387
2021-06-15,1245808.604917837
2021-06-16,1244883.3689479018
2021-06-17,1242766.6422653703
2021-06-18,1245084.1121771014
2021-06-21,1248296.1285315356
2021-06-22,1250722.392649082
2021-06-23,1253201.6588226536
2021-06-24,1252332.3484829161
2021-06-25,1254234.040635019
2021-06-28,1255820.4925609827
2021-06-29,1255581.1722043233
2021-06-30,1256720.027759825
2021-07-01,1256591.371227792
2021-07-02,1255546.5709918777
2021-07-05,1257067.8796298523
2021-07-06,1258902.18798486
2021-07-07,1262006.0020294015
2021-07-08,1263515.2820222054
2021-07-09,1264680.4252288658
2021-07-12,1265751.4915526845
2021-07-13,1269398.383229966
2021-07-14,1268823.4518617662
2021-07-15,1264078.4655439437
2021-07-16,1263531.748433455
2021-07-19,1260828.6783025195
2021-07-20,1262076.8998301157
2021-07-21,1265128.2937268142
2021-07-22,1266154.9466602441
2021-07-23,1266396.3391589504
2021-07-26,1267903.3863835637
2021-07-27,1264773.9462563908
2021-07-28,1262605.5585920368
2021-07-29,1265452.000135231
2021-07-30,1265583.2456393903
2021-08-02,1270346.008391147
2021-08-03,1269043.875845266
2021-08-04,1271958.4224039237
2021-08-05,1271820.8333492556
2021-08-06,1272410.7963248235
2021-08-09,1267335.314752279
2021-08-10,1266924.7122759698
2021-08-11,1265863.2761380652
2021-08-12,1269872.8040466453
2021-08-13,1271359.0663789674
2021-08-16,1271677.0945116892
2021-08-17,1271851.4441596067
2021-08-18,1272467.950846371
2021-08-19,1271618.748390793
2021-08-20,1273248.8620188842
2021-08-23,1277085.186811626
2021-08-24,1278842.5859064048
2021-08-25,1278760.0489870403
2021-08-26,1277799.0078440418
2021-08-27,1279154.343008371
2021-08-30,1281636.5648041056
2021-08-31,1284419.439540175
2021-09-01,1284598.296870877
2021-09-02,1286270.9340273817
2021-09-03,1286458.4994793104
2021-09-06,1288537.9712146723
2021-09-07,1289660.3790600568
2021-09-08,1287875.8575947294
2021-09-09,1286548.1293025897
2021-09-10,1285256.2483503022
2021-09-13,1284998.4353800705
2021-09-14,1281701.7179772793
2021-09-15,1281913.2988784253
2021-09-16,1276789.5544739573
2021-09-17,1276438.1212576325
2021-09-22,1275982.9760428558
2021-09-23,1277878.9627150497
2021-09-24,1275221.379590008
2021-09-27,1271308.199517829
2021-09-28,1270206.2916766454
2021-09-29,1265563.5333311479
2021-09-30,1268855.1768360552
2021-10-08,1268956.7670580042
2021-10-11,1265694.9488236024
2021-10-12,1261408.566686255
2021-10-13,1261517.0623422766
2021-10-14,1265755.3469567564
2021-10-15,1267993.756066217
2021-10-18,1265131.5691924423
2021-10-19,1267349.8075546771
2021-10-20,1267480.6816172302
2021-10-21,1268878.7114656668
2021-10-22,1268144.0032162955
2021-10-25,1268153.7506661715
2021-10-26,1270834.702530704
2021-10-27,1269589.8379034917
2021-10-28,1270128.9838508053
2021-10-29,1271973.436325645
2021-11-01,1275326.0379394093
2021-11-02,1276042.3177038804
2021-11-03,1276627.0506353593
2021-11-04,1279082.2609231023
2021-11-05,1281413.201410098
2021-11-08,1283708.0013534317
2021-11-09,1284350.2948037176
2021-11-10,1284945.3057959988
2021-11-11,1288577.4021694418
2021-11-12,1289500.661644212
2021-11-15,1291296.9486129296
2021-11-16,1290990.13597559
2021-11-17,1293238.852322805
2021-11-18,1295299.709620106
2021-11-19,1297232.4581969003
2021-11-22,1298539.0138848303
2021-11-23,1294505.395026512
2021-11-24,1295240.9122388682
2021-11-25,1295648.6587974685
2021-11-26,1296586.4953007165
2021-11-29,1295391.7439947764
2021-11-30,1296294.8129639816
2021-12-01,1295755.0565358892
2021-12-02,1292380.5344333628
2021-12-03,1291995.5677676096
2021-12-06,1291847.7721586952
2021-12-07,1290131.7324980414
2021-12-08,1293482.8956310337
2021-12-09,1293005.4095255777
2021-12-10,1292601.4372809362
2021-12-13,1296215.4453094609
2021-12-14,1296570.6108001
2021-12-15,1294638.9189011855
2021-12-16,1297819.4646365603
2021-12-17,1297548.2464290843
2021-12-20,1295392.6443756877
2021-12-21,1296620.528167458
2021-12-22,1300021.0771851283
2021-12-23,1304222.2843072368
2021-12-24,1302343.0758172835
2021-12-27,1302129.7817655774
2021-12-28,1305399.519981293
2021-12-29,1304055.9156897156
2021-12-30,1307097.683693721
2021-12-31,1309883.7100955285
2022-01-04,1310238.0239343424
2022-01-05,1306728.5373723484
2022-01-06,1304486.6897654694
2022-01-07,1303220.7176781688
2022-01-10,1304656.3864445125
2022-01-11,1304642.7161884394
2022-01-12,1308892.4839691354
2022-01-14,1307124.1367022865
2022-01-17,1308568.6981689942
2022-01-18,1310344.6802977398
2022-01-19,1308647.9212374839
2022-01-20,1311357.8803308415
2022-01-21,1310110.5656230352
2022-01-24,1312642.1442723328
2022-01-25,1307021.6146669816
2022-01-26,1303632.9146480681
2022-01-27,1295834.7630095263
2022-01-28,1298760.3722141993
2022-02-07,1303644.8978414314
2022-02-08,1305885.4818674729
2022-02-09,1309669.1657320699
2022-02-10,1311295.4277176822
2022-02-11,1301864.0283975368
2022-02-14,1297251.1830673236
2022-02-15,1296648.1658636888
2022-02-16,1297502.1554501974
2022-02-17,1301994.7426367828
2022-02-18,1302599.6796346512
2022-02-21,1301259.763727843
2022-02-22,1298470.258222317
2022-02-23,1301771.8080948172
2022-02-24,1298255.7340865484
2022-02-25,1300299.3192067102
2022-02-28,1299046.9862607734
2022-03-01,1300494.2859888426
2022-03-02,1301009.6865137415
2022-03-03,1299119.2026676268
2022-03-04,1297099.8520749942
2022-03-07,1297590.12792473
2022-03-08,1294568.3305306179
2022-03-09,1295655.7590417806
2022-03-10,1297402.0824648722
2022-03-11,1298839.0944614108
2022-03-14,1296613.9128039405
2022-03-15,1284459.8058688135
2022-03-16,1289533.2909368232
2022-03-17,1294483.6313835946
2022-03-18,1297843.8338539095
2022-03-21,1300906.532489335
2022-03-22,1302763.9408652594
2022-03-23,1301491.5719720272
2022-03-24,1301264.1357383982
2022-03-25,1301347.8518071119
2022-03-28,1299210.4479168444
2022-03-29,1298030.554955759
2022-03-30,1301270.347028163
2022-03-31,1298667.0703601558
2022-04-01,1300607.856521957
2022-04-06,1300646.3586173963
2022-04-07,1297394.1538909054
2022-04-08,1298224.3723569575
2022-04-11,1292320.3899459254
2022-04-12,1293269.8270880866
2022-04-13,1291883.6854476924
2022-04-14,1295802.805735751
2022-04-15,1294253.9592353022
2022-04-18,1293991.7623982576
2022-04-19,1294902.308913629
2022-04-20,1293892.2422924917
2022-04-21,1292497.2353101326
2022-04-22,1292966.784346926
2022-04-25,1281144.4190123728
2022-04-26,1281390.0892466928
2022-04-27,1281683.8468986321
2022-04-28,1281652.5158759858
2022-04-29,1287757.6019306735
2022-05-05,1288768.1532581241
2022-05-06,1284800.8194722962
2022-05-09,1286064.31440086
2022-05-10,1287275.9258017065
2022-05-11,1287135.9018872366
2022-05-12,1286900.6345159782
2022-05-13,1288536.7910530479
2022-05-16,1288565.948874017
2022-05-17,1290727.211380642
2022-05-18,1290994.4005421302
2022-05-19,1288385.0364653082
2022-05-20,1289738.7452128283
2022-05-23,1290726.9710219603
2022-05-24,1288909.8329759499
2022-05-25,1292954.7497772363
2022-05-26,1295231.571530762
2022-05-27,1294201.9226748897
2022-05-30,1293745.0943756634
2022-05-31,1292446.9692131002
2022-06-01,1291373.1913391184
2022-06-02,1292718.9725024826
2022-06-06,1295103.9811486134
2022-06-07,1293397.083204334
2022-06-08,1294467.0780120883
2022-06-09,1293453.7779733827
2022-06-10,1293857.1645694862
2022-06-13,1294148.842335252
2022-06-14,1290561.0408504696
2022-06-15,1290106.9954464615
2022-06-16,1290930.9754457683
2022-06-17,1292927.5726331584
2022-06-20,1292179.996919606
2022-06-21,1291676.2509754167
2022-06-22,1292578.8223033503
2022-06-23,1294300.4300504634
2022-06-24,1295952.05671736
2022-06-27,1296904.5826470314
2022-06-28,1296822.2234346648
2022-06-29,1293856.4392574837
2022-06-30,1296110.9783654881
2022-07-01,1295558.961297062
2022-07-04,1296031.208552766
2022-07-05,1294879.5914605164
2022-07-06,1293968.320508093
2022-07-07,1294864.647736485
2022-07-08,1294675.061429182
2022-07-11,1292477.098846476
2022-07-12,1291615.8333995915
2022-07-13,1292190.7584839275
2022-07-14,1292765.350489551
2022-07-15,1293518.5408981666
2022-07-18,1295793.5291126112
2022-07-19,1294811.0257189358
2022-07-20,1298496.397279991
2022-07-21,1297235.0089460576
2022-07-22,1300190.9101094082
2022-07-25,1297779.407594617
2022-07-26,1299607.211423432
2022-07-27,1300990.7191966032
2022-07-28,1302956.103109784
2022-07-29,1307677.2377435905
2022-08-01,1309410.1271818248
2022-08-02,1308460.8317458224
2022-08-03,1306607.947592566
2022-08-04,1309864.866100993
2022-08-05,1310543.1980325785
2022-08-08,1311065.9129975268
2022-08-09,1310792.4871427952
2022-08-10,1310047.853886495
2022-08-11,1311864.131716502
2022-08-12,1311824.3576840323
2022-08-15,1316703.0613447735
2022-08-16,1318969.0448225841
2022-08-17,1318697.337663808
2022-08-18,1316572.5145121778
2022-08-19,1316051.0566027493
2022-08-22,1315369.6473057494
2022-08-23,1314578.9333356146
2022-08-24,1311890.5063102017
2022-08-25,1310774.9001524039
2022-08-26,1310493.5896438009
2022-08-29,1308058.9766477635
2022-08-30,1307810.4106517911
2022-08-31,1304303.2474253036
2022-09-01,1300864.2295872835
2022-09-02,1304121.7917708936
2022-09-05,1305945.8264954782
2022-09-06,1308823.6875763773
2022-09-07,1308208.9156030335
2022-09-08,1309521.147039616
2022-09-09,1308332.4807159891
2022-09-13,1308731.8228641292
2022-09-14,1304146.3841976034
2022-09-15,1301024.9579208447
2022-09-16,1297575.4516882328
2022-09-19,1296966.3927240008
2022-09-20,1300430.3420062978
2022-09-21,1300638.7480687867
2022-09-22,1298961.2806880348
2022-09-23,1296654.3601974614
2022-09-26,1292689.1782225135
2022-09-27,1294264.410337843
2022-09-28,1291179.420769854
2022-09-29,1291076.0347319613
2022-09-30,1289959.6007457555
2022-10-10,1289326.4370339743
2022-10-11,1290289.9646432635
2022-10-12,1292909.2226036799
2022-10-13,1293829.8374180885
2022-10-14,1299288.4448615448
2022-10-17,1296506.6539943418
2022-10-18,1298491.0246837211
2022-10-19,1296206.723100306
2022-10-20,1293088.2918396886
2022-10-21,1292064.9540642684
2022-10-24,1293551.8929092877
2022-10-25,1292666.5869981807
2022-10-26,1293710.2209597805
2022-10-27,1292257.044585871
2022-10-28,1288474.6249651506
2022-10-31,1290132.5334726593
2022-11-01,1291145.6344879733
2022-11-02,1291603.9269788908
2022-11-03,1290571.2136499605
2022-11-04,1292145.9386637197
2022-11-07,1292203.8033496188
2022-11-08,1292389.0156180237
2022-11-09,1297755.9631611782
2022-11-10,1295322.959119492
2022-11-11,1298628.6030760785
2022-11-14,1293848.2039586278
2022-11-15,1294352.3140388096
2022-11-16,1292656.0869207173
2022-11-17,1293480.5205707443
2022-11-18,1290461.121721183
2022-11-21,1292475.4900959947
2022-11-22,1290745.9048454503
2022-11-23,1292361.755257671
2022-11-24,1295065.364970614
2022-11-25,1294069.2081368475
2022-11-28,1291241.3541282269
2022-11-29,1290508.952232895
2022-11-30,1290671.552510476
2022-12-01,1293562.8717611118
2022-12-02,1295816.9484308981
2022-12-05,1293822.0376511181
2022-12-06,1290061.4303960202
2022-12-07,1288532.5604794892
2022-12-08,1290409.2155284549
2022-12-09,1291117.729379607
2022-12-12,1289767.5516365469
2022-12-13,1285898.3768138161
2022-12-14,1287786.2222615057
2022-12-15,1286173.2382097282
2022-12-16,1282265.1855812508
2022-12-19,1282220.5462496805
2022-12-20,1280037.006705041
2022-12-21,1281445.1326897216
2022-12-22,1282004.1950425976
2022-12-23,1280175.327503619
2022-12-26,1281230.169935406
2022-12-27,1283571.3986178515
2022-12-28,1284534.2757326893
2022-12-29,1282277.3365358792
2022-12-30,1284074.5270539606
2023-01-03,1285512.4175171768
2023-01-04,1287291.67200493
2023-01-05,1288381.6716984897
2023-01-06,1285678.5866510214
2023-01-09,1289493.680116777
2023-01-10,1287557.261409762
2023-01-11,1287273.631598735
2023-01-12,1286824.5937987408
2023-01-13,1288141.1501467817
2023-01-16,1289093.7924750533
2023-01-17,1290037.7560348313
2023-01-18,1290477.9407953606
2023-01-19,1289458.0432003806
2023-01-20,1292652.5745458314
2023-01-30,1295817.6337097904
2023-01-31,1293049.4995665532
2023-02-01,1297220.6075726007
2023-02-02,1300130.9403636446
2023-02-03,1297440.046192079
2023-02-06,1292129.644096137
2023-02-07,1291859.4689257597
2023-02-08,1292325.1242328857
2023-02-09,1292753.06748282
2023-02-10,1289952.1745880065
2023-02-13,1291090.5302594013
2023-02-14,1291056.6418307705
2023-02-15,1290626.6216799724
2023-02-16,1288692.5351076247
2023-02-17,1283973.111902728
2023-02-20,1286215.5335505928
2023-02-21,1286800.5632385733
2023-02-22,1287043.0455216484
2023-02-23,1287062.9120879935
2023-02-24,1286501.9893872787
2023-02-27,1285392.5603259245
2023-02-28,1286102.5354582854
2023-03-01,1287904.60215011
2023-03-02,1287455.0583997522
2023-03-03,1290465.7311382762
2023-03-06,1293998.2097019118
2023-03-07,1294861.9083450807
2023-03-08,1293726.3633977557
2023-03-09,1295203.3066315977
2023-03-10,1293941.804452813
2023-03-13,1294679.921745118
2023-03-14,1294838.7266295047
2023-03-15,1296623.3451572957
2023-03-16,1296473.2397426332
2023-03-17,1299022.173813643
2023-03-20,1302004.9746920916
2023-03-21,1302286.8301074556
2023-03-22,1302459.746943333
2023-03-23,1302024.7473204082
2023-03-24,1302616.2195968325
2023-03-27,1302258.814862276
2023-03-28,1301161.7655353253
2023-03-29,1301757.0429562891
2023-03-30,1302871.0541189387
2023-03-31,1304983.3244333563
2023-04-03,1305869.8363579735
2023-04-04,1307496.308010113
2023-04-06,1308339.9681544541
2023-04-07,1309715.4430790145
2023-04-10,1307480.8370371545
2023-04-11,1307969.868790588
2023-04-12,1308658.449878054
2023-04-13,1307964.330408175
2023-04-14,1309493.4617430933
2023-04-17,1309880.3185294296
2023-04-18,1310192.8223878369
2023-04-19,1310118.175866549
2023-04-20,1309131.179144234
2023-04-21,1307985.477042043
2023-04-24,1307370.666911617
2023-04-25,1307734.9622217685
2023-04-26,1308365.5926570697
2023-04-27,1310608.969965564
2023-04-28,1312056.8864803896
2023-05-04,1314113.1547907
2023-05-05,1315428.3172052184
2023-05-08,1315928.428766104
2023-05-09,1315630.847539384
2023-05-10,1316576.0358796017
2023-05-11,1318337.9329372086
2023-05-12,1316207.1103901677
2023-05-15,1317237.0792168817
2023-05-16,1316512.8817070802
2023-05-17,1316791.508988267
2023-05-18,1317047.8078543318
2023-05-19,1318819.1902516093
2023-05-22,1320238.2511289415
2023-05-23,1322692.3313982277
2023-05-24,1320774.4027047893
2023-05-25,1319602.1136371647
2023-05-26,1320246.0624197912
2023-05-29,1322315.0169414121
2023-05-30,1323506.7473836835
2023-05-31,1324624.576737671
2023-06-01,1325760.502271402
2023-06-02,1326337.6930692072
2023-06-05,1326590.8065529699
2023-06-06,1326475.7809398456
2023-06-07,1327727.1168021122
2023-06-08,1325398.8275567936
2023-06-09,1327723.7371571255
2023-06-12,1329408.184457198
2023-06-13,1332474.33495261
2023-06-14,1332193.150267715
2023-06-15,1330606.259186259
2023-06-16,1329900.2311949427
2023-06-19,1329253.779079293
2023-06-20,1329474.0751618673
2023-06-21,1328776.486224982
2023-06-26,1327397.933965237
2023-06-27,1327780.676104763
2023-06-28,1328800.7398264958
2023-06-29,1330353.7466197025
2023-06-30,1333916.4763243478
2023-07-03,1336239.251412814
2023-07-04,1337509.1226761793
2023-07-05,1337131.3468641262
2023-07-06,1338350.0757610262
2023-07-07,1337515.7576821742
2023-07-10,1337120.8910613877
2023-07-11,1338132.4866910598
2023-07-12,1337977.5877084103
2023-07-13,1341130.8721972224
2023-07-14,1342916.5556189474
2023-07-17,1343534.0652421024
2023-07-18,1344633.690175631
2023-07-19,1347524.6086678759
2023-07-20,1343868.5078807957
2023-07-21,1342595.9652728238
2023-07-24,1342025.6107432584
2023-07-25,1343219.499818265
2023-07-26,1343911.8868715197
2023-07-27,1344743.2854123623
2023-07-28,1344342.3186491104
2023-07-31,1344449.1683508982
2023-08-01,1345001.8433879807
2023-08-02,1343110.754723892
2023-08-03,1342794.575592802
2023-08-04,1343541.315480707
2023-08-07,1342383.570009695
2023-08-08,1341484.5759717901
2023-08-09,1340470.1445241154
2023-08-10,1339065.4897669414
2023-08-11,1339305.6235608535
2023-08-14,1339284.30806077
2023-08-15,1342249.5391876607
2023-08-16,1341457.8445003796
2023-08-17,1343156.3586391218
2023-08-18,1341274.0935046603
2023-08-21,1342162.1252712994
2023-08-22,1341664.9835941794
2023-08-23,1340735.962983477
2023-08-24,1343533.0065475958
2023-08-25,1338337.5993659538
2023-08-28,1337915.4799861906
2023-08-29,1340965.166128062
2023-08-30,1345080.5202581591
2023-08-31,1345766.3734192385
2023-09-01,1345025.4474466152
2023-09-04,1345026.9957399464
2023-09-05,1344810.6938368615
2023-09-06,1344170.006901035
2023-09-07,1339283.2327582182
2023-09-08,1340975.6574965087
2023-09-11,1341357.978046979
2023-09-12,1342433.3270995228
2023-09-13,1341414.7822647912
2023-09-14,1343149.0341887036
2023-09-15,1341435.9881977928
2023-09-18,1338902.689433565
2023-09-19,1340787.879160449
2023-09-20,1342484.0037442101
2023-09-21,1339404.098944103
2023-09-22,1340948.2438675514
2023-09-25,1341397.5614425086
2023-09-26,1339394.0199536907
2023-09-27,1334461.292915165
2023-09-28,1336747.8222591083
2023-10-09,1336145.414270595
2023-10-10,1334014.429195552
2023-10-11,1332354.180486288
2023-10-12,1334701.4481632654
2023-10-13,1334619.2847597082
2023-10-16,1333680.1374584292
2023-10-17,1333441.7453673596
2023-10-18,1331462.2420089191
2023-10-19,1327655.326798702
2023-10-20,1328584.8902392478
2023-10-23,1323561.0923925692
2023-10-24,1329005.4172904824
2023-10-25,1330238.885635393
2023-10-26,1330200.4465594795
2023-10-27,1333297.6332793445
2023-10-30,1336122.9980211824
2023-10-31,1335664.008238616
2023-11-01,1335786.5980573224
2023-11-02,1337200.2000595937
2023-11-03,1340796.5980952352
2023-11-06,1342779.633313237
2023-11-07,1342999.4550905745
2023-11-08,1343120.7962469636
2023-11-09,1341944.324081216
2023-11-10,1341310.2960400295
2023-11-13,1343526.0590621384
2023-11-14,1344786.984617869
2023-11-15,1348051.9421589235
2023-11-16,1345945.4003016308
2023-11-17,1347327.2991626633
2023-11-20,1345916.9286870253
2023-11-21,1347334.680243374
2023-11-22,1347815.7549832815
2023-11-23,1346312.0943209082
2023-11-24,1350857.4282621047
2023-11-27,1355676.571263675
2023-11-28,1356601.57745943
2023-11-29,1356154.7037264162
2023-11-30,1355930.4182685355
2023-12-01,1356778.6239247462
2023-12-04,1357503.3676360596
2023-12-05,1354079.6975770646
2023-12-06,1355014.6047778274
2023-12-07,1355065.0458746625
2023-12-08,1356708.9188994113
2023-12-11,1354628.2508765277
2023-12-12,1355700.5797062211
2023-12-13,1357343.6604916954
2023-12-14,1361002.7952619311
2023-12-15,1360338.2080569603
2023-12-18,1361075.6970655823
2023-12-19,1360647.1209643832
2023-12-20,1361833.909642437
2023-12-21,1358017.413773696
2023-12-22,1360387.90425799
2023-12-25,1361448.518055367
2023-12-26,1362627.680839657
2023-12-27,1365083.4248333317
2023-12-28,1368285.3877954977
2023-12-29,1369864.1239800705
2024-01-02,1372463.9222717753
2024-01-03,1369736.5301490068
2024-01-04,1370066.1118626317
2024-01-05,1370110.7820792133
2024-01-08,1366831.8400232121
2024-01-09,1368806.8367515625
2024-01-10,1367892.4081310171
2024-01-11,1369646.3022093254
2024-01-12,1368862.089532717
2024-01-15,1369171.923283988
2024-01-16,1368472.7380963448
2024-01-17,1366849.1159605174
2024-01-18,1365806.678717533
2024-01-19,1368958.8057135686
2024-01-22,1368214.1830372487
2024-01-23,1367390.1193642085
2024-01-24,1366751.403442184
2024-01-25,1368468.0489482637
2024-01-26,1369608.0960778059
2024-01-29,1368315.157622719
2024-01-30,1370380.1592074744
2024-01-31,1367943.0355930931
2024-02-01,1366778.0029290977
2024-02-02,1367524.4195969843
2024-02-05,1365845.2657616327
2024-02-06,1366718.5238054004
2024-02-07,1365824.4342022738
2024-02-08,1371576.3663103513
2024-02-19,1371169.4135141813
2024-02-20,1372827.1025529085
2024-02-21,1373847.6395042192
2024-02-22,1376270.8734737686
2024-02-23,1378969.5750004004
2024-02-26,1378923.9249969916
2024-02-27,1380335.4499718547
2024-02-28,1377754.6546997349
2024-02-29,1379243.5216157234
2024-03-01,1380898.3125999405
2024-03-04,1383350.2518732226
2024-03-05,1383784.1131721542
2024-03-06,1386706.7558856027
2024-03-07,1388539.1196578862
2024-03-08,1389318.2178032547
2024-03-11,1389240.8743413938
2024-03-12,1387877.8960850495
2024-03-13,1387269.0866366832
2024-03-14,1386289.5306270684
2024-03-15,1388504.818802864
2024-03-18,1388884.077279707
2024-03-19,1389927.190493002
2024-03-20,1390848.5483935014
2024-03-21,1395357.536141605
2024-03-22,1393908.4960604825
2024-03-25,1393140.4040654209
2024-03-26,1394044.8984713918
2024-03-27,1393172.7912663845
2024-03-28,1395409.2289919597
2024-03-29,1399860.2975791334
2024-04-01,1402036.7938662095
2024-04-02,1402476.1383200618
2024-04-03,1404818.020307752
2024-04-08,1408726.3474825611
2024-04-09,1410752.3297399378
2024-04-10,1411709.9512664485
2024-04-11,1410458.4666957573
2024-04-12,1416300.1603670246
2024-04-15,1411632.6091629283
2024-04-16,1407527.412452489
2024-04-17,1410547.2832395192
2024-04-18,1410952.942315572
2024-04-19,1409806.6802462367
2024-04-22,1407087.876565964
2024-04-23,1406583.3696426824
2024-04-24,1407428.6832049552
2024-04-25,1407409.0725925092
2024-04-26,1408335.627323837
2024-04-29,1404476.6202535927
2024-04-30,1407510.4661103708
2024-05-06,1411359.8051382806
2024-05-07,1415641.045999669
2024-05-08,1415747.3031938295
2024-05-09,1415048.9882754055
2024-05-10,1416822.939097019
2024-05-13,1417057.614151685
2024-05-14,1417222.3488085065
2024-05-15,1417547.1167414337
2024-05-16,1419815.0166123784
2024-05-17,1418712.2275164311
2024-05-20,1423551.934733758
2024-05-21,1421752.0124076093
2024-05-22,1423167.9040050486
2024-05-23,1421512.9821796273
2024-05-24,1417780.9720446907
2024-05-27,1420319.8964604794
2024-05-28,1420868.728694914
2024-05-29,1419789.0627929308
2024-05-30,1418001.7883833826
2024-05-31,1417895.89797241
2024-06-03,1415682.5387350176
2024-06-04,1416402.1455833747
2024-06-05,1416535.3624322785
2024-06-06,1415929.2088073778
2024-06-07,1417766.740806835
2024-06-11,1416770.499524837
2024-06-12,1419797.6634437044
2024-06-13,1421457.8469245005
2024-06-14,1420686.9606836075
2024-06-17,1420256.1701575154
2024-06-18,1422787.291617131
2024-06-19,1422445.3426230908
2024-06-20,1421258.2431376167
2024-06-21,1418540.1953401738
2024-06-24,1412182.6261839077
2024-06-25,1413161.5081533361
2024-06-26,1418965.8100046427
2024-06-27,1418337.8966913023
2024-06-28,1422018.197970476
2024-07-01,1421697.4412307558
2024-07-02,1423171.6360102925
2024-07-03,1425626.3063602278
2024-07-04,1422774.3661282575
2024-07-05,1422916.4187632694
2024-07-08,1418960.7450900543
2024-07-09,1423312.7524430994
2024-07-10,1422176.9116127216
2024-07-11,1425025.173884962
2024-07-12,1421247.5565513235
2024-07-15,1422877.9700340754
2024-07-16,1424981.1614130838
2024-07-17,1423049.0018593774
2024-07-18,1420447.9510451285
2024-07-19,1416642.138802264
2024-07-22,1416584.808606857
2024-07-23,1416424.2989961621
2024-07-24,1413261.38328306
2024-07-25,1408917.3807615596
2024-07-26,1411068.9254713894
2024-07-29,1412042.6342700107
2024-07-30,1412051.6341060791
2024-07-31,1415924.4681485053
2024-08-01,1419078.7774813315
2024-08-02,1417501.6964723843
2024-08-05,1409603.3563847612
2024-08-06,1409967.5866446707
2024-08-07,1411687.4686736818
2024-08-08,1409582.0688092757
2024-08-09,1409559.1929847088
2024-08-12,1404674.561698458
2024-08-13,1408305.5700789492
2024-08-14,1408719.9062467134
2024-08-15,1406145.5474533632
2024-08-16,1404800.9437650505
2024-08-19,1404877.89487324
2024-08-20,1402735.929839645
2024-08-21,1401760.9127998052
2024-08-22,1401203.0949181875
2024-08-23,1402020.2172530934
2024-08-26,1403871.9232887684
2024-08-27,1401525.9331399335
2024-08-28,1401895.3604507744
2024-08-29,1400770.2968667804
2024-08-30,1402763.174067453
2024-09-02,1403350.3858627062
2024-09-03,1404824.215703229
2024-09-04,1401659.1264512732
2024-09-05,1404344.1176885935
2024-09-06,1404160.3353332945
2024-09-09,1401915.0791141323
2024-09-10,1403017.985319694
2024-09-11,1404270.9018879244
2024-09-12,1403396.2072710083
2024-09-13,1406075.6896350293
2024-09-18,1404876.3746941783
2024-09-19,1405574.6040047794
2024-09-20,1407621.9902206294
2024-09-23,1410030.7729354128
2024-09-24,1413618.522021416
2024-09-25,1417707.076162952
2024-09-26,1421744.7672963957
2024-09-27,1422070.2309210135
2024-09-30,1429101.233887677
2024-10-08,1438166.9010087992
2024-10-09,1429336.2030740953
2024-10-10,1431896.0987885813
2024-10-11,1432192.9173323356
2024-10-14,1438576.1301719588
2024-10-15,1439807.5466229673
2024-10-16,1443225.3895938557
2024-10-17,1446782.3671328106
2024-10-18,1450709.587672242
2024-10-21,1457187.4410036916
2024-10-22,1456611.1361225033
2024-10-23,1456916.8423316856
2024-10-24,1455485.8372117593
2024-10-25,1456945.747654007
2024-10-28,1458913.7323394942
2024-10-29,1459511.0276150787
2024-10-30,1462980.7479997699
2024-10-31,1461796.525773433
2024-11-01,1459083.9735451825
2024-11-04,1461199.200222994
2024-11-05,1464685.801405583
2024-11-06,1468506.580917098
2024-11-07,1471620.2178220581
2024-11-08,1471111.689686544
2024-11-11,1472144.0948818107
2024-11-12,1468937.8965203282
2024-11-13,1467538.6172607616
2024-11-14,1462610.6224074436
2024-11-15,1460642.5239551393
2024-11-18,1460281.9549234323
2024-11-19,1464289.8567205514
2024-11-20,1467210.4583068944
2024-11-21,1469450.879414951
2024-11-22,1470268.786502991
2024-11-25,1469893.6825933715
2024-11-26,1466104.3186911917
2024-11-27,1468697.8515916485
2024-11-28,1467700.2380499023
2024-11-29,1471023.3149784752
2024-12-02,1475433.6365305844
2024-12-03,1478415.7396801962
2024-12-04,1477294.9706080914
2024-12-05,1478977.1252807865
2024-12-06,1478003.0033781743
2024-12-09,1479353.3563011477
2024-12-10,1483721.5682304406
2024-12-11,1486174.0491776406
2024-12-12,1490165.149565909
2024-12-13,1491932.4860912217
2024-12-16,1491365.8555809138
2024-12-17,1488331.5029934451
2024-12-18,1488922.6572902482
2024-12-19,1484477.9382861033
2024-12-20,1486049.5834775611
2024-12-23,1488787.904736331
2024-12-24,1486562.9463973509
2024-12-25,1484720.6229784614
2024-12-26,1486096.5087545407
2024-12-27,1488140.8008510142
2024-12-30,1482464.9535304336
2024-12-31,1483167.4802171043
2025-01-02,1486189.6300542771
2025-01-03,1487865.4106323628
2025-01-06,1487305.1007160668
2025-01-07,1486466.969815932
2025-01-08,1486494.324998091
2025-01-09,1486589.1910891465
2025-01-10,1486065.3807828568
2025-01-13,1482078.9134457698
2025-01-14,1487063.897388855
2025-01-15,1487671.4835337065
2025-01-16,1489859.2140836564
2025-01-17,1490518.8340920338
2025-01-20,1492286.9091362313
2025-01-21,1492309.7107728687
2025-01-22,1493175.4332573717
2025-01-23,1491204.7050824887
2025-01-24,1492870.8914773355
2025-01-27,1492646.309525843
2025-02-05,1497105.8262317637
2025-02-06,1502176.329330525
2025-02-07,1503831.0716177523
2025-02-10,1504972.9189733039
2025-02-11,1505739.68229
2025-02-12,1506153.0762297574
2025-02-13,1506306.0652826072
2025-02-14,1505800.4350967973
2025-02-17,1503942.2920055306
2025-02-18,1502757.4958830674
2025-02-19,1508443.7201484265
2025-02-20,1506437.9358477495
2025-02-21,1507291.5587883396
2025-02-24,1501740.2110700698
2025-02-25,1500803.6288407554
2025-02-26,1502594.9569381662
2025-02-27,1500366.0449803236
2025-02-28,1489702.3300115997
2025-03-03,1493407.7824376882
2025-03-04,1494562.4543540939
2025-03-05,1498071.557135423
2025-03-06,1499895.7371276587
2025-03-07,1496488.837505016
2025-03-10,1495265.2821510797
2025-03-11,1487597.4340072954
2025-03-12,1491775.2388162345
2025-03-13,1493205.781541968
2025-03-14,1498384.8045370774
2025-03-17,1498540.9721817186
2025-03-18,1501890.0008367235
2025-03-19,1496216.05486753
2025-03-20,1496299.401578585
2025-03-21,1489962.9443833176
2025-03-24,1491051.9243567216
2025-03-25,1495282.6368945187
2025-03-26,1496625.5266507969
2025-03-27,1495727.1694710057
2025-03-28,1494875.9504122564
2025-03-31,1491063.15454463
2025-04-01,1495097.513303025
2025-04-02,1495895.0532497475
2025-04-03,1498399.7643896658
2025-04-07,1471745.693013564
2025-04-08,1477672.0650232711
2025-04-09,1481552.0697409918
2025-04-10,1495174.04988445
2025-04-11,1497059.3471067573
2025-04-14,1499833.6933002558
2025-04-15,1498171.157993503
2025-04-16,1500507.4303092952
2025-04-17,1501383.7365247994
2025-04-18,1501150.6818151854
2025-04-21,1503714.491052592
2025-04-22,1509530.4713874697
2025-04-23,1502752.831044922
2025-04-24,1500207.6796536942
2025-04-25,1503468.6865909938
2025-04-28,1500360.6919885203
2025-04-29,1502633.0621738213
2025-04-30,1507171.146281505
2025-05-06,1505908.7854700945
2025-05-07,1507358.233692976
2025-05-08,1510096.0442161057
2025-05-09,1508870.475174898
2025-05-12,1509081.507097161
2025-05-13,1508133.525561056
2025-05-14,1508097.2010841828
2025-05-15,1503828.716279779
2025-05-16,1506669.8097041056
2025-05-19,1510206.9990568918
2025-05-20,1511035.7420411643
2025-05-21,1513707.7811944436
2025-05-22,1512185.8119406083
2025-05-23,1511971.8692110525
2025-05-26,1511845.7905631298
2025-05-27,1511964.9834542875
2025-05-28,1511850.916348862
2025-05-29,1512106.459268371
2025-05-30,1512198.2077910947
2025-06-03,1513878.7210932134
2025-06-04,1515690.6932429015
2025-06-05,1515701.2646334975
2025-06-06,1516643.5204648739
2025-06-09,1518682.7997372937
2025-06-10,1519704.7886554997
2025-06-11,1520202.4412070722
2025-06-12,1520431.1149559894
2025-06-13,1519696.2631184503
2025-06-16,1521100.3678315699
2025-06-17,1522161.0508734994
2025-06-18,1522197.1120128403
2025-06-19,1520406.604044378
2025-06-20,1519812.1509494192
2025-06-23,1520413.914462836
2025-06-24,1521786.0325556444
2025-06-25,1523405.2153259735
2025-06-26,1524079.0558864267
2025-06-27,1524898.2333741973
2025-06-30,1525515.9577428491
2025-07-01,1529650.498452138
2025-07-02,1530384.183522511
2025-07-03,1532191.034056651
2025-07-04,1531987.3348383408
2025-07-07,1531524.89529102
2025-07-08,1532609.5185461761
2025-07-09,1533950.709845911
2025-07-10,1538228.925003018
2025-07-11,1536432.9209831858
2025-07-14,1537314.8366429587
2025-07-15,1538771.841774121
2025-07-16,1538657.4259535223
2025-07-17,1540960.6725489497
2025-07-18,1542204.164083676
2025-07-21,1543254.301136597
2025-07-22,1543462.1447172072
2025-07-23,1542704.9639670425
2025-07-24,1541640.299646108
2025-07-25,1543671.2330539864
2025-07-28,1543494.943599565
2025-07-29,1541631.9179468898
2025-07-30,1542352.8352674434
2025-07-31,1542664.027612445
2025-08-01,1540999.1132408495
2025-08-04,1541945.2803784686
2025-08-05,1544989.3280880945
2025-08-06,1545492.032766002
2025-08-07,1547318.0366434136
2025-08-08,1548464.2087996048
2025-08-11,1547823.8319262695
2025-08-12,1546564.5673037402
2025-08-13,1549318.5088038244
2025-08-14,1548293.9096343166
2025-08-15,1549610.2041205207
2025-08-18,1548245.2945167385
2025-08-19,1547924.0362569618
2025-08-20,1546359.4786897427
2025-08-21,1549162.8595244945
2025-08-22,1550004.262842743
2025-08-25,1554193.4701190882
2025-08-26,1554507.527176941
2025-08-27,1550591.5856152822
2025-08-28,1549681.3214268526
2025-08-29,1549022.9806949506
2025-09-01,1549794.800473454
2025-09-02,1549155.9680390244
2025-09-03,1550937.9666628083
2025-09-04,1551078.5731189114
2025-09-05,1553801.406139263
2025-09-08,1555074.5821505783
2025-09-09,1555175.036887639
2025-09-10,1554600.1330578732
2025-09-11,1556986.9349636426
2025-09-12,1559033.2008575513
2025-09-15,1558927.216654178
2025-09-16,1561832.8312394712
2025-09-17,1562376.2925126813
2025-09-18,1560020.1130211374
2025-09-19,1559039.0155862027
2025-09-22,1562663.3823061925
2025-09-23,1564315.004830292
2025-09-24,1564553.0514906733
2025-09-25,1563822.0375783087
2025-09-26,1564322.1814691664
2025-09-29,1567722.85886703
2025-09-30,1572339.9964500444
2025-10-09,1581005.2901737683
2025-10-10,1579144.633688258
2025-10-13,1579851.8345322572
2025-10-14,1578801.4491845255
2025-10-15,1582498.0973907476
2025-10-16,1582598.1916970215
2025-10-17,1583958.1391037388
2025-10-20,1582761.5261558022
2025-10-21,1586660.317895293
2025-10-22,1583569.074279316
2025-10-23,1583367.9812198763
2025-10-24,1583877.1310889232
2025-10-27,1588177.9937047544
2025-10-28,1587178.465437908
2025-10-29,1592976.758159191
2025-10-30,1591034.3850231816
2025-10-31,1591818.289842702
2025-11-03,1591491.2539753336
2025-11-04,1589021.955112322
2025-11-05,1587938.4464159172
2025-11-06,1589373.8682435406
2025-11-07,1587812.2365709664
2025-11-10,1590570.0733900722
2025-11-11,1591927.1317903895
2025-11-12,1591531.548272959
2025-11-13,1593534.540773925
2025-11-14,1590224.5657117919
2025-11-17,1589053.4423240302
2025-11-18,1583123.4300177975
2025-11-19,1583567.2337458988
2025-11-20,1586609.114627917
2025-11-21,1579434.4559156059
2025-11-24,1581515.5974604643
2025-11-25,1584609.83450989
2025-11-26,1582506.3902116823
2025-11-27,1581486.2485766532
2025-11-28,1583664.3102214744
2025-12-01,1584624.6514970544
2025-12-02,1583161.3851908315
2025-12-03,1583409.8593200445
2025-12-04,1580926.3449177726
2025-12-05,1583925.7562246728
2025-12-08,1585011.5776288162
2025-12-09,1583003.9874542423
2025-12-10,1583821.3932679633
2025-12-11,1582876.6352104777
2025-12-12,1582540.2748818046
2025-12-15,1580275.0073137141
2025-12-16,1576558.7957876283
2025-12-17,1579519.1524756034
2025-12-18,1579559.9646435725
2025-12-19,1581853.542970185
2025-12-22,1583791.2052756438
2025-12-23,1585790.4833608475
2025-12-24,1586174.7324716158
2025-12-25,1587330.1958410903
2025-12-26,1587710.2569325936
2025-12-29,1584183.9198530104
2025-12-30,1582536.4759442941
2025-12-31,1581734.5922967435
2026-01-05,1584232.201163852
2026-01-06,1585445.9463378564
2026-01-07,1584485.9558518534
2026-01-08,1585973.2276495753
2026-01-09,1587696.8644991482
2026-01-12,1591074.6563408638
2026-01-13,1589403.916087089
2026-01-14,1590944.6369877476
2026-01-15,1590859.071240021
2026-01-16,1592080.937486185
2026-01-19,1593407.7911671004
2026-01-20,1593751.1789408103
2026-01-21,1596669.8609572698
2026-01-22,1598355.2879586057
2026-01-23,1602341.2141519566
2026-01-26,1600629.5294848566
2026-01-27,1601788.5750722948
2026-01-28,1604620.71679343
2026-01-29,1607634.1365830642
2026-01-30,1599972.9499796252
2026-02-02,1590067.7425364302
2026-02-03,1596128.5399987549
2026-02-04,1596730.8841707509
2026-02-05,1594916.6906186424
2026-02-06,1594697.9596114422
2026-02-09,1598873.4538918152
2026-02-10,1598344.6596429856
2026-02-11,1598365.1611121064
2026-02-12,1598605.0648224752
2026-02-13,1598190.0691956913
2026-02-24,1600195.4201408974
2026-02-25,1599362.6555256732
2026-02-26,1597250.461924118
2026-02-27,1598260.1558331812
2026-03-02,1599440.982402017
2026-03-03,1596516.5333908068
2026-03-04,1595732.2909743688
2026-03-05,1596635.4035195368
2026-03-06,1596998.0314817654
2026-03-09,1593285.092482624
2026-03-10,1595741.2509217765
2026-03-11,1596697.5041459824
2026-03-12,1595487.2642489173
2026-03-13,1592148.1636373524
