trade_date,nav_cs20_full
2018-01-03,1000000.0
2018-01-04,1001813.4304440405
2018-01-05,1007487.8983640905
2018-01-08,1021719.3175254549
2018-01-09,1029428.1677560097
2018-01-10,1022331.3385643744
2018-01-11,1022730.442112863
2018-01-12,1024981.3655106219
2018-01-15,1022040.0497950106
2018-01-16,1018895.7764900834
2018-01-17,1017020.4113911222
2018-01-18,1020232.9973239556
2018-01-19,1019812.6977629494
2018-01-22,1026635.4988363042
2018-01-23,1032616.7323602658
2018-01-24,1037142.7712786123
2018-01-25,1035513.8074025494
2018-01-26,1034743.8126018995
2018-01-29,1024883.5251501758
2018-01-30,1019201.0253703176
2018-01-31,1014775.3162312679
2018-02-01,998029.3256296573
2018-02-02,999201.7019614583
2018-02-05,998360.2457781222
2018-02-06,974124.2243114974
2018-02-07,971053.8473398942
2018-02-08,973986.0274005064
2018-02-09,958073.7725935653
2018-02-12,969072.5668949689
2018-02-13,971152.1514909392
2018-02-14,971910.3218782819
2018-02-22,980503.872162825
2018-02-23,984162.415727897
2018-02-26,995676.07352234
2018-02-27,997106.5137665785
2018-02-28,992373.5944498812
2018-03-01,998512.4997072942
2018-03-02,996412.643683449
2018-03-05,994610.8630163444
2018-03-06,1000553.4849955053
2018-03-07,994765.8156283172
2018-03-08,1001484.7625695484
2018-03-09,1006490.3054261063
2018-03-12,1012412.2282348673
2018-03-13,1009965.3238835824
2018-03-14,1006752.3611797573
2018-03-15,998526.0553187333
2018-03-16,996504.415396413
2018-03-19,1004118.8607593228
2018-03-20,1009837.5190205436
2018-03-21,1005141.5484264137
2018-03-22,1008200.484566586
2018-03-23,982092.3713194939
2018-03-26,984413.9830713321
2018-03-27,991404.4119319044
2018-03-28,988943.489646241
2018-03-29,989590.1498261443
2018-03-30,997567.5243463169
2018-04-02,998126.014789181
2018-04-03,993355.6542694276
2018-04-04,993273.8382656701
2018-04-09,994780.2093228382
2018-04-10,993437.7222034032
2018-04-11,1004459.6433324704
2018-04-12,1013542.6511782353
2018-04-13,1008985.2628702207
2018-04-16,1004983.5444597492
2018-04-17,997616.7027451906
2018-04-18,1006877.7125940884
2018-04-19,1007303.2836668148
2018-04-20,996955.6249950731
2018-04-23,994784.1632629132
2018-04-24,1003008.6781186274
2018-04-25,1002520.5897473453
2018-04-26,994457.9786347804
2018-04-27,996742.2898999561
2018-05-02,996081.3886982633
2018-05-03,999134.5248813394
2018-05-04,1003289.5719183312
2018-05-07,1008208.1364902011
2018-05-08,1008182.0673780238
2018-05-09,1017063.5070151656
2018-05-10,1022782.0542918156
2018-05-11,1010591.2874536742
2018-05-14,1006425.1952604359
2018-05-15,1011066.6201176137
2018-05-16,1007259.9697509388
2018-05-17,1007200.3792269892
2018-05-18,1009547.4681816275
2018-05-21,1015076.3487285284
2018-05-22,1020288.8267432428
2018-05-23,1011191.1725550214
2018-05-24,1013023.2688834612
2018-05-25,1010200.135390234
2018-05-28,1002237.619080504
2018-05-29,996757.5733500889
2018-05-30,977160.3081802496
2018-05-31,980340.7081133878
2018-06-01,974171.6179979952
2018-06-04,976058.1027062287
2018-06-05,985679.5902695552
2018-06-06,994696.448671464
2018-06-07,991686.0711955881
2018-06-08,984817.2087273925
2018-06-11,984729.6196090579
2018-06-12,981873.8091400808
2018-06-13,973140.7856072732
2018-06-14,974039.9819543955
2018-06-15,963336.243517509
2018-06-19,936436.2870693546
2018-06-20,948087.6437578533
2018-06-21,940338.4685803057
2018-06-22,951223.0407626324
2018-06-25,959245.3850767972
2018-06-26,953158.3789163865
2018-06-27,943375.0936765216
2018-06-28,937042.3687326356
2018-06-29,952108.8763817356
2018-07-02,946070.4927916476
2018-07-03,956386.7018113807
2018-07-04,947939.4038943556
2018-07-05,942727.4358854993
2018-07-06,946845.119373174
2018-07-09,955992.1180500844
2018-07-10,958281.2884590988
2018-07-11,946647.9124831422
2018-07-12,954036.7476414426
2018-07-13,953779.1135265495
2018-07-16,960391.5368087025
2018-07-17,961629.7981020487
2018-07-18,958666.9903553501
2018-07-19,957290.4662123093
2018-07-20,962530.4089891734
2018-07-23,965479.4775209498
2018-07-24,969241.7091212249
2018-07-25,967719.500905969
2018-07-26,964596.0840484527
2018-07-27,962992.8303415634
2018-07-30,965512.0419351375
2018-07-31,965554.3436810598
2018-08-01,958171.388329415
2018-08-02,948517.8851502714
2018-08-03,947844.9721448114
2018-08-06,945783.711343557
2018-08-07,955416.5646272751
2018-08-08,943848.3177049253
2018-08-09,949312.353655909
2018-08-10,955638.9621998685
2018-08-13,959701.8030519533
2018-08-14,961407.3584107605
2018-08-15,952652.6315251526
2018-08-16,950920.4097261226
2018-08-17,943670.5819615112
2018-08-20,944926.1409011588
2018-08-21,947657.7671410016
2018-08-22,939925.7172749634
2018-08-23,950449.0731643293
2018-08-24,957372.5934251086
2018-08-27,967624.8903924794
2018-08-28,966106.5071871108
2018-08-29,961876.463106614
2018-08-30,955411.0016073231
2018-08-31,954452.135377406
2018-09-03,950484.7955421106
2018-09-04,954612.3874861392
2018-09-05,948914.019735016
2018-09-06,948538.3027250221
2018-09-07,946538.2543477993
2018-09-10,938675.8404655444
2018-09-11,939847.2594258605
2018-09-12,941385.7115045461
2018-09-13,946445.1908606772
2018-09-14,937774.2846044549
2018-09-17,934616.0227428
2018-09-18,938309.6569900524
2018-09-19,942576.8305219531
2018-09-20,938928.2677831252
2018-09-21,949071.8311240263
2018-09-25,950613.7223213322
2018-09-26,956277.8137838711
2018-09-27,946887.3975598933
2018-09-28,953861.5033928276
2018-10-08,944722.4546318518
2018-10-09,947685.3963489158
2018-10-10,949319.1545425527
2018-10-11,924105.6729026135
2018-10-12,928596.0282800492
2018-10-15,922177.0633204014
2018-10-16,922838.1368592052
2018-10-17,923333.8454980592
2018-10-18,904522.1199284472
2018-10-19,907965.6992147478
2018-10-22,921869.883765155
2018-10-23,916241.8043654965
2018-10-24,922579.4413266622
2018-10-25,918532.4924873215
2018-10-26,916181.6137056706
2018-10-29,910860.5122774532
2018-10-30,913216.8068818483
2018-10-31,915737.4579864941
2018-11-01,925941.7604602842
2018-11-02,936524.1332818453
2018-11-05,935506.031721147
2018-11-06,934133.6363290341
2018-11-07,934320.1508359202
2018-11-08,931925.1624968091
2018-11-09,929912.3769187182
2018-11-12,937779.4915841408
2018-11-13,938680.699650232
2018-11-14,940905.8427479186
2018-11-15,953398.6723377685
2018-11-16,962209.961259925
2018-11-19,961978.597281494
2018-11-20,945870.1249747879
2018-11-21,945337.7039973625
2018-11-22,943884.0069622049
2018-11-23,925553.331753943
2018-11-26,924258.9765972338
2018-11-27,928368.0941922297
2018-11-28,933731.5204103508
2018-11-29,927676.9707705626
2018-11-30,925678.8902645905
2018-12-03,933163.6955178047
2018-12-04,936206.7367898489
2018-12-05,926605.6354822306
2018-12-06,916639.1987992803
2018-12-07,924400.4995909511
2018-12-10,921161.5356876665
2018-12-11,920085.8177301675
2018-12-12,918206.4606703767
2018-12-13,923828.9442570636
2018-12-14,913907.0758595329
2018-12-17,921519.5501470879
2018-12-18,918560.8555551849
2018-12-19,915787.5850793761
2018-12-20,909318.7698217318
2018-12-21,907279.1890019089
2018-12-24,910316.7313684168
2018-12-25,905898.9269430647
2018-12-26,907709.0309363655
2018-12-27,904306.9969871697
2018-12-28,909230.858665795
2019-01-02,903553.5786976932
2019-01-03,903658.2653902395
2019-01-04,911006.8447353244
2019-01-07,918754.2587949889
2019-01-08,916726.3908137212
2019-01-09,915049.4258897755
2019-01-10,915012.2462752395
2019-01-11,921611.4359412947
2019-01-14,911783.5312489091
2019-01-15,921316.8831296567
2019-01-16,918277.7172835821
2019-01-17,913309.8385875893
2019-01-18,915641.4137146422
2019-01-21,915473.3493799322
2019-01-22,917199.6290347922
2019-01-23,912563.9134670803
2019-01-24,913965.6620596139
2019-01-25,906751.6578957353
2019-01-28,903428.9357589647
2019-01-29,900506.5685402812
2019-01-30,894142.2823893757
2019-01-31,891533.2504974725
2019-02-01,901861.9122302557
2019-02-11,912477.5684351138
2019-02-12,921164.2554648803
2019-02-13,925971.6091541246
2019-02-14,925949.0439164673
2019-02-15,925421.9517502339
2019-02-18,936977.7243412269
2019-02-19,944729.799102864
2019-02-20,948725.0238344953
2019-02-21,943331.2421383766
2019-02-22,949835.5634631335
2019-02-25,966652.2975642685
2019-02-26,968577.9789678267
2019-02-27,970089.6312600191
2019-02-28,965571.4222731877
2019-03-01,970805.2169825118
2019-03-04,971480.2300423328
2019-03-05,975139.707250434
2019-03-06,982646.1223593762
2019-03-07,985184.8000368976
2019-03-08,967947.4762714002
2019-03-11,982951.374861834
2019-03-12,985651.706270587
2019-03-13,977072.7312812684
2019-03-14,963136.733303866
2019-03-15,968440.8520872879
2019-03-18,977301.1574714822
2019-03-19,980268.0946842243
2019-03-20,977820.803396388
2019-03-21,983748.3472016135
2019-03-22,979876.1763152382
2019-03-25,978016.8314655455
2019-03-26,968174.8672498976
2019-03-27,969886.5757757413
2019-03-28,967750.217074872
2019-03-29,975434.2957749408
2019-04-01,990088.7175451213
2019-04-02,988113.404831416
2019-04-03,993406.7010087988
2019-04-04,992589.7850971101
2019-04-08,992080.2708997985
2019-04-09,988560.9584974058
2019-04-10,982974.1232660828
2019-04-11,980895.2167749394
2019-04-12,974715.124039901
2019-04-15,972857.0202065031
2019-04-16,977351.573469991
2019-04-17,977837.0656913318
2019-04-18,973311.3083708425
2019-04-19,975411.4568738083
2019-04-22,971200.4835100581
2019-04-23,968519.128827882
2019-04-24,969771.3253355735
2019-04-25,957382.6526941373
2019-04-26,951280.5681052832
2019-04-29,946633.5260664722
2019-04-30,958418.692366871
2019-05-06,937740.2240443574
2019-05-07,935392.3891147634
2019-05-08,925458.6695942994
2019-05-09,929415.9280126306
2019-05-10,941224.3050541861
2019-05-13,941281.5956368999
2019-05-14,937229.3027458959
2019-05-15,944011.1764639764
2019-05-16,947374.6678366846
2019-05-17,943492.4462303666
2019-05-20,938147.7972472095
2019-05-21,939047.6460785053
2019-05-22,938999.5393005912
2019-05-23,930811.5489878957
2019-05-24,929251.2534285816
2019-05-27,935905.2325143035
2019-05-28,938066.8554472986
2019-05-29,940843.2409862808
2019-05-30,943064.5381233257
2019-05-31,942929.4091604486
2019-06-03,939328.026298849
2019-06-04,935148.888364584
2019-06-05,934707.6553753754
2019-06-06,931268.170346108
2019-06-10,935901.9310938343
2019-06-11,942969.266134248
2019-06-12,940036.8096043027
2019-06-13,940149.6857263654
2019-06-14,936300.2312494088
2019-06-17,932892.5277391587
2019-06-18,932005.3271289364
2019-06-19,940214.7427124684
2019-06-20,950529.4657672594
2019-06-21,955198.3386171077
2019-06-24,953832.2846651518
2019-06-25,955273.6335897434
2019-06-26,952597.0052548571
2019-06-27,954581.5056589382
2019-06-28,949628.8124475372
2019-07-01,959621.182343227
2019-07-02,958100.2724280683
2019-07-03,956614.759410107
2019-07-04,951383.0363386192
2019-07-05,953906.5047997001
2019-07-08,941812.1418188268
2019-07-09,942236.463471173
2019-07-10,939085.0410011369
2019-07-11,939360.7279536133
2019-07-12,941127.7094758049
2019-07-15,944002.4686885508
2019-07-16,945211.6977551002
2019-07-17,947068.7834836044
2019-07-18,939800.7905580933
2019-07-19,940924.8171987556
2019-07-22,935163.14195822
2019-07-23,935907.2517888327
2019-07-24,938471.3841643435
2019-07-25,942948.2072440502
2019-07-26,942686.9739477804
2019-07-29,938059.6977563611
2019-07-30,938097.8031839076
2019-08-01,933140.3771311598
2019-08-02,930566.4269086824
2019-08-05,930151.8865031418
2019-08-06,921671.49064606
2019-08-07,925658.5932369852
2019-08-08,935049.2287465304
2019-08-09,932336.2975372012
2019-08-12,932981.8386505176
2019-08-13,928524.2673533924
2019-08-14,930106.7476640627
2019-08-15,928500.0951316355
2019-08-16,930777.1637012021
2019-08-19,939141.4999943464
2019-08-20,938086.6707516673
2019-08-21,937809.5189336609
2019-08-22,939465.9834346274
2019-08-23,937954.7843581137
2019-08-26,936782.6268136152
2019-08-27,940900.8410482691
2019-08-28,943693.1930438176
2019-08-29,941055.115169399
2019-08-30,933150.2372701948
2019-09-02,941240.0307785631
2019-09-03,940653.8803712
2019-09-04,940557.5451930783
2019-09-05,943735.3842334176
2019-09-06,944254.8685515717
2019-09-09,950361.1185387657
2019-09-10,947294.2661323166
2019-09-11,944907.9114330683
2019-09-12,946950.9487507428
2019-09-16,948290.6476655339
2019-09-17,944304.7985932847
2019-09-18,938451.5710969955
2019-09-19,942306.737455925
2019-09-20,944981.6826462176
2019-09-23,938648.7293410328
2019-09-24,938124.9717560506
2019-09-25,929691.5089817345
2019-09-26,935157.8164563507
2019-09-27,935182.7850938552
2019-09-30,928186.937748493
2019-10-08,930311.6271626569
2019-10-09,930878.241691575
2019-10-10,938311.4087601564
2019-10-11,942215.9774314357
2019-10-14,947773.7260724069
2019-10-15,944022.7586181795
2019-10-16,940824.2468664924
2019-10-17,940806.147912162
2019-10-18,933842.9305378296
2019-10-21,937054.6719925879
2019-10-22,938404.4850833017
2019-10-23,937230.8351987789
2019-10-24,944137.7584101469
2019-10-25,950006.1037769394
2019-10-28,959257.3345676186
2019-10-29,964856.8191200537
2019-10-30,954098.448342569
2019-10-31,946045.6740638873
2019-11-01,950371.4353221142
2019-11-04,951402.259516741
2019-11-05,951810.0840165386
2019-11-06,949147.3831232453
2019-11-07,961558.5078800576
2019-11-08,968869.4692025322
2019-11-11,973289.018344491
2019-11-12,969348.3446847367
2019-11-13,969148.3439340568
2019-11-14,970215.9854871172
2019-11-15,969694.2291568427
2019-11-18,981521.9953453036
2019-11-19,993743.2185485945
2019-11-20,987288.1010150348
2019-11-21,994086.1103084363
2019-11-22,990955.7498089528
2019-11-25,987477.943168994
2019-11-26,992521.5418910679
2019-11-27,990986.2372214751
2019-11-28,990496.1022962633
2019-11-29,994251.1504127168
2019-12-02,994022.7370805285
2019-12-03,996197.3136467115
2019-12-04,994217.5152783318
2019-12-05,996686.608984224
2019-12-06,997258.9506137792
2019-12-09,998052.4725727977
2019-12-10,1003066.6964573724
2019-12-11,1001926.3744310547
2019-12-12,1000337.0400368779
2019-12-13,1004068.4054211566
2019-12-16,1010033.1583901676
2019-12-17,1017152.7390490515
2019-12-18,1017828.3429675911
2019-12-19,1018001.4753021243
2019-12-20,1016192.4074789883
2019-12-23,1014389.0774062547
2019-12-24,1020330.7797469813
2019-12-25,1025856.7762179127
2019-12-26,1027798.2112996606
2019-12-27,1026214.6553425239
2019-12-30,1025289.476104643
2019-12-31,1030805.7405375892
2020-01-02,1036738.7583522905
2020-01-03,1038280.0041784312
2020-01-06,1041649.7983788933
2020-01-07,1046746.8170581089
2020-01-08,1041492.4537194916
2020-01-09,1048935.5163409417
2020-01-10,1052313.2559559252
2020-01-13,1053993.452748493
2020-01-14,1050644.981075642
2020-01-15,1048298.8715088232
2020-01-16,1045054.422808607
2020-01-17,1045794.8017115286
2020-01-20,1048849.7489587099
2020-01-21,1050057.2955641206
2020-01-22,1045941.27650438
2020-01-23,1032814.9892583543
2020-02-03,998299.3596808593
2020-02-04,1006554.7336184282
2020-02-05,1019807.9916927752
2020-02-06,1034963.7944008154
2020-02-07,1040474.0778627896
2020-02-10,1046617.4157119478
2020-02-11,1048696.9848533433
2020-02-12,1057386.784364282
2020-02-13,1053308.9691672986
2020-02-14,1049944.1833832148
2020-02-17,1059608.1785221947
2020-02-18,1064996.836759677
2020-02-19,1058870.1150025763
2020-02-20,1068470.699737827
2020-02-21,1072786.8771452038
2020-02-24,1076469.6359138046
2020-02-25,1072669.8837466012
2020-02-26,1061087.7984447826
2020-02-27,1057634.3909150867
2020-02-28,1036943.2615378136
2020-03-02,1049373.6669617204
2020-03-03,1060544.3192650732
2020-03-04,1058559.9923288245
2020-03-05,1059519.5613647853
2020-03-06,1049353.8274043729
2020-03-09,1040816.1699174672
2020-03-10,1037873.2566197468
2020-03-11,1034455.2173805513
2020-03-12,1028335.953716486
2020-03-13,1014549.5439516694
2020-03-16,993688.0759388246
2020-03-17,987898.2263349122
2020-03-18,980437.6320231255
2020-03-19,976037.2691705783
2020-03-20,987504.5500568618
2020-03-23,972342.4843493571
2020-03-24,986995.6035629766
2020-03-25,1002086.1876258715
2020-03-26,1001171.7107888262
2020-03-27,1003852.0730103484
2020-03-30,998936.9722851275
2020-03-31,1001577.8076316062
2020-04-01,997140.8629969193
2020-04-02,1008512.3523362869
2020-04-03,1006919.3512213259
2020-04-07,1018867.165712979
2020-04-08,1020509.0295529355
2020-04-09,1021658.4605757432
2020-04-10,1012263.5265318216
2020-04-13,1010124.4504643346
2020-04-14,1014476.0445738665
2020-04-15,1017875.5858320976
2020-04-16,1018283.9047489067
2020-04-17,1023965.2065285587
2020-04-20,1028692.0543767717
2020-04-21,1023187.9116387033
2020-04-22,1037314.4496689556
2020-04-23,1039804.4494683527
2020-04-24,1041288.543404765
2020-04-27,1040993.4820825409
2020-04-28,1038849.5702639117
2020-04-29,1041550.818866563
2020-04-30,1046499.5855906367
2020-05-06,1049931.5441059931
2020-05-07,1044506.7381801867
2020-05-08,1044017.9510936063
2020-05-11,1041797.2196555601
2020-05-12,1041356.2755159083
2020-05-13,1042556.8684517991
2020-05-14,1034058.108799552
2020-05-15,1030913.8447197883
2020-05-18,1029834.6517681569
2020-05-19,1027895.7819328414
2020-05-20,1022328.4471044205
2020-05-21,1012993.1910809446
2020-05-22,1007533.362113997
2020-05-25,1009901.3093086131
2020-05-26,1014704.5391475084
2020-05-27,1007856.394211569
2020-05-28,1004529.8702463821
2020-05-29,1005804.5502989847
2020-06-01,1020156.3066744359
2020-06-02,1021765.0154180476
2020-06-03,1021488.1820278569
2020-06-04,1025959.9531719341
2020-06-05,1028020.5483552902
2020-06-08,1025476.4615055312
2020-06-09,1029674.5960695648
2020-06-10,1031682.6534071355
2020-06-11,1034056.1162794447
2020-06-12,1033599.2153907227
2020-06-15,1033096.941135901
2020-06-16,1039938.9568248222
2020-06-17,1040368.6415820144
2020-06-18,1037646.0100617617
2020-06-19,1045346.4775717865
2020-06-22,1052755.480138286
2020-06-23,1050941.869951978
2020-06-24,1046469.6519230923
2020-06-29,1045532.2343459366
2020-06-30,1056257.511352969
2020-07-01,1056826.3692331316
2020-07-02,1060393.9843699108
2020-07-03,1068881.2959054322
2020-07-06,1089870.123817428
2020-07-07,1097623.70680462
2020-07-08,1105929.2962434117
2020-07-09,1113836.8236631623
2020-07-10,1104386.2777846945
2020-07-13,1119444.8912346724
2020-07-14,1115446.8953089367
2020-07-15,1103201.2747985476
2020-07-16,1078316.519741159
2020-07-17,1078877.556695158
2020-07-20,1089505.5058153705
2020-07-21,1097029.7233320596
2020-07-22,1101848.2653745974
2020-07-23,1100464.4292010223
2020-07-24,1077471.4506105692
2020-07-27,1077130.621825142
2020-07-28,1081386.8018078487
2020-07-29,1094536.8701763
2020-07-30,1096873.1477211253
2020-07-31,1103759.1980798673
2020-08-03,1112570.9615041467
2020-08-04,1111575.794405606
2020-08-05,1117946.832168848
2020-08-06,1115609.9321230252
2020-08-07,1111277.783304756
2020-08-10,1110084.0492258717
2020-08-11,1102785.0228152333
2020-08-12,1091253.5534673922
2020-08-13,1095624.159163725
2020-08-14,1100168.0386584403
2020-08-17,1108054.1936617938
2020-08-18,1116830.0881969233
2020-08-19,1105822.8661009138
2020-08-20,1097184.973151064
2020-08-21,1100974.7074165042
2020-08-24,1104982.4777798809
2020-08-25,1108962.0745237565
2020-08-26,1100282.640149437
2020-08-27,1106149.0809495638
2020-08-28,1113069.0208486172
2020-08-31,1118292.2662835405
2020-09-01,1121334.0865882349
2020-09-02,1122634.0716726847
2020-09-03,1122888.2543289354
2020-09-04,1114346.4267688035
2020-09-07,1099976.236617261
2020-09-08,1102941.518975403
2020-09-09,1088347.8228922822
2020-09-10,1084206.733115256
2020-09-11,1086417.7093820216
2020-09-14,1090170.0703354275
2020-09-15,1093350.6442382091
2020-09-16,1092851.9500096608
2020-09-17,1091311.5629358543
2020-09-18,1097602.6401006784
2020-09-21,1093845.1196230939
2020-09-22,1088347.525982381
2020-09-23,1089207.5377010822
2020-09-24,1080537.4674584903
2020-09-25,1080099.8097848298
2020-09-28,1079579.95223395
2020-09-29,1084203.2004838267
2020-09-30,1083382.531995738
2020-10-09,1091395.4219329746
2020-10-12,1100239.7970685072
2020-10-13,1100080.2062486047
2020-10-14,1099485.261602438
2020-10-15,1093673.1542211378
2020-10-16,1095389.8151636694
2020-10-19,1093917.8328965697
2020-10-20,1094619.816305992
2020-10-21,1094846.6432972618
2020-10-22,1093201.956695613
2020-10-23,1085674.0234393193
2020-10-26,1085278.6153800797
2020-10-27,1086837.5027967268
2020-10-28,1096807.6505597671
2020-10-29,1097237.758868255
2020-10-30,1085298.337592418
2020-11-02,1090046.2192167693
2020-11-03,1095593.7264082998
2020-11-04,1095747.2124159646
2020-11-05,1102454.4339992933
2020-11-06,1100215.5128547908
2020-11-09,1107783.7758816225
2020-11-10,1101950.0508091075
2020-11-11,1098374.406064668
2020-11-12,1095515.0820649061
2020-11-13,1093239.3976393554
2020-11-16,1097795.4421152854
2020-11-17,1093175.691579927
2020-11-18,1094310.7413909212
2020-11-19,1096022.6809116388
2020-11-20,1094999.3891004247
2020-11-23,1103994.6056643142
2020-11-24,1094932.7189965628
2020-11-25,1089828.00698849
2020-11-26,1085909.7669047988
2020-11-27,1084824.1468306934
2020-11-30,1083355.3135627026
2020-12-01,1089841.1472346885
2020-12-02,1101158.9663049907
2020-12-03,1110129.277994227
2020-12-04,1108340.7022149775
2020-12-07,1104561.077785491
2020-12-08,1104915.2160236556
2020-12-09,1096676.1106209385
2020-12-10,1095336.4013470255
2020-12-11,1089878.1849015988
2020-12-14,1090542.4982659875
2020-12-15,1088603.470733419
2020-12-16,1085204.846237754
2020-12-17,1089603.1793475624
2020-12-18,1088405.0991735992
2020-12-21,1092968.6290024929
2020-12-22,1085759.1095234551
2020-12-23,1085755.3919698964
2020-12-24,1080755.661803971
2020-12-25,1086043.1014193823
2020-12-28,1083764.909250698
2020-12-29,1083421.4349376438
2020-12-30,1088914.3177585984
2020-12-31,1095759.448787424
2021-01-04,1099005.4698299132
2021-01-05,1100650.1028368466
2021-01-06,1100820.2076007873
2021-01-07,1095112.4333686717
2021-01-08,1096646.484127154
2021-01-11,1088224.379936286
2021-01-12,1092217.769542701
2021-01-13,1086687.503631492
2021-01-14,1083948.3618326918
2021-01-15,1090528.1420710585
2021-01-18,1096314.0932051165
2021-01-19,1093227.7089957509
2021-01-20,1095778.4780062255
2021-01-21,1099773.5532194686
2021-01-22,1096298.1813051964
2021-01-25,1093431.2914373705
2021-01-26,1089551.8409449935
2021-01-27,1089586.06956597
2021-01-28,1080111.8481446374
2021-01-29,1074030.4807610372
2021-02-01,1077849.3774845875
2021-02-02,1080230.0043717255
2021-02-03,1080222.7367803925
2021-02-04,1072829.841918717
2021-02-05,1074105.5084751989
2021-02-08,1077884.804395756
2021-02-09,1083644.572532458
2021-02-10,1087113.2873072743
2021-02-18,1091065.0802299613
2021-02-19,1096462.3657888146
2021-02-22,1096707.4924160875
2021-02-23,1092558.2558398293
2021-02-24,1086067.9190160837
2021-02-25,1088338.1140099966
2021-02-26,1078712.0325142401
2021-03-01,1085434.1453483985
2021-03-02,1084028.4640665695
2021-03-03,1093969.8562587646
2021-03-04,1084146.66319881
2021-03-05,1087552.9767277862
2021-03-08,1083670.0596989396
2021-03-09,1075577.0818087023
2021-03-10,1072307.5820133123
2021-03-11,1082602.3240803827
2021-03-12,1081342.7005685521
2021-03-15,1078462.1026660611
2021-03-16,1082100.751583031
2021-03-17,1081325.0291126252
2021-03-18,1082995.4181189588
2021-03-19,1077716.4975479478
2021-03-22,1082528.1346887797
2021-03-23,1079103.29423384
2021-03-24,1079270.8233892072
2021-03-25,1076962.4740502895
2021-03-26,1083008.6731124627
2021-03-29,1088334.5177744438
2021-03-30,1094197.498732252
2021-03-31,1092847.0549659047
2021-04-01,1095546.3543763885
2021-04-02,1099398.0577857574
2021-04-06,1100248.5002271333
2021-04-07,1101168.2569830178
2021-04-08,1097225.3829774074
2021-04-09,1094619.860411681
2021-04-12,1094133.3897218935
2021-04-13,1091659.884784719
2021-04-14,1092714.4762421846
2021-04-15,1087987.1474636956
2021-04-16,1094177.4273028455
2021-04-19,1097910.5622661137
2021-04-20,1095973.2151400808
2021-04-21,1098103.7664149404
2021-04-22,1100837.7849327654
2021-04-23,1109760.3455153238
2021-04-26,1113892.056032955
2021-04-27,1108486.5426939055
2021-04-28,1111795.8488710155
2021-04-29,1109171.4248522194
2021-04-30,1104907.8994574607
2021-05-06,1104670.650011922
2021-05-07,1101754.3508519265
2021-05-10,1101108.9146511615
2021-05-11,1101468.9852677032
2021-05-12,1104220.5093200342
2021-05-13,1099879.2065671855
2021-05-14,1105132.8668795784
2021-05-17,1107581.2824432987
2021-05-18,1111599.625510987
2021-05-19,1106596.2218816653
2021-05-20,1102172.457955349
2021-05-21,1102631.4882650003
2021-05-24,1105344.360422258
2021-05-25,1109216.3338862834
2021-05-26,1110929.8399755885
2021-05-27,1111583.833882528
2021-05-28,1110228.6014280792
2021-05-31,1114997.6087420464
2021-06-01,1116899.5582190873
2021-06-02,1110396.0333368008
2021-06-03,1108852.2251229526
2021-06-04,1108097.7672721269
2021-06-07,1110109.6143501066
2021-06-08,1109001.9825085592
2021-06-09,1109374.9674708673
2021-06-10,1112407.4698893223
2021-06-11,1110758.1492186252
2021-06-15,1106789.5950865378
2021-06-16,1103844.466976308
2021-06-17,1105247.2943577163
2021-06-18,1110287.7031536591
2021-06-21,1116405.1609572913
2021-06-22,1120031.8839553783
2021-06-23,1123954.7183470407
2021-06-24,1122236.6108432158
2021-06-25,1127148.9406827032
2021-06-28,1127592.3688632422
2021-06-29,1125129.5946593927
2021-06-30,1128696.0112222536
2021-07-01,1127533.5740124541
2021-07-02,1123028.0030654047
2021-07-05,1123509.4774000868
2021-07-06,1124290.2371688432
2021-07-07,1128244.8307734043
2021-07-08,1127571.4131979048
2021-07-09,1127637.941534704
2021-07-12,1127565.7678486372
2021-07-13,1129621.7770635795
2021-07-14,1126950.316452386
2021-07-15,1112673.177628086
2021-07-16,1110879.344176211
2021-07-19,1107926.545663441
2021-07-20,1108345.9879181278
2021-07-21,1111640.4873775109
2021-07-22,1111958.9326727898
2021-07-23,1106246.1320357667
2021-07-26,1101721.5872079243
2021-07-27,1093575.582035206
2021-07-28,1090326.6237426612
2021-07-29,1095378.19630748
2021-07-30,1093772.2094070492
2021-08-02,1100504.5627788843
2021-08-03,1099240.2738194882
2021-08-04,1105704.538847653
2021-08-05,1107179.0903556221
2021-08-06,1108114.9265229118
2021-08-09,1107904.2411364063
2021-08-10,1107907.009764388
2021-08-11,1106899.0789214296
2021-08-12,1114935.8915213118
2021-08-13,1112738.987227656
2021-08-16,1110547.2719499194
2021-08-17,1104976.871997005
2021-08-18,1106644.56000394
2021-08-19,1110476.6807944945
2021-08-20,1110412.865972269
2021-08-23,1118918.0694704275
2021-08-24,1117131.9512642315
2021-08-25,1117798.2365835286
2021-08-26,1121066.497420374
2021-08-27,1120538.9285395765
2021-08-30,1123180.7293157224
2021-08-31,1125502.060645829
2021-09-01,1124882.584165515
2021-09-02,1126026.0083233044
2021-09-03,1126697.5161402437
2021-09-06,1132719.0220963496
2021-09-07,1135914.1001822243
2021-09-08,1134531.0632340808
2021-09-09,1134748.2682160574
2021-09-10,1129132.5346979187
2021-09-13,1133292.6531025872
2021-09-14,1127412.4577984484
2021-09-15,1126848.0695906999
2021-09-16,1119228.150672374
2021-09-17,1117600.3654235788
2021-09-22,1117131.654684898
2021-09-23,1119978.3821953442
2021-09-24,1113113.8009786676
2021-09-27,1101158.186698946
2021-09-28,1105973.0943363768
2021-09-29,1091494.334763703
2021-09-30,1100647.8452979657
2021-10-08,1100046.5002246639
2021-10-11,1097390.045695917
2021-10-12,1089487.2249475555
2021-10-13,1090951.8996807202
2021-10-14,1094069.723424653
2021-10-15,1098041.704152078
2021-10-18,1100442.1528408087
2021-10-19,1102101.5838924346
2021-10-20,1101142.5823591643
2021-10-21,1101379.7640397556
2021-10-22,1099342.3223214683
2021-10-25,1100770.5608035938
2021-10-26,1101840.7315412993
2021-10-27,1099670.0840519995
2021-10-28,1097309.5939307057
2021-10-29,1102677.100945654
2021-11-01,1106534.35297447
2021-11-02,1104356.2933252214
2021-11-03,1105611.647748883
2021-11-04,1110559.0705115201
2021-11-05,1108510.5165298334
2021-11-08,1110393.1819768185
2021-11-09,1111849.109336875
2021-11-10,1113251.540321055
2021-11-11,1121814.1747241581
2021-11-12,1125366.057176665
2021-11-15,1126654.1837566192
2021-11-16,1126412.3812882404
2021-11-17,1132659.2323057218
2021-11-18,1135210.9712746406
2021-11-19,1138282.5280822217
2021-11-22,1143134.3228018812
2021-11-23,1140209.1957651472
2021-11-24,1142655.712589375
2021-11-25,1141324.0769127356
2021-11-26,1139590.1863443116
2021-11-29,1139830.36152892
2021-11-30,1141865.8788858836
2021-12-01,1140802.7682451026
2021-12-02,1137568.2025389548
2021-12-03,1140364.6932404642
2021-12-06,1137674.1805665134
2021-12-07,1135030.7461576809
2021-12-08,1138024.5827988845
2021-12-09,1138631.2775535332
2021-12-10,1138092.339879033
2021-12-13,1144754.5711424453
2021-12-14,1146156.682877036
2021-12-15,1144238.6359619861
2021-12-16,1147085.8840606734
2021-12-17,1143205.908551204
2021-12-20,1139924.8126693692
2021-12-21,1144005.659908365
2021-12-22,1152266.7210647063
2021-12-23,1157572.049726007
2021-12-24,1148936.4357824943
2021-12-27,1147246.2923303808
2021-12-28,1153100.648533567
2021-12-29,1149456.6206840437
2021-12-30,1156588.6452653417
2021-12-31,1158786.897598211
2022-01-04,1160176.945341306
2022-01-05,1154104.3391915176
2022-01-06,1153909.44848124
2022-01-07,1151124.1926188166
2022-01-10,1153321.7082396983
2022-01-11,1150137.865480694
2022-01-12,1156476.0904040884
2022-01-14,1152742.2987335718
2022-01-17,1158170.3859802582
2022-01-18,1158278.1634876158
2022-01-19,1156997.9627668455
2022-01-20,1159921.8932354997
2022-01-21,1155110.4051263852
2022-01-24,1157068.3131191037
2022-01-25,1144044.09741042
2022-01-26,1143398.7799343828
2022-01-27,1130920.323341223
2022-01-28,1132853.481088548
2022-02-07,1138923.7959986273
2022-02-08,1142320.2362957438
2022-02-09,1145634.0210652878
2022-02-10,1144546.7396738639
2022-02-11,1133791.092708371
2022-02-14,1130130.8963345124
2022-02-15,1131327.4269217106
2022-02-16,1133147.6730954242
2022-02-17,1141695.8092400203
2022-02-18,1142661.380779564
2022-02-21,1142513.216413965
2022-02-22,1138717.0208596021
2022-02-23,1144146.8294785435
2022-02-24,1135408.7988007325
2022-02-25,1137184.247826828
2022-02-28,1135104.2852233762
2022-03-01,1138210.2716523078
2022-03-02,1139111.9515789312
2022-03-03,1134729.5619273447
2022-03-04,1133619.830503176
2022-03-07,1130278.017129897
2022-03-08,1119438.6042396287
2022-03-09,1120388.163464533
2022-03-10,1128625.7545403477
2022-03-11,1130748.7861720258
2022-03-14,1121160.7926960126
2022-03-15,1099176.5095918274
2022-03-16,1112420.0020991836
2022-03-17,1118903.838186757
2022-03-18,1124344.3436934385
2022-03-21,1129888.396319092
2022-03-22,1135567.9287528433
2022-03-23,1132315.4768258927
2022-03-24,1130506.3622213989
2022-03-25,1125301.9308877792
2022-03-28,1124774.3962093682
2022-03-29,1120758.3528696
2022-03-30,1129567.3796447308
2022-03-31,1125159.3618348672
2022-04-01,1127234.5868177123
2022-04-06,1127335.1080762374
2022-04-07,1118701.937837049
2022-04-08,1117902.9962093993
2022-04-11,1104947.89819474
2022-04-12,1109995.2942563307
2022-04-13,1102788.9033136985
2022-04-14,1108620.180202325
2022-04-15,1108675.2743209414
2022-04-18,1108181.829533796
2022-04-19,1108975.3739319746
2022-04-20,1104626.4818063185
2022-04-21,1097231.3475463325
2022-04-22,1101009.1983127475
2022-04-25,1074420.5991914154
2022-04-26,1072188.0027500556
2022-04-27,1078831.6889549873
2022-04-28,1077939.595862649
2022-04-29,1088421.6841796148
2022-05-05,1089517.6922877724
2022-05-06,1083920.360490432
2022-05-09,1087111.6807613622
2022-05-10,1090703.912237375
2022-05-11,1092433.2080726377
2022-05-12,1092917.8183403574
2022-05-13,1096664.6559090798
2022-05-16,1096988.2269108512
2022-05-17,1097820.5643111062
2022-05-18,1096488.755459813
2022-05-19,1095758.8829508189
2022-05-20,1099380.591784971
2022-05-23,1099578.2604838915
2022-05-24,1096216.986800717
2022-05-25,1105930.5196414017
2022-05-26,1107216.3409064168
2022-05-27,1102719.3993383874
2022-05-30,1102645.9246692571
2022-05-31,1103368.460291168
2022-06-01,1103160.7468195534
2022-06-02,1107115.1359404142
2022-06-06,1114507.3841147525
2022-06-07,1111171.468388049
2022-06-08,1112001.6876300152
2022-06-09,1107699.842728248
2022-06-10,1113340.8458021597
2022-06-13,1116896.9897495364
2022-06-14,1114505.8528404282
2022-06-15,1113445.82360806
2022-06-16,1115238.8107788365
2022-06-17,1117993.5499437284
2022-06-20,1117991.2288043594
2022-06-21,1116295.2037968123
2022-06-22,1117798.6426934642
2022-06-23,1120908.5368731837
2022-06-24,1126542.0503613178
2022-06-27,1127362.850666678
2022-06-28,1128825.1447783574
2022-06-29,1122715.0013408544
2022-06-30,1131516.1204183286
2022-07-01,1128498.756844624
2022-07-04,1131696.7139298941
2022-07-05,1128115.7420184
2022-07-06,1132293.1338753628
2022-07-07,1136837.2150941766
2022-07-08,1136597.6454626455
2022-07-11,1130546.555293066
2022-07-12,1129021.9979452884
2022-07-13,1130472.4732594653
2022-07-14,1130116.0958554144
2022-07-15,1128937.9065250175
2022-07-18,1133633.777818076
2022-07-19,1133539.052067088
2022-07-20,1141389.243243543
2022-07-21,1136611.988232017
2022-07-22,1140525.3918399978
2022-07-25,1131980.0437028713
2022-07-26,1134364.5428951958
2022-07-27,1138155.743539654
2022-07-28,1138491.978454215
2022-07-29,1139221.2239453518
2022-08-01,1141344.4853953312
2022-08-02,1130418.7227584897
2022-08-03,1126800.5107281585
2022-08-04,1131277.859058507
2022-08-05,1134921.2162847035
2022-08-08,1136404.4584697792
2022-08-09,1136821.4061347127
2022-08-10,1133812.2966194155
2022-08-11,1136934.5220068642
2022-08-12,1136154.2158683543
2022-08-15,1138495.2298487695
2022-08-16,1139697.1231808541
2022-08-17,1140321.4236495302
2022-08-18,1137869.6668210486
2022-08-19,1136488.3192803408
2022-08-22,1136954.468169485
2022-08-23,1137644.876530299
2022-08-24,1129642.7487957822
2022-08-25,1127532.946346428
2022-08-26,1126462.8455842151
2022-08-29,1129879.1286134026
2022-08-30,1124526.981342847
2022-08-31,1118397.0986378968
2022-09-01,1111712.4242094758
2022-09-02,1116870.2819062835
2022-09-05,1118657.7346837656
2022-09-06,1124181.098133644
2022-09-07,1125365.2806363949
2022-09-08,1126326.28963007
2022-09-09,1125714.32895635
2022-09-13,1123486.9135592182
2022-09-14,1120696.8293042555
2022-09-15,1112474.5194722055
2022-09-16,1107793.3544019386
2022-09-19,1104562.534771013
2022-09-20,1108490.3729932806
2022-09-21,1107436.4475305458
2022-09-22,1105424.9101553673
2022-09-23,1099674.2106570988
2022-09-26,1099340.2046315547
2022-09-27,1101822.3721854065
2022-09-28,1093896.2069484273
2022-09-29,1093898.6805707149
2022-09-30,1091365.9029730295
2022-10-10,1086319.055367068
2022-10-11,1086048.5603279043
2022-10-12,1092691.820299786
2022-10-13,1093250.7006018807
2022-10-14,1102476.077093358
2022-10-17,1102448.8446078924
2022-10-18,1102608.684880191
2022-10-19,1095152.8789021787
2022-10-20,1091692.5993014462
2022-10-21,1089130.942470303
2022-10-24,1081885.0536659055
2022-10-25,1077974.823577788
2022-10-26,1081973.2732384088
2022-10-27,1076720.6096821446
2022-10-28,1065515.3549421367
2022-10-31,1065492.2438242813
2022-11-01,1070045.6526300071
2022-11-02,1073367.1829951708
2022-11-03,1072556.6293979038
2022-11-04,1078063.365226384
2022-11-07,1076338.6096940602
2022-11-08,1076035.358097182
2022-11-09,1078752.6966677634
2022-11-10,1076858.1373477331
2022-11-11,1081156.8906759198
2022-11-14,1078655.504780621
2022-11-15,1080785.863240476
2022-11-16,1078817.2679539646
2022-11-17,1081686.7087847518
2022-11-18,1076125.3693086943
2022-11-21,1079326.6920673952
2022-11-22,1074776.7966892775
2022-11-23,1074465.4534284705
2022-11-24,1075817.1416024005
2022-11-25,1075398.3320550693
2022-11-28,1072676.1818424927
2022-11-29,1076524.2981510577
2022-11-30,1077007.0096532914
2022-12-01,1078060.1349447046
2022-12-02,1081823.3277182789
2022-12-05,1081508.1452711187
2022-12-06,1078954.4507322581
2022-12-07,1078829.5580918053
2022-12-08,1081742.8394157256
2022-12-09,1083810.2198956984
2022-12-12,1081062.932673849
2022-12-13,1075047.9474122543
2022-12-14,1073145.6602595986
2022-12-15,1072080.8800244138
2022-12-16,1068624.20949411
2022-12-19,1064865.6235443272
2022-12-20,1060324.7973287618
2022-12-21,1060454.925508974
2022-12-22,1061735.8956828408
2022-12-23,1061094.3263454689
2022-12-26,1062514.4328254107
2022-12-27,1065348.9992260414
2022-12-28,1066977.8903832212
2022-12-29,1062769.8898091787
2022-12-30,1062361.9677548578
2023-01-03,1064641.946708081
2023-01-04,1064550.5345482766
2023-01-05,1067375.9839646264
2023-01-06,1066190.0470456285
2023-01-09,1070713.1569230773
2023-01-10,1068834.7934406619
2023-01-11,1067928.5458874344
2023-01-12,1065455.7603869166
2023-01-13,1069561.350458218
2023-01-16,1071226.7130129358
2023-01-17,1070551.8737474105
2023-01-18,1071695.208991809
2023-01-19,1070495.2642911305
2023-01-20,1073206.2063351898
2023-01-30,1076997.9336216042
2023-01-31,1074498.6579503147
2023-02-01,1079924.7794361685
2023-02-02,1080562.7336706012
2023-02-03,1076034.5790385301
2023-02-06,1069819.3894490297
2023-02-07,1069095.4012219943
2023-02-08,1066945.7405194668
2023-02-09,1069400.381869319
2023-02-10,1065436.925915433
2023-02-13,1067739.1250843827
2023-02-14,1066457.9175415502
2023-02-15,1066265.9429131628
2023-02-16,1059588.7222787968
2023-02-17,1052944.0999108981
2023-02-20,1058817.1857690809
2023-02-21,1061297.0735452932
2023-02-22,1062464.2002678285
2023-02-23,1062297.6483298356
2023-02-24,1059393.9229330076
2023-02-27,1058675.0485654883
2023-02-28,1060819.3449944614
2023-03-01,1064349.0204352252
2023-03-02,1064497.4257880305
2023-03-03,1069790.3776136858
2023-03-06,1072425.9971149866
2023-03-07,1072374.9759530753
2023-03-08,1072700.8580531387
2023-03-09,1075257.430605957
2023-03-10,1071495.6725426312
2023-03-13,1071476.311883774
2023-03-14,1068805.8597633673
2023-03-15,1072325.8061894958
2023-03-16,1067917.4387217744
2023-03-17,1069578.8583952046
2023-03-20,1068896.4564241813
2023-03-21,1071511.4554328492
2023-03-22,1073169.66565914
2023-03-23,1072774.1197823863
2023-03-24,1073429.4086858307
2023-03-27,1072666.4019558106
2023-03-28,1070855.0142660046
2023-03-29,1071753.7412978415
2023-03-30,1073152.249118774
2023-03-31,1076884.0191440762
2023-04-03,1081093.8750062701
2023-04-04,1083433.3679909972
2023-04-06,1083944.0541909984
2023-04-07,1086238.1140567935
2023-04-10,1078799.7462035003
2023-04-11,1079168.6671730313
2023-04-12,1080436.2247272118
2023-04-13,1079223.3209424245
2023-04-14,1083791.8518405522
2023-04-17,1087481.4797543932
2023-04-18,1087534.881858956
2023-04-19,1086124.1565172686
2023-04-20,1083609.4701041647
2023-04-21,1079009.3737371746
2023-04-24,1078092.0781803618
2023-04-25,1077306.6353450657
2023-04-26,1078147.120162906
2023-04-27,1080279.6140416975
2023-04-28,1083897.4959637455
2023-05-04,1086582.639419498
2023-05-05,1086000.3995286569
2023-05-08,1089297.302506918
2023-05-09,1086803.853860279
2023-05-10,1085054.2344575669
2023-05-11,1084677.5777975419
2023-05-12,1081828.2018529489
2023-05-15,1082848.574613741
2023-05-16,1081048.983960042
2023-05-17,1081182.8146845982
2023-05-18,1080597.1569084218
2023-05-19,1082200.133356226
2023-05-22,1083373.465503898
2023-05-23,1084637.8360941734
2023-05-24,1081491.0567565071
2023-05-25,1079523.849421769
2023-05-26,1081809.1260050123
2023-05-29,1083765.5134466419
2023-05-30,1086625.3545704465
2023-05-31,1085883.9050009786
2023-06-01,1087464.2549260186
2023-06-02,1088707.182458963
2023-06-05,1088773.1517742104
2023-06-06,1085934.2789531802
2023-06-07,1086723.8188758185
2023-06-08,1084462.2835489742
2023-06-09,1085900.4115854863
2023-06-12,1087232.9649345134
2023-06-13,1090169.244052342
2023-06-14,1088401.8298971686
2023-06-15,1091021.155296693
2023-06-16,1091825.9207429665
2023-06-19,1090027.283062026
2023-06-20,1089943.6950182233
2023-06-21,1085553.5460638122
2023-06-26,1082002.9140670325
2023-06-27,1085443.9901547602
2023-06-28,1086500.8975460797
2023-06-29,1088308.0621320175
2023-06-30,1094173.3509330724
2023-07-03,1097036.432595165
2023-07-04,1100534.9016559268
2023-07-05,1097184.7261667224
2023-07-06,1098713.5170976615
2023-07-07,1096822.3165581774
2023-07-10,1097890.0378875686
2023-07-11,1099366.8596499786
2023-07-12,1098312.9494535767
2023-07-13,1102949.840647655
2023-07-14,1106995.1103961326
2023-07-17,1105414.2721140522
2023-07-18,1104565.5081174797
2023-07-19,1105664.631633421
2023-07-20,1098803.7513140847
2023-07-21,1097402.9354591474
2023-07-24,1096307.3259380318
2023-07-25,1104273.0322907283
2023-07-26,1104236.3233992094
2023-07-27,1103349.3146192736
2023-07-28,1106064.8073812719
2023-07-31,1106559.0941802354
2023-08-01,1106360.53601318
2023-08-02,1102706.6889600735
2023-08-03,1104129.1910436244
2023-08-04,1104657.3245004476
2023-08-07,1102446.5231751997
2023-08-08,1099600.5599964475
2023-08-09,1097331.9393000903
2023-08-10,1096528.5026584426
2023-08-11,1093683.7804829252
2023-08-14,1093674.9176229686
2023-08-15,1095238.1647407988
2023-08-16,1093196.0364817067
2023-08-17,1098004.497618442
2023-08-18,1094400.2718954098
2023-08-21,1093425.301981212
2023-08-22,1093940.6624172523
2023-08-23,1090729.7061268673
2023-08-24,1093561.4601204707
2023-08-25,1087610.5084222204
2023-08-28,1087621.007735116
2023-08-29,1095080.37099835
2023-08-30,1098404.9939930877
2023-08-31,1097412.0822365133
2023-09-01,1097134.0307828893
2023-09-04,1099549.9673526941
2023-09-05,1097608.1955134324
2023-09-06,1097341.2618517359
2023-09-07,1090869.9603046821
2023-09-08,1091164.9153720727
2023-09-11,1092482.3882120883
2023-09-12,1093809.617838644
2023-09-13,1091032.6970105406
2023-09-14,1091418.171937986
2023-09-15,1090165.4793261932
2023-09-18,1089460.7574548535
2023-09-19,1092678.4310223295
2023-09-20,1094930.3639083437
2023-09-21,1088755.8807730568
2023-09-22,1096780.7782917325
2023-09-25,1096221.7666036552
2023-09-26,1093211.4630823482
2023-09-27,1089095.0352201366
2023-09-28,1092101.314121309
2023-10-09,1090016.4702220934
2023-10-10,1087785.103038738
2023-10-11,1086568.8043552756
2023-10-12,1089555.3723881575
2023-10-13,1087564.7943419681
2023-10-16,1083747.1035268006
2023-10-17,1083404.8141344297
2023-10-18,1078887.710570973
2023-10-19,1073572.494475697
2023-10-20,1073366.642496065
2023-10-23,1064683.5659452437
2023-10-24,1073739.1407124405
2023-10-25,1075238.536748432
2023-10-26,1075911.6745215647
2023-10-27,1081905.3444229716
2023-10-30,1085815.3871522103
2023-10-31,1085485.461083991
2023-11-01,1085602.6735418634
2023-11-02,1084351.4408011157
2023-11-03,1091833.6906794745
2023-11-06,1096457.3479464524
2023-11-07,1097020.291465365
2023-11-08,1097394.2655283273
2023-11-09,1095555.1152122426
2023-11-10,1092780.6353972272
2023-11-13,1094671.7464856682
2023-11-14,1095168.7652918654
2023-11-15,1099422.327102288
2023-11-16,1095576.2961916479
2023-11-17,1098530.439417375
2023-11-20,1100346.8457710429
2023-11-21,1103973.801938195
2023-11-22,1110374.7309251744
2023-11-23,1109261.382093078
2023-11-24,1118913.205000988
2023-11-27,1127349.408396564
2023-11-28,1128144.1685120265
2023-11-29,1124482.48673923
2023-11-30,1123964.544114505
2023-12-01,1125048.1701868859
2023-12-04,1123581.006595796
2023-12-05,1119809.5887569082
2023-12-06,1119486.413948806
2023-12-07,1120314.7041449922
2023-12-08,1119528.6185500068
2023-12-11,1111160.5594739614
2023-12-12,1114162.090435047
2023-12-13,1114474.609776966
2023-12-14,1122415.6328210037
2023-12-15,1121285.9366001186
2023-12-18,1122892.0335335576
2023-12-19,1120913.7079059544
2023-12-20,1124684.1287413293
2023-12-21,1111025.6313997686
2023-12-22,1112614.0552400826
2023-12-25,1115115.9659365318
2023-12-26,1116369.6341685462
2023-12-27,1118970.7441144574
2023-12-28,1125104.8660589126
2023-12-29,1128149.877851274
2024-01-02,1143260.571684095
2024-01-03,1139840.2552731738
2024-01-04,1142983.140250695
2024-01-05,1140043.7878750074
2024-01-08,1126680.3960262928
2024-01-09,1126624.6959063066
2024-01-10,1124328.5195525915
2024-01-11,1126514.2344570411
2024-01-12,1119180.4743544017
2024-01-15,1117187.400582256
2024-01-16,1123364.479875927
2024-01-17,1121680.425539959
2024-01-18,1119673.1338961774
2024-01-19,1117331.5155937858
2024-01-22,1108633.6358577672
2024-01-23,1108283.2695045138
2024-01-24,1107062.9544794532
2024-01-25,1107233.044456601
2024-01-26,1107851.4204418014
2024-01-29,1096670.0869484835
2024-01-30,1089243.7425851477
2024-01-31,1083376.963415522
2024-02-01,1081580.6107426025
2024-02-02,1075902.6234340724
2024-02-05,1069424.625957091
2024-02-06,1076898.1157660654
2024-02-07,1077837.1402467806
2024-02-08,1086695.750721545
2024-02-19,1089659.393434339
2024-02-20,1092962.0238319656
2024-02-21,1096813.3119440938
2024-02-22,1102592.5448490146
2024-02-23,1107868.9372803352
2024-02-26,1107901.994777203
2024-02-27,1116803.4355660581
2024-02-28,1106809.9614869284
2024-02-29,1113739.4971633863
2024-03-01,1115803.6657646934
2024-03-04,1116206.782522571
2024-03-05,1112935.232694443
2024-03-06,1117843.71004933
2024-03-07,1115367.5219264373
2024-03-08,1116392.226706186
2024-03-11,1120360.0646972628
2024-03-12,1118957.4566347534
2024-03-13,1115118.0850319604
2024-03-14,1113157.6398193848
2024-03-15,1119826.0099775847
2024-03-18,1121717.5963673124
2024-03-19,1122304.6750872445
2024-03-20,1123116.1419192478
2024-03-21,1123235.273124961
2024-03-22,1120339.0891393607
2024-03-25,1118681.0580479163
2024-03-26,1122938.9809257572
2024-03-27,1114780.0642095644
2024-03-28,1121463.0378811539
2024-03-29,1125858.9739584976
2024-04-01,1131252.0127669051
2024-04-02,1131942.2507722229
2024-04-03,1132812.0130151121
2024-04-08,1134001.2082197259
2024-04-09,1135541.6152298974
2024-04-10,1136990.343767458
2024-04-11,1135378.797664581
2024-04-12,1136964.4381489735
2024-04-15,1130713.3478146712
2024-04-16,1122387.6677333978
2024-04-17,1131772.3804486098
2024-04-18,1130866.392087408
2024-04-19,1126783.1341415537
2024-04-22,1122716.0377225154
2024-04-23,1122844.8348848126
2024-04-24,1126151.4889242426
2024-04-25,1127139.1042796683
2024-04-26,1128745.7433025364
2024-04-29,1129566.6112493542
2024-04-30,1130562.4138827785
2024-05-06,1137903.3727181442
2024-05-07,1143701.2029286986
2024-05-08,1143863.2459796777
2024-05-09,1141999.3282017794
2024-05-10,1139223.9209793718
2024-05-13,1138949.0938033366
2024-05-14,1137118.9031665851
2024-05-15,1134378.7583842238
2024-05-16,1135693.3804843305
2024-05-17,1135428.2894899284
2024-05-20,1139446.4109053365
2024-05-21,1137310.388161129
2024-05-22,1138824.0808144247
2024-05-23,1136716.993329522
2024-05-24,1130210.5698999802
2024-05-27,1135243.3274198358
2024-05-28,1134067.960579591
2024-05-29,1129479.253448248
2024-05-30,1127000.975618086
2024-05-31,1127230.780481495
2024-06-03,1123739.545872429
2024-06-04,1123962.743192882
2024-06-05,1122419.9619755778
2024-06-06,1115045.9412943437
2024-06-07,1118111.2778238738
2024-06-11,1119137.9751029934
2024-06-12,1124231.603209811
2024-06-13,1125073.6216474175
2024-06-14,1122571.4438532947
2024-06-17,1120378.4863826965
2024-06-18,1124075.842806919
2024-06-19,1123103.9936865186
2024-06-20,1118917.3138501185
2024-06-21,1117825.4397678005
2024-06-24,1107677.4648923688
2024-06-25,1108558.502615981
2024-06-26,1115106.0261398968
2024-06-27,1111660.9116237303
2024-06-28,1113986.4162819423
2024-07-01,1116385.9824128214
2024-07-02,1117109.6196195192
2024-07-03,1116638.2762850332
2024-07-04,1109183.8651064497
2024-07-05,1106601.2936272973
2024-07-08,1097917.9379497627
2024-07-09,1106201.3615105571
2024-07-10,1102395.0019105973
2024-07-11,1108213.5022523473
2024-07-12,1104620.7782290722
2024-07-15,1103955.1460809272
2024-07-16,1108714.9042597553
2024-07-17,1104157.5442511255
2024-07-18,1102848.6374909189
2024-07-19,1099983.5012610687
2024-07-22,1097851.8420953192
2024-07-23,1094653.8229149575
2024-07-24,1090190.9897176104
2024-07-25,1088452.2304801568
2024-07-26,1088286.8809756555
2024-07-29,1086081.075075146
2024-07-30,1087404.2599608963
2024-07-31,1095369.3132457158
2024-08-01,1093756.2021266604
2024-08-02,1090631.5880064645
2024-08-05,1082586.0244399786
2024-08-06,1084862.4484112097
2024-08-07,1084949.0604141045
2024-08-08,1083128.3547227134
2024-08-09,1081077.6696330446
2024-08-12,1076852.9217899807
2024-08-13,1078933.9282101153
2024-08-14,1075679.9904174416
2024-08-15,1073921.5133758902
2024-08-16,1071017.3773336366
2024-08-19,1069553.9716827776
2024-08-20,1063806.6895444952
2024-08-21,1061723.0620841347
2024-08-22,1057866.144307213
2024-08-23,1058869.8317861676
2024-08-26,1058874.6671461395
2024-08-27,1055813.329203442
2024-08-28,1055871.7299140685
2024-08-29,1054820.5483350877
2024-08-30,1059304.262848469
2024-09-02,1055657.7975263877
2024-09-03,1056304.8785139178
2024-09-04,1054125.8301228175
2024-09-05,1055716.252371997
2024-09-06,1052184.5628586677
2024-09-09,1048081.6615333753
2024-09-10,1049080.297415256
2024-09-11,1047560.7647124812
2024-09-12,1045870.2081575439
2024-09-13,1045272.0018198005
2024-09-18,1045530.7814495893
2024-09-19,1048019.5144547478
2024-09-20,1048963.844220188
2024-09-23,1052039.6383044953
2024-09-24,1065096.3560542115
2024-09-25,1070804.7582332604
2024-09-26,1080705.3762285311
2024-09-27,1094653.2177947834
2024-09-30,1123443.0923588383
2024-10-08,1145749.9829162674
2024-10-09,1124243.068900089
2024-10-10,1124673.8676776784
2024-10-11,1120440.195171679
2024-10-14,1131260.8551357824
2024-10-15,1128405.8576909842
2024-10-16,1131751.7656142914
2024-10-17,1134471.9407827705
2024-10-18,1145049.718076146
2024-10-21,1153923.8217199747
2024-10-22,1155377.1851781555
2024-10-23,1154724.6696821016
2024-10-24,1155145.2436748587
2024-10-25,1156908.3467480075
2024-10-28,1158531.2941889018
2024-10-29,1155826.7946030018
2024-10-30,1158170.3642881827
2024-10-31,1159036.14493336
2024-11-01,1154956.4135237162
2024-11-04,1161831.8447108755
2024-11-05,1171340.465365813
2024-11-06,1175266.5904814925
2024-11-07,1186796.4682137717
2024-11-08,1181326.4751716247
2024-11-11,1180936.3903495395
2024-11-12,1176081.526972159
2024-11-13,1174878.8152914185
2024-11-14,1169306.0357723932
2024-11-15,1164379.8478904995
2024-11-18,1162575.7569965953
2024-11-19,1167349.4638203336
2024-11-20,1170650.6296176473
2024-11-21,1172014.9517688723
2024-11-22,1166648.3711372742
2024-11-25,1167230.2280571142
2024-11-26,1160870.8872413053
2024-11-27,1165625.2061957852
2024-11-28,1162429.076577979
2024-11-29,1166899.4443438658
2024-12-02,1175362.8480468304
2024-12-03,1177293.5908611692
2024-12-04,1172132.764357166
2024-12-05,1173448.8710740153
2024-12-06,1173346.535401443
2024-12-09,1170975.018653681
2024-12-10,1175638.9740448487
2024-12-11,1178447.902952641
2024-12-12,1179705.520271497
2024-12-13,1176352.222098861
2024-12-16,1174760.691528392
2024-12-17,1169207.1019557007
2024-12-18,1168856.7079063435
2024-12-19,1165710.2138244386
2024-12-20,1166610.9766932528
2024-12-23,1164239.4035752418
2024-12-24,1162060.537177716
2024-12-25,1158015.1112531049
2024-12-26,1159894.221364025
2024-12-27,1161848.830815635
2024-12-30,1155310.1192948688
2024-12-31,1154971.6406479042
2025-01-02,1154810.274560977
2025-01-03,1151322.2977809762
2025-01-06,1147747.9213811383
2025-01-07,1147447.6022099762
2025-01-08,1147509.9842820964
2025-01-09,1149937.6251825101
2025-01-10,1147671.3189154454
2025-01-13,1143622.8310075419
2025-01-14,1156253.5030657435
2025-01-15,1153169.0696580529
2025-01-16,1155366.5073890572
2025-01-17,1157356.1503047643
2025-01-20,1159389.6952980536
2025-01-21,1157415.667133868
2025-01-22,1153621.508019201
2025-01-23,1152941.9523800153
2025-01-24,1157044.2709089222
2025-01-27,1154772.9224061994
2025-02-05,1153370.452189661
2025-02-06,1162823.8513893655
2025-02-07,1167558.3774567752
2025-02-10,1171315.4639159006
2025-02-11,1171587.0011036436
2025-02-12,1173985.4978090173
2025-02-13,1172488.8676125193
2025-02-14,1173514.0621020468
2025-02-17,1174085.1775078906
2025-02-18,1170350.096183591
2025-02-19,1178191.699918101
2025-02-20,1175868.6973800843
2025-02-21,1181339.563973516
2025-02-24,1175154.575630006
2025-02-25,1171578.2634479078
2025-02-26,1176781.2630340187
2025-02-27,1173833.2285362917
2025-02-28,1160108.2941590059
2025-03-03,1163497.5668593082
2025-03-04,1165627.406529596
2025-03-05,1169319.8230830478
2025-03-06,1173169.007722752
2025-03-07,1171006.7236182485
2025-03-10,1168933.9325659138
2025-03-11,1168106.5165535859
2025-03-12,1169789.727093159
2025-03-13,1172892.1078080055
2025-03-14,1180004.8725720057
2025-03-17,1181107.7259080834
2025-03-18,1184143.911920354
2025-03-19,1174440.4109410492
2025-03-20,1168178.8096755212
2025-03-21,1158472.8189710872
2025-03-24,1160304.3128152806
2025-03-25,1165393.061269491
2025-03-26,1164162.1142862602
2025-03-27,1164697.4959124753
2025-03-28,1159085.8850823948
2025-03-31,1156091.486468101
2025-04-01,1159500.5203615935
2025-04-02,1160226.5226391694
2025-04-03,1161590.197040347
2025-04-07,1121398.7843609748
2025-04-08,1129191.8889478266
2025-04-09,1134614.2173760138
2025-04-10,1142948.7914215545
2025-04-11,1145975.504631936
2025-04-14,1150159.7844323867
2025-04-15,1149647.8100605856
2025-04-16,1151446.29493907
2025-04-17,1151779.8236669204
2025-04-18,1152390.276519181
2025-04-21,1155344.7571668334
2025-04-22,1158818.0746299827
2025-04-23,1155185.544872521
2025-04-24,1151149.7089446974
2025-04-25,1154306.6736766843
2025-04-28,1151147.7934022376
2025-04-29,1151393.6128773289
2025-04-30,1159630.569013936
2025-05-06,1153575.5149933381
2025-05-07,1157002.774454702
2025-05-08,1159995.7657323019
2025-05-09,1158263.9708731594
2025-05-12,1161281.215438897
2025-05-13,1161370.1507852452
2025-05-14,1162917.2013747008
2025-05-15,1159713.5765920095
2025-05-16,1163892.6843626387
2025-05-19,1170766.684162601
2025-05-20,1171266.01035525
2025-05-21,1173634.410023682
2025-05-22,1170905.1372096236
2025-05-23,1168277.6077211814
2025-05-26,1168400.685166616
2025-05-27,1171049.2077082724
2025-05-28,1168855.4849625346
2025-05-29,1171624.8568774075
2025-05-30,1169288.1440881768
2025-06-03,1170719.275251019
2025-06-04,1172419.7560444735
2025-06-05,1170810.8363364344
2025-06-06,1171054.3314902238
2025-06-09,1176933.8216901142
2025-06-10,1179802.5691113726
2025-06-11,1180074.8135887347
2025-06-12,1180056.0056611688
2025-06-13,1176535.4111117113
2025-06-16,1179667.317762101
2025-06-17,1180132.3211098448
2025-06-18,1180571.9447146154
2025-06-19,1176925.7306415068
2025-06-20,1174651.7977182528
2025-06-23,1175748.9306834557
2025-06-24,1179912.3098839412
2025-06-25,1184589.23197809
2025-06-26,1184825.1857713321
2025-06-27,1184240.9919911486
2025-06-30,1186414.4226541854
2025-07-01,1195466.0305287899
2025-07-02,1196856.8307933195
2025-07-03,1199415.300392802
2025-07-04,1198310.1930967013
2025-07-07,1199152.4850268068
2025-07-08,1202050.77882706
2025-07-09,1211573.2865644458
2025-07-10,1226273.6353141048
2025-07-11,1220975.584372769
2025-07-14,1228500.500280247
2025-07-15,1229316.4620491618
2025-07-16,1227292.9875368976
2025-07-17,1230794.463339164
2025-07-18,1233921.2199617429
2025-07-21,1235138.3101680623
2025-07-22,1234832.8643439342
2025-07-23,1231087.456615151
2025-07-24,1234072.5338392425
2025-07-25,1241884.8128839738
2025-07-28,1239829.804474957
2025-07-29,1237571.5341302685
2025-07-30,1236025.9123307907
2025-07-31,1233933.1656211566
2025-08-01,1230407.9759487642
2025-08-04,1230865.763508817
2025-08-05,1232901.438135663
2025-08-06,1232482.110936472
2025-08-07,1234918.7424316644
2025-08-08,1235093.6066089019
2025-08-11,1233817.8570184915
2025-08-12,1234229.9977686938
2025-08-13,1236589.9928033378
2025-08-14,1235845.3211330958
2025-08-15,1238518.198442594
2025-08-18,1240331.0627067033
2025-08-19,1239876.1682708752
2025-08-20,1239238.207835437
2025-08-21,1245134.9196110684
2025-08-22,1250798.298724867
2025-08-25,1259298.6893262237
2025-08-26,1260852.6872461098
2025-08-27,1254092.4071391711
2025-08-28,1255458.7522106753
2025-08-29,1253758.193335212
2025-09-01,1254167.0129938184
2025-09-02,1251978.9035708746
2025-09-03,1246738.4433842124
2025-09-04,1241867.1849631595
2025-09-05,1249109.1880225688
2025-09-08,1250052.538223614
2025-09-09,1246419.189869708
2025-09-10,1248317.453512595
2025-09-11,1255919.2063469733
2025-09-12,1258658.2577412413
2025-09-15,1256998.3511219837
2025-09-16,1260151.6502634021
2025-09-17,1261864.6241279999
2025-09-18,1257140.7745039086
2025-09-19,1256746.1666276208
2025-09-22,1258096.5287416964
2025-09-23,1258047.8958448458
2025-09-24,1260135.7793473531
2025-09-25,1260904.1384066932
2025-09-26,1257909.3276564784
2025-09-29,1262111.663261783
2025-09-30,1265711.2077023478
2025-10-09,1270949.8408715916
2025-10-10,1266302.2737050666
2025-10-13,1265737.9767403041
2025-10-14,1261793.6270167874
2025-10-15,1267199.442997965
2025-10-16,1266436.2168111398
2025-10-17,1264138.6994460349
2025-10-20,1264182.700177755
2025-10-21,1268800.9428883465
2025-10-22,1266446.978467995
2025-10-23,1268578.9316106208
2025-10-24,1268817.284483826
2025-10-27,1273887.4528495
2025-10-28,1270923.365773563
2025-10-29,1277794.6833090447
2025-10-30,1273244.367895066
2025-10-31,1272234.3761577806
2025-11-03,1273583.436088664
2025-11-04,1272131.075386218
2025-11-05,1271140.6282557978
2025-11-06,1272704.9379029134
2025-11-07,1269699.406158832
2025-11-10,1271936.367028517
2025-11-11,1272251.2826213103
2025-11-12,1270873.251633277
2025-11-13,1273897.2746443376
2025-11-14,1270206.9233321452
2025-11-17,1269948.8319508026
2025-11-18,1261625.9572104355
2025-11-19,1261692.6882677358
2025-11-20,1263183.1692634658
2025-11-21,1250320.7221265384
2025-11-24,1253440.714481706
2025-11-25,1257971.8001221805
2025-11-26,1255538.284940196
2025-11-27,1254256.4745990767
2025-11-28,1256184.8784312431
2025-12-01,1258537.815378706
2025-12-02,1256290.1011281272
2025-12-03,1254939.0633718364
2025-12-04,1252161.6407340644
2025-12-05,1256185.8670642867
2025-12-08,1260153.0160537325
2025-12-09,1256459.5307153885
2025-12-10,1255517.9794041547
2025-12-11,1252318.0856186096
2025-12-12,1250891.3014166928
2025-12-15,1245664.4218647613
2025-12-16,1239602.9116908256
2025-12-17,1243374.9895685236
2025-12-18,1242346.2041800015
2025-12-19,1244440.6601586256
2025-12-22,1246842.2263479934
2025-12-23,1247774.2426192346
2025-12-24,1248922.630527246
2025-12-25,1252460.9882101587
2025-12-26,1251529.3487548428
2025-12-29,1247677.3149280725
2025-12-30,1245998.0107560141
2025-12-31,1244574.6940856008
2026-01-05,1248633.3580759708
2026-01-06,1251043.4027895988
2026-01-07,1250159.0143590185
2026-01-08,1251265.405945724
2026-01-09,1253730.083900657
2026-01-12,1257955.645061297
2026-01-13,1253224.6550549888
2026-01-14,1254042.0618491208
2026-01-15,1253543.4622638791
2026-01-16,1253330.1003266338
2026-01-19,1255295.4729074547
2026-01-20,1255565.7307816527
2026-01-21,1257417.5013754827
2026-01-22,1259271.2985006669
2026-01-23,1263168.9044073035
2026-01-26,1258457.4881828749
2026-01-27,1260329.052369794
2026-01-28,1261308.5827538082
2026-01-29,1263465.5104980995
2026-01-30,1256882.7518409272
2026-02-02,1247359.9670942551
2026-02-03,1253607.3354550607
2026-02-04,1254656.8680075498
2026-02-05,1251952.5372847088
2026-02-06,1251409.9501505825
2026-02-09,1256311.5980152406
2026-02-10,1255848.2427126449
2026-02-11,1253994.8443995449
2026-02-12,1253672.2071396313
2026-02-13,1251640.309959757
2026-02-24,1254847.370848648
2026-02-25,1255583.1460163812
2026-02-26,1253999.0818069167
2026-02-27,1255969.0564853598
2026-03-02,1256134.8410693335
2026-03-03,1251405.2785600869
2026-03-04,1249406.3598910884
2026-03-05,1251217.8470095897
2026-03-06,1252041.3004331598
2026-03-09,1248908.599897956
2026-03-10,1251985.778457591
2026-03-11,1254278.9363061239
2026-03-12,1253323.8924041267
2026-03-13,1248505.1483487594
