trade_date,close,ma20
20141017,6058.668,6058.668
20141020,6154.52,6106.594
20141021,6103.008,6105.398666666667
20141022,6027.51,6085.9265
20141023,5930.483,6054.837799999999
20141024,5941.926,6036.019166666666
20141027,6006.838,6031.850428571429
20141028,6163.672,6048.328125
20141029,6246.699,6070.369333333333
20141030,6241.588,6087.4911999999995
20141031,6208.61,6098.5019999999995
20141103,6275.993,6113.292916666666
20141104,6231.816,6122.410076923077
20141105,6227.245,6129.8982857142855
20141106,6289.192,6140.517866666666
20141107,6228.167,6145.9959375
20141110,6246.612,6151.914529411765
20141111,6023.004,6144.752833333334
20141112,6120.058,6143.453105263157
20141113,6023.782,6137.46955
20141114,6009.446,6135.008449999999
20141117,6100.833,6132.3241
20141118,6139.522,6134.1498
20141119,6193.562,6142.4524
20141120,6185.919,6155.2242
20141121,6240.774,6170.1666
20141124,6293.023,6184.475850000001
20141125,6392.442,6195.91435
20141126,6435.14,6205.3364
20141127,6472.587,6216.88635
20141128,6478.108,6230.36125
20141201,6392.464,6236.1848
20141202,6457.556,6247.471799999999
20141203,6513.957,6261.8074
20141204,6605.322,6277.6139
20141205,6462.089,6289.3099999999995
20141208,6457.511,6299.854949999999
20141209,6161.367,6306.7731
20141210,6366.81,6319.1107
20141211,6463.316,6341.087399999999
20141212,6545.19,6367.8746
20141215,6658.145,6395.7402
20141216,6635.255,6420.52685
20141217,6551.119,6438.4047
20141218,6540.881,6456.152800000001
20141219,6438.042,6466.0162
20141222,6120.582,6457.39415
20141223,6023.366,6438.94035
20141224,6154.878,6424.927250000001
20141225,6222.506,6412.4232
20141226,6233.936,6400.2146
20141229,6098.979,6385.54035
20141230,5982.636,6361.794349999999
20141231,6027.52,6337.4725
20150105,6049.787,6309.695750000001
20150106,6172.392,6295.2109
20150107,6166.769,6280.6738
20150108,6164.111,6280.811
20150109,6128.012,6268.871099999999
20150112,6062.283,6248.819450000001
20150113,6167.117,6229.915800000001
20150114,6139.29,6203.97305
20150115,6168.658,6180.6432
20150116,6252.075,6165.691000000001
20150119,6109.285,6144.1112
20150120,6336.631,6139.04065
20150121,6465.733,6156.2982
20150122,6568.636,6183.5617
20150123,6502.067,6200.92115
20150126,6642.612,6221.92645
20150127,6693.806,6244.91995
20150128,6666.264,6273.2842
20150129,6625.005,6305.402650000001
20150130,6546.597,6331.3565
20150202,6535.903,6355.6623
20150203,6654.549,6379.77015
20150204,6653.338,6404.098599999999
20150205,6654.082,6428.59715
20150206,6526.949,6448.544
20150209,6474.817,6469.170700000001
20150210,6555.818,6488.605750000001
20150211,6645.51,6513.91675
20150212,6703.815,6540.6746
20150213,6815.848,6568.863249999999
20150216,6965.301,6611.664049999999
20150217,7020.053,6645.835150000001
20150225,7004.665,6672.781749999999
20150226,7045.268,6696.61335
20150227,7141.888,6728.604399999999
20150302,7317.677,6762.35765
20150303,7282.108,6791.772749999999
20150304,7411.034,6829.0112500000005
20150305,7450.906,6870.306299999999
20150306,7338.404,6909.89665
20150309,7450.816,6955.642300000001
20150310,7566.481,7001.238900000001
20150311,7566.312,7046.887599999999
20150312,7514.445,7089.90575
20150313,7649.345,7146.02555
20150316,7903.363,7217.45285
20150317,7993.243,7289.3241
20150318,8150.951,7364.59615
20150319,8216.624,7440.236600000001
20150320,8318.829,7515.385650000001
20150323,8560.441,7595.14265
20150324,8655.38,7676.909
20150325,8784.909,7765.9212
20150326,8611.864,7844.250999999999
20150327,8710.291,7922.671149999999
20150330,8719.22,7992.748299999999
20150331,8780.739,8067.679849999999
20150401,9008.201,8147.5382
20150402,9238.053,8236.89555
20150403,9419.201,8340.9354
20150407,9600.722,8448.430699999999
20150408,9455.59,8542.88615
20150409,9369.657,8633.0534
20150410,9600.401,8737.351200000001
20150413,9813.596,8845.56375
20150414,9830.062,8941.8987
20150415,9441.192,9014.29615
20150416,9541.766,9083.836899999998
20150417,9567.695,9151.390449999999
20150420,9353.612,9203.129599999998
20150421,9716.349,9260.925
20150422,9995.262,9327.9191
20150423,10105.27,9393.937150000002
20150424,10123.91,9469.53945
20150427,10174.9,9542.769900000001
20150428,9847.893,9599.20355
20150429,10107.4,9665.536600000001
20150430,10180.49,9724.15105
20150504,10270.13,9775.7549
20150505,10007.27,9805.15835
20150506,9973.991,9823.821800000002
20150507,9806.508,9841.3677
20150508,10274.38,9886.60385
20150511,10771.62,9945.1648
20150512,11051.43,10007.0565
20150513,11137.3,10072.418399999999
20150514,11211.1,10160.913799999998
20150515,11217.93,10244.722
20150518,11542.28,10343.45125
20150519,11831.36,10467.338650000002
20150520,12132.37,10588.1397
20150521,12586.05,10717.6791
20150522,12687.29,10846.7801
20150525,12877.87,10984.478099999998
20150526,13401.31,11145.798599999998
20150527,13582.55,11332.53145
20150528,12818.99,11468.110949999998
20150529,13027.21,11610.44695
20150601,13691.17,11781.49895
20150602,14276.32,11994.95145
20150603,14356.6,12214.0819
20150604,14308.65,12439.189
20150605,14465.75,12648.757500000002
20150608,14099.73,12815.162999999999
20150609,14106.23,12967.903
20150610,14461.81,13134.1285
20150611,14768.88,13312.017499999998
20150612,15006.34,13501.438
20150615,14707.78,13659.713
20150616,14102.22,13773.256
20150617,14407.31,13887.003
20150618,13934.21,13954.411000000002
20150619,13024.72,13971.282499999998
20150623,13047.02,13979.74
20150624,13313.79,13975.363999999998
20150625,12760.48,13934.260499999999
20150626,11730.75,13879.848499999998
20150629,10906.04,13773.789999999999
20150630,11381.47,13658.304999999998
20150701,10734.01,13481.189499999999
20150702,10002.36,13263.477499999999
20150703,9358.732,13015.9816
20150706,8858.912,12735.6397
20150707,8356.126,12448.4595
20150708,8114.604,12148.8782
20150709,8348.875,11843.231450000001
20150710,8620.272,11535.80105
20150713,9032.556,11237.11185
20150714,9338.169,10968.6313
20150715,8942.905,10710.66555
20150716,9041.229,10442.3615
20150717,9541.259,10222.713950000001
20150720,9839.917,10063.473800000002
20150721,10062.89,9914.2673
20150722,10228.86,9760.020800000002
20150723,10553.22,9649.657799999999
20150724,10449.75,9585.6078
20150727,9719.551,9526.28335
20150728,9284.541,9421.436899999999
20150729,9727.232,9371.098000000002
20150730,9460.729,9344.01645
20150731,9223.636,9337.26165
20150803,8723.594,9330.495749999998
20150804,9265.221,9375.9505
20150805,9240.885,9432.264550000002
20150806,9229.349,9476.288250000001
20150807,9585.136,9524.531449999999
20150810,10077.94,9576.800650000001
20150811,10153.71,9617.5777
20150812,10005.93,9670.728949999999
20150813,10308.79,9734.107
20150814,10377.98,9775.94305
20150817,10563.13,9812.103700000001
20150818,9806.701,9799.29425
20150819,10057.84,9790.743250000001
20150820,9739.916,9750.07805
20150821,9208.154,9687.99825
20150824,8506.724,9627.3569
20150825,7882.112,9557.23545
20150826,7543.784,9448.06305
20150827,7793.539,9364.70355
20150828,8270.959,9317.0697
20150831,7950.459,9278.41295
20150901,7441.338,9187.218799999999
20150902,7129.97,9081.67305
20150907,7291.468,8984.778999999999
20150908,7651.5,8888.0972
20150909,7956.729,8782.03665
20150910,7842.999,8666.5011
20150911,7952.136,8563.8114
20150914,7412.302,8418.987
20150915,7034.9,8251.833
20150916,7500.61,8098.706999999999
20150917,7428.637,7979.8038
20150918,7556.203,7854.721949999999
20150921,7847.885,7760.1204
20150922,7880.836,7693.754500000001
20150923,7824.066,7659.6216
20150924,7928.825,7661.9572499999995
20150925,7640.173,7666.776699999999
20150928,7839.618,7669.080650000001
20150929,7720.677,7641.5665500000005
20150930,7727.509,7630.4190499999995
20151008,8056.279,7661.1661
20151009,8180.397,7713.68745
20151012,8522.629,7775.2455
20151013,8651.052,7825.2231
20151014,8534.726,7854.12295
20151015,8808.465,7902.396250000001
20151016,8943.018,7951.94035
20151019,8935.391,8028.094800000001
20151020,9116.539,8132.1767500000005
20151021,8541.607,8184.2266
20151022,8894.757,8257.5326
20151023,9182.553,8338.8501
20151026,9262.89,8409.600349999999
20151027,9345.966,8482.85685
20151028,9131.87,8548.24705
20151029,9214.588,8612.535200000002
20151030,9188.266,8689.939849999999
20151102,8944.683,8745.1931
20151103,8924.415,8805.380000000001
20151104,9396.842,8888.84665
20151105,9391.446,8955.605
20151106,9629.28,9028.04915
20151109,9816.034,9092.7194
20151110,9911.24,9155.7288
20151111,10100.51,9234.018
20151112,10135.08,9300.348750000001
20151113,9934.769,9349.936300000001
20151116,10194.78,9412.905750000002
20151117,10109.4,9462.5488
20151118,9928.663,9531.901600000001
20151119,10235.35,9598.931250000001
20151120,10440.35,9661.8211
20151123,10341.42,9715.7476
20151124,10459.6,9771.4293
20151125,10696.31,9849.651300000001
20151126,10620.83,9919.963399999999
20151127,9933.496,9957.224900000001
20151130,10001.19,10010.05025
20151201,9955.205,10061.58975
20151202,9822.055,10082.8504
20151203,10102.89,10118.4226
20151204,10081.57,10141.0371
20151207,10238.02,10162.1364
20151208,10057.74,10169.4614
20151209,10034.194,10166.1456
20151210,10035.45,10161.164099999998
20151211,9946.121,10161.7317
20151214,10118.9,10157.937699999999
20151215,10278.47,10166.3912
20151216,10374.23,10188.66955
20151217,10679.96,10210.90005
20151218,10629.97,10220.38105
20151221,10699.61,10238.29055
20151222,10809.242,10255.772649999999
20151223,10638.16,10252.86515
20151224,10633.19,10253.48315
20151225,10726.991,10293.1579
20151228,10515.361,10318.86645
20151229,10653.709,10353.791650000001
20151230,10806.704,10403.0241
20151231,10614.379,10428.598549999999
20160104,9694.836,10409.261849999999
20160105,9452.041,10369.9629
20160106,9709.569,10352.55435
20160107,8856.491,10293.6692
20160108,8876.253,10235.709350000001
20160111,8205.122,10148.6594
20160112,8187.96,10052.1124
20160113,7836.123,9929.995050000001
20160114,8157.737,9819.170399999999
20160115,7868.168,9678.5808
20160118,8060.879,9550.12625
20160119,8388.384,9434.56495
20160120,8321.392,9310.172450000002
20160121,7944.567,9175.4928
20160122,8074.285,9047.54755
20160125,8180.504,8920.2232
20160126,7545.544,8771.73235
20160127,7466.746,8612.384199999999
20160128,7100.901,8427.09405
20160129,7385.759,8265.66305
20160201,7292.613,8145.5519
20160202,7576.065,8051.7531
20160203,7630.459,7947.797600000001
20160204,7807.401,7895.3431
20160205,7718.708,7837.4658500000005
20160215,7726.37,7813.52825
20160216,8069.594,7807.60995
20160217,8202.147,7825.91115
20160218,8176.14,7826.8313
20160219,8239.256,7845.385699999999
20160222,8407.852,7862.734350000001
20160223,8357.355,7861.182900000002
20160224,8364.663,7863.34645
20160225,7702.591,7851.24765
20160226,7666.823,7830.87455
20160229,7183.676,7781.03315
20160301,7345.086,7771.010249999999
20160302,7711.886,7783.26725
20160303,7727.16,7814.580199999999
20160304,7418.801,7816.232300000001
20160307,7600.437,7831.6235
20160308,7670.69,7836.35475
20160309,7500.17,7829.840299999999
20160310,7376.697,7808.3051000000005
20160311,7349.567,7789.8480500000005
20160314,7640.131,7785.5361
20160315,7571.82,7760.647400000002
20160316,7484.226,7724.7513500000005
20160317,7779.875,7704.938100000001
20160318,8097.204,7697.835500000001
20160321,8325.977,7693.741749999999
20160322,8311.211,7691.43455
20160323,8408.639,7693.633349999999
20160324,8279.649,7722.48625
20160325,8343.242,7756.3072
20160328,8298.778,7812.0623
20160329,8118.996,7850.757800000001
20160330,8438.684,7887.0977
20160331,8447.179,7923.09865
20160401,8389.287,7971.62295
20160405,8635.667,8023.38445
20160406,8691.23,8074.41145
20160407,8549.513,8126.878600000001
20160408,8484.174,8182.25245
20160411,8677.409,8248.644549999999
20160412,8608.374,8297.0567
20160413,8729.841,8354.95775
20160414,8837.018,8422.59735
20160415,8841.095,8475.65835
20160418,8715.85,8506.59065
20160419,8754.504,8528.017
20160420,8312.201,8528.066499999999
20160421,8198.511,8517.560099999999
20160422,8282.424,8517.698849999999
20160425,8232.478,8512.16065
20160426,8343.422,8514.39285
20160427,8323.458,8524.61595
20160428,8303.557,8517.8596
20160429,8291.699,8510.0856
20160503,8558.578,8518.55015
20160504,8565.114,8515.022500000001
20160505,8628.741,8511.89805
20160506,8276.033,8498.22405
20160509,7918.148,8469.92275
20160510,7898.662,8430.985400000001
20160511,7823.98,8391.7657
20160512,7821.912,8346.36925
20160513,7806.957,8294.8662
20160516,7961.146,8250.86875
20160517,7961.502,8213.15135
20160518,7711.955,8161.0239
20160519,7767.315,8133.7796
20160520,7860.128,8116.86045
20160523,7995.581,8102.518300000001
20160524,7913.675,8086.578149999999
20160525,7889.73,8063.893549999999
20160526,7929.468,8044.19405
20160527,7912.864,8024.6594
20160530,7867.597,8003.4543
20160531,8197.557,7985.40325
20160601,8270.517,7970.6734
20160602,8369.432,7957.707949999999
20160603,8391.763,7963.49445
20160606,8422.472,7988.710650000001
20160607,8434.669,8015.511
20160608,8431.892,8045.906599999999
20160613,8000.819,8054.851950000001
20160614,8038.589,8066.43355
20160615,8340.539,8085.403200000001
20160616,8358.034,8105.229799999999
20160617,8414.508,8140.35745
20160620,8457.932,8174.8883000000005
20160621,8350.762,8199.420000000002
20160622,8513.543,8225.3181
20160623,8495.78,8254.423350000001
20160624,8428.823,8281.378
20160627,8646.161,8317.212650000001
20160628,8730.197,8358.079300000001
20160629,8745.815,8401.9902
20160630,8741.099,8429.1673
20160701,8710.517,8451.167300000001
20160704,8874.071,8476.39925
20160705,8914.84,8502.553100000001
20160706,8947.137,8528.786349999998
20160707,8954.276,8554.7667
20160708,8939.259,8580.13505
20160711,8874.996,8623.8439
20160712,8943.065,8669.067700000001
20160713,9023.237,8703.2026
20160714,9042.763,8737.43905
20160715,8982.886,8765.857950000001
20160718,8937.855,8789.8541
20160719,8996.833,8822.157650000001
20160720,8997.89,8846.375
20160721,9007.554,8871.9637
20160722,8931.966,8897.120850000001
20160725,8925.341,8911.079849999998
20160726,9035.557,8926.34785
20160727,8602.92,8919.2031
20160728,8571.565,8910.726400000001
20160729,8501.09,8900.25505
20160801,8363.61,8874.732
20160802,8445.78,8851.278999999999
20160803,8482.198,8828.03205
20160804,8553.006,8807.96855
20160805,8505.364,8786.273799999999
20160808,8607.398,8772.8939
20160809,8699.388,8760.71005
20160810,8671.778,8743.1371
20160811,8531.692,8717.58355
20160812,8615.053,8699.1919
20160815,8807.832,8692.69075
20160816,8877.066,8686.7024
20160817,8911.748,8682.3953
20160818,8908.325,8677.433850000001
20160819,8923.363,8677.0037
20160822,8810.843,8671.2788
20160823,8820.21,8660.511450000002
20160824,8850.511,8672.891
20160825,8784.584,8683.54195
20160826,8814.464,8699.210649999999
20160829,8836.993,8722.8798
20160830,8838.464,8742.514000000001
20160831,8838.38,8760.3231
20160901,8770.751,8771.210350000001
20160902,8724.942,8782.18925
20160905,8761.962,8789.917449999999
20160906,8906.868,8800.29145
20160907,8897.797,8811.5924
20160908,8938.431,8831.92935
20160909,8872.314,8844.7924
20160912,8587.399,8833.77075
20160913,8656.68,8822.75145
20160914,8618.149,8808.0715
20160919,8716.486,8798.47955
20160920,8712.283,8787.92555
20160921,8731.999,8783.98335
20160922,8770.095,8781.4776
20160923,8729.611,8775.4326
20160926,8544.176,8763.412199999999
20160927,8604.099,8752.893950000001
20160928,8592.126,8740.650599999999
20160929,8618.606,8729.6577
20160930,8661.019,8720.78965
20161010,8842.818,8724.393
20161011,8903.459,8733.31885
20161012,8915.441,8740.9928
20161013,8929.511,8742.12495
20161014,8913.695,8742.91985
20161017,8832.094,8737.603
20161018,8966.691,8742.32185
20161019,8954.203,8760.66205
20161020,8995.41,8777.59855
20161021,8943.011,8793.84165
20161024,9000.703,8808.0525
20161025,9039.48,8824.41235
20161026,9000.76,8837.8504
20161027,8997.016,8849.19645
20161028,8914.617,8858.44675
20161031,8910.508,8876.763350000001
20161101,9006.789,8896.89785
20161102,8946.744,8914.62875
20161103,9004.855,8933.9412
20161104,8979.926,8949.88655
20161107,8975.566,8956.523949999999
20161108,9030.731,8962.88755
20161109,8967.596,8965.4953
20161110,9083.844,8973.21195
20161111,9121.509,8983.60265
20161114,9152.165,8999.606199999998
20161115,9197.861,9011.1647
20161116,9211.949,9024.052
20161117,9174.439,9033.00345
20161118,9146.214,9043.1636
20161121,9167.492,9051.503050000001
20161122,9244.212,9061.73965
20161123,9180.011,9070.7022
20161124,9116.566,9076.679699999999
20161125,9134.815,9087.6896
20161128,9133.91,9098.859699999999
20161129,9031.29,9100.08475
20161130,9014.913,9103.4932
20161201,9055.986,9106.049750000002
20161202,8900.414,9102.07415
20161205,8851.516,9095.871650000001
20161206,8871.729,9087.921550000001
20161207,8969.136,9087.99855
20161208,8914.512,9079.53195
20161209,8881.343,9067.52365
20161212,8397.484,9029.7896
20161213,8433.587,8991.5759
20161214,8378.056,8949.881250000002
20161215,8467.708,8914.5447
20161216,8559.991,8885.23355
20161219,8551.326,8854.42525
20161220,8546.191,8819.5242
20161221,8609.405,8790.9939
20161222,8607.945,8765.56285
20161223,8509.361,8734.29015
20161226,8547.097,8704.9495
20161227,8555.99,8681.1845
20161228,8521.375,8656.5076
20161229,8488.297,8628.12315
20161230,8490.861,8607.6455
20170103,8565.136,8593.3265
20170104,8669.949,8583.2375
20170105,8670.761,8568.31875
20170106,8609.899,8553.088099999999
20170109,8653.847,8541.7133
20170110,8609.553,8552.31675
20170111,8519.845,8556.629649999999
20170112,8443.261,8559.889899999998
20170113,8286.241,8550.81655
20170116,7931.955,8519.41475
20170117,8028.651,8493.280999999999
20170118,7989.141,8465.4285
20170119,7955.392,8432.72785
20170120,8087.772,8406.7192
20170123,8169.109,8389.7066
20170124,8123.586,8368.53105
20170125,8150.596,8348.261349999999
20170126,8205.871,8332.48615
20170203,8182.279,8317.18525
20170206,8280.008,8306.642600000001
20170207,8282.375,8292.504550000001
20170208,8342.434,8276.1288
20170209,8410.261,8263.1038
20170210,8380.786,8251.64815
20170213,8432.957,8240.603650000001
20170214,8423.836,8231.3178
20170215,8344.074,8222.529250000001
20170216,8397.562,8220.2443
20170217,8324.417,8222.1531
20170220,8397.244,8245.41755
20170221,8479.608,8267.9654
20170222,8510.305,8294.0236
20170223,8512.705,8321.88925
20170224,8543.449,8344.6731
20170227,8476.906,8360.062950000001
20170228,8508.086,8379.28795
20170301,8526.472,8398.081750000001
20170302,8471.44,8411.3602
20170303,8505.452,8427.518849999999
20170306,8608.154,8443.92615
20170307,8624.465,8461.030649999999
20170308,8589.87,8473.40245
20170309,8535.556,8479.6672
20170310,8537.78,8487.516899999999
20170313,8598.518,8495.79495
20170314,8581.713,8503.6888
20170315,8574.03,8515.186599999999
20170316,8664.981,8528.557550000001
20170317,8603.865,8542.52995
20170320,8634.844,8554.40995
20170321,8639.566,8562.40785
20170322,8592.508,8566.518
20170323,8590.96,8570.43075
20170324,8602.29,8573.372800000001
20170327,8586.91,8578.873
20170328,8558.072,8581.3723
20170329,8488.217,8579.45955
20170330,8315.045,8571.6398
20170331,8339.146,8563.3245
20170405,8522.01,8559.017300000001
20170406,8543.663,8554.9772
20170407,8544.747,8552.72105
20170410,8449.157,8548.4011
20170411,8514.436,8547.233900000001
20170412,8444.394,8539.5277
20170413,8470.313,8533.9577
20170414,8345.652,8522.5388
20170417,8220.657,8500.3226
20170418,8136.409,8476.9498
20170419,8033.503,8446.88275
20170420,7987.651,8414.287
20170421,7945.39,8381.9311
20170424,7698.285,8337.29735
20170425,7723.999,8293.382800000001
20170426,7751.944,8251.6345
20170427,7799.122,8213.687
20170428,7842.082,8181.380249999999
20170502,7845.468,8157.9014
20170503,7830.638,8132.476
20170504,7804.58,8096.604500000001
20170505,7700.265,8054.4346000000005
20170508,7555.283,8004.9614
20170509,7602.962,7962.65165
20170510,7451.776,7909.51865
20170511,7387.153,7856.656599999999
20170512,7371.302,7801.706049999999
20170515,7391.605,7754.003699999999
20170516,7549.765,7720.4591
20170517,7570.439,7692.1606
20170518,7519.192,7666.44505
20170519,7510.106,7642.5678
20170522,7372.79,7613.9378
20170523,7138.238,7585.93545
20170524,7172.143,7558.3426500000005
20170525,7232.631,7532.377
20170526,7233.338,7504.087799999999
20170531,7212.696,7472.6185
20170601,7016.304,7431.1603000000005
20170602,7094.427,7394.349749999999
20170605,7160.527,7362.147099999999
20170606,7197.618,7337.01475
20170607,7347.597,7326.63045
20170608,7342.482,7313.606450000001
20170609,7348.521,7308.443699999999
20170612,7246.713,7301.421700000001
20170613,7352.976,7300.5054
20170614,7362.856,7299.06795
20170615,7455.388,7294.349100000001
20170616,7442.953,7287.974799999999
20170619,7489.76,7286.503199999999
20170620,7503.801,7286.18795
20170621,7504.192,7292.758050000001
20170622,7371.962,7304.4442500000005
20170623,7376.665,7314.6703499999985
20170626,7462.096,7326.1436
20170627,7474.033,7338.17835
20170628,7423.468,7348.71695
20170629,7456.672,7370.73535
20170630,7465.762,7389.302100000001
20170703,7537.106,7408.131050000001
20170704,7523.695,7424.434899999998
20170705,7588.087,7436.459400000002
20170706,7601.785,7449.424549999999
20170707,7623.38,7463.1675000000005
20170710,7577.818,7479.722749999999
20170711,7484.058,7486.27685
20170712,7474.333,7491.8507
20170713,7474.3,7492.7963
20170714,7433.18,7492.30765
20170717,7048.535,7470.246400000001
20170718,7109.6,7450.53635
20170719,7202.805,7435.467
20170720,7244.9,7429.113899999999
20170721,7252.707,7422.916
20170724,7292.649,7414.443649999999
20170725,7278.843,7404.684149999999
20170726,7289.877,7398.0046
20170727,7383.115,7394.32675
20170728,7386.208,7390.34905
20170731,7444.957,7385.741599999999
20170801,7452.933,7382.203499999999
20170802,7389.51,7372.274649999999
20170803,7424.107,7363.3907500000005
20170804,7389.146,7351.679050000001
20170807,7445.18,7345.04715
20170808,7470.693,7344.378899999999
20170809,7495.388,7345.43165
20170810,7441.237,7343.7784999999985
20170811,7328.402,7338.539599999999
20170814,7474.644,7359.845049999999
20170815,7507.291,7379.729599999999
20170816,7544.387,7396.8087
20170817,7614.212,7415.2743
20170818,7576.055,7431.4417
20170821,7631.75,7448.39675
20170822,7585.112,7463.7101999999995
20170823,7534.461,7475.9394
20170824,7486.058,7481.08655
20170825,7559.306,7489.7414499999995
20170828,7642.646,7499.625900000001
20170829,7623.255,7508.142
20170830,7654.372,7521.3850999999995
20170831,7679.871,7534.1733
20170901,7739.905,7551.71125
20170904,7798.179,7569.361200000001
20170905,7800.537,7585.8534
20170906,7858.285,7603.99825
20170907,7823.399,7623.10635
20170908,7838.796,7648.626050000001
20170911,7920.69,7670.92835
20170912,7899.424,7690.535000000001
20170913,7928.751,7709.753199999999
20170914,7916.666,7724.875899999999
20170915,7880.566,7740.10145
20170918,7941.683,7755.5981
20170919,7905.705,7771.6277500000015
20170920,7975.39,7793.6741999999995
20170921,7886.515,7813.697050000001
20170922,7849.727,7828.2181
20170925,7731.798,7832.6757
20170926,7746.239,7838.824900000001
20170927,7810.234,7846.618
20170928,7768.375,7851.0432
20170929,7842.586,7856.177250000001
20171009,7941.18,7863.3273
20171010,7994.459,7873.023400000001
20171011,7961.11,7878.164650000001
20171012,7940.138,7884.0016000000005
20171013,7972.419,7890.68275
20171016,7819.586,7885.62755
20171017,7805.068,7880.909750000001
20171018,7730.272,7870.9858
20171019,7656.056,7857.955299999999
20171020,7751.428,7851.4983999999995
20171023,7793.537,7844.091100000001
20171024,7752.924,7836.45205
20171025,7799.749,7827.67
20171026,7830.106,7824.849549999999
20171027,7770.713,7820.8988500000005
20171030,7574.655,7813.0417
20171031,7631.533,7807.3063999999995
20171101,7635.435,7798.56645
20171102,7542.355,7787.265450000001
20171103,7476.981,7768.9852
20171106,7551.353,7749.493849999999
20171107,7596.168,7729.579299999999
20171108,7617.525,7712.400049999999
20171109,7656.668,7698.226549999999
20171110,7669.971,7683.104150000001
20171113,7681.635,7676.2065999999995
20171114,7627.494,7667.327899999999
20171115,7556.421,7658.63535
20171116,7535.589,7652.612000000001
20171117,7272.656,7628.6734
20171120,7292.456,7603.619349999999
20171121,7289.307,7580.438499999999
20171122,7297.391,7555.320600000001
20171123,7129.055,7520.268050000001
20171124,7139.553,7488.71005
20171127,7065.84,7463.2693
20171128,7176.92,7440.5386499999995
20171129,7193.12,7418.4229
20171130,7153.573,7398.983799999999
20171201,7215.776,7385.9235499999995
20171204,7139.749,7365.34335
20171205,6946.557,7332.8628
20171206,7016.764,7302.824750000002
20171207,7012.707,7270.626700000001
20171208,7078.001,7241.028199999999
20171211,7160.425,7214.967700000001
20171212,7095.595,7188.37275
20171213,7139.719,7167.53765
20171214,7146.449,7148.080649999999
20171215,7122.748,7140.585250000001
20171218,7075.865,7129.7557
20171219,7115.851,7121.082899999999
20171220,7041.5,7108.28835
20171221,7051.339,7104.402550000001
20171222,7037.397,7099.294749999999
20171225,6940.511,7093.0283
20171226,6970.746,7082.719599999999
20171227,6942.539,7070.190550000001
20171228,6956.483,7060.336050000001
20171229,7017.351,7050.4148000000005
20180102,7092.095,7048.032100000001
20180103,7159.876,7058.698050000001
20180104,7174.865,7066.603099999998
20180105,7176.868,7074.8111499999995
20180108,7188.291,7080.325650000001
20180109,7176.742,7081.1415
20180110,7138.781,7083.300799999999
20180111,7175.398,7085.08475
20180112,7127.828,7084.153700000001
20180115,6929.307,7074.48165
20180116,6960.677,7068.722250000001
20180117,6942.863,7060.07285
20180118,6955.232,7055.7594500000005
20180119,6938.312,7050.1080999999995
20180122,7014.548,7048.96565
20180123,7019.975,7052.9388500000005
20180124,7072.406,7058.02185
20180125,7062.635,7064.02665
20180126,7056.013,7069.00315
20180129,6972.479,7066.75955
20180130,6955.243,7059.916950000001
20180131,6791.009,7041.4736
20180201,6506.453,7008.053000000002
20180202,6487.867,6973.60295
20180205,6461.813,6937.27905
20180206,6142.668,6885.575350000001
20180207,6158.257,6836.549150000001
20180208,6238.221,6789.690299999999
20180209,6053.02,6735.9499
20180212,6203.752,6699.67215
20180213,6216.51,6662.4638
20180214,6230.663,6626.8538
20180222,6347.083,6596.44635
20180223,6365.916,6567.82655
20180226,6507.128,6542.455550000001
20180227,6529.38,6517.9258
20180228,6563.808,6492.4959
20180301,6658.578,6472.29305
20180302,6632.371,6451.11095
20180305,6674.277,6436.20085
20180306,6735.859,6425.23165
20180307,6688.545,6420.10845
20180308,6725.183,6431.04495
20180309,6837.126,6448.5079000000005
20180312,6947.46,6472.79025
20180313,6911.666,6511.24015
20180314,6834.835,6545.06905
20180315,6824.052,6574.3606
20180316,6805.926,6612.005899999999
20180319,6820.502,6642.843400000001
20180320,6822.255,6673.130649999999
20180321,6771.055,6700.150250000001
20180322,6764.69,6721.0306
20180323,6402.893,6722.87945
20180326,6515.251,6723.2856
20180327,6680.844,6730.8588
20180328,6635.873,6734.46205
20180329,6684.275,6735.7469
20180330,6798.668,6744.061749999999
20180402,6835.875,6752.14165
20180403,6769.558,6753.8266
20180404,6708.922,6754.845450000001
20180409,6718.649,6754.51875
20180410,6720.774,6748.701149999999
20180411,6759.812,6739.31875
20180412,6727.645,6730.1177
20180413,6721.663,6724.4591
20180416,6717.931,6719.153049999999
20180417,6564.692,6707.09135
20180418,6661.291,6699.130800000001
20180419,6677.09,6691.87255
20180420,6535.963,6680.11795
20180423,6466.519,6665.2094
20180424,6606.584,6675.393950000001
20180425,6632.019,6681.23235
20180426,6510.534,6672.71685
20180427,6517.054,6666.775900000001
20180502,6486.814,6656.90285
20180503,6545.274,6644.23315
20180504,6531.293,6629.0040500000005
20180507,6646.584,6622.85535
20180508,6678.145,6621.316500000001
20180509,6674.909,6619.1295
20180510,6703.211,6618.2513500000005
20180511,6636.767,6612.099099999999
20180514,6591.73,6605.30335
20180515,6661.129,6602.27665
20180516,6622.641,6597.51215
20180517,6591.255,6598.840300000001
20180518,6620.775,6596.8145
20180521,6697.144,6597.8171999999995
20180522,6724.398,6607.238950000001
20180523,6652.292,6616.527599999999
20180524,6628.502,6617.6235
20180525,6541.45,6613.095050000001
20180528,6490.405,6612.0886
20180529,6436.773,6608.07455
20180530,6232.416,6595.354649999999
20180531,6315.172,6583.849550000001
20180601,6243.732,6569.4715
20180604,6215.609,6547.92275
20180605,6316.419,6529.836450000001
20180606,6320.474,6512.1147
20180607,6274.884,6490.698350000001
20180608,6205.956,6469.1578
20180611,6151.938,6447.1682
20180612,6199.154,6424.06945
20180613,6092.345,6397.55465
20180614,6060.129,6370.99835
20180615,5928.073,6336.36325
20180619,5522.529,6277.6325
20180620,5588.27,6220.8261
20180621,5456.911,6161.05705
20180622,5541.374,6106.700650000001
20180625,5512.433,6055.2498000000005
20180626,5558.714,6008.66525
20180627,5508.915,5962.272350000001
20180628,5443.849,5922.843999999999
20180629,5608.536,5887.5122
20180702,5538.092,5852.2302
20180703,5601.591,5821.5293
20180704,5500.665,5780.741599999999
20180705,5352.66,5732.3509
20180706,5374.58,5687.3357000000005
20180709,5487.549,5651.41535
20180710,5524.802,5620.05855
20180711,5396.312,5579.916450000001
20180712,5541.36,5552.367200000001
20180713,5561.685,5527.445000000001
20180716,5566.96,5509.3893499999995
20180717,5575.474,5512.0366
20180718,5544.519,5509.84905
20180719,5480.767,5511.04185
20180720,5541.212,5511.0337500000005
20180723,5582.307,5514.52745
20180724,5672.222,5520.20285
20180725,5685.586,5529.036399999999
20180726,5663.178,5540.00285
20180727,5630.227,5541.087399999999
20180730,5549.037,5541.63465
20180731,5542.543,5538.68225
20180801,5456.205,5536.45925
20180802,5325.801,5535.1163
20180803,5255.631,5529.16885
20180806,5144.642,5512.0235
20180807,5279.642,5499.7654999999995
20180808,5191.786,5489.5392
20180809,5307.967,5477.869549999999
20180810,5342.047,5466.88765
20180813,5369.176,5456.998450000001
20180814,5351.019,5445.7757
20180815,5242.087,5430.654100000001
20180816,5178.237,5415.527599999999
20180817,5084.207,5392.67735
20180820,5103.634,5368.7437
20180821,5162.026,5343.2339
20180822,5102.359,5314.07255
20180823,5133.329,5287.580100000001
20180824,5116.139,5261.8757000000005
20180827,5229.361,5245.8919
20180828,5233.503,5230.4399
20180829,5203.712,5217.815250000001
20180830,5114.266,5207.2384999999995
20180831,5057.985,5197.3562
20180903,5054.105,5192.82935
20180904,5113.147,5184.5046
20180905,5032.502,5176.5404
20180906,5012.509,5161.7675
20180907,5022.284,5145.77935
20180910,4923.644,5123.50275
20180911,4925.301,5102.21685
20180912,4919.806,5086.1028
20180913,4958.165,5075.0992
20180914,4907.934,5066.2855500000005
20180917,4831.563,5052.682
20180918,4917.35,5040.448200000001
20180919,4970.012,5033.83085
20180920,4951.585,5024.74365
20180921,5011.691,5019.52125
20180925,4995.695,5007.83795
20180926,5017.058,4997.0157
20180927,4945.691,4984.1146499999995
20180928,4987.273,4977.765
20181008,4817.434,4965.7374500000005
20181009,4818.733,4953.968849999999
20181010,4812.427,4938.932849999999
20181011,4456.608,4910.138150000001
20181012,4427.68,4880.896699999999
20181015,4358.869,4847.72595
20181016,4261.173,4814.6024
20181017,4292.197,4782.9472
20181018,4149.444,4744.429099999999
20181019,4241.234,4708.58255
20181022,4452.737,4685.8227
20181023,4379.056,4663.19735
20181024,4377.551,4636.2074
20181025,4345.327,4604.97315
20181026,4359.474,4575.3676
20181029,4296.699,4539.618
20181030,4336.65,4506.66575
20181031,4400.613,4475.8435
20181101,4428.736,4449.99575
20181102,4564.177,4428.84095
20181105,4598.201,4417.8793
20181106,4603.109,4407.0981
20181107,4592.836,4396.118550000001
20181108,4572.378,4401.90705
20181109,4561.213,4408.5837
20181112,4697.346,4425.50755
20181113,4790.448,4451.9713
20181114,4791.226,4476.92275
20181115,4871.089,4513.005
20181116,4923.986,4547.1426
20181119,4942.492,4571.630349999999
20181120,4811.882,4593.271650000001
20181121,4847.036,4616.7459
20181122,4850.131,4641.9861
20181123,4642.117,4656.11825
20181126,4633.731,4672.9698499999995
20181127,4671.644,4689.71955
20181128,4728.576,4706.117700000001
20181129,4617.348,4715.5483
20181130,4648.184,4719.7486499999995
20181203,4802.293,4729.9532500000005
20181204,4846.17,4742.1063
20181205,4816.992,4753.3141
20181206,4730.913,4761.24085
20181207,4731.902,4769.775299999999
20181210,4676.615,4768.7387499999995
20181211,4720.469,4765.2398
20181212,4718.822,4761.6196
20181213,4763.717,4756.250999999999
20181214,4641.888,4742.1461
20181217,4627.228,4726.3829
20181218,4596.61,4715.6193
20181219,4533.396,4699.9373
20181220,4550.597,4684.9606
20181221,4517.78,4678.74375
20181224,4558.317,4674.97305
20181225,4514.618,4667.12175
20181226,4494.498,4655.41785
20181227,4424.653,4645.7831
20181228,4430.024,4634.8751
20190102,4408.525,4615.1867
20190103,4376.858,4591.7211
20190104,4497.893,4575.76615
20190107,4594.148,4568.927900000001
20190108,4585.033,4561.58445
20190109,4594.739,4557.49065
20190110,4582.483,4550.59135
20190111,4621.611,4545.730799999999
20190114,4594.19,4537.25445
20190115,4644.166,4537.36835
20190116,4637.197,4537.8668
20190117,4595.49,4537.8108
20190118,4626.413,4542.46165
20190121,4655.111,4547.687349999999
20190122,4603.203,4551.9585
20190123,4609.672,4554.52625
20190124,4635.747,4560.5827
20190125,4607.945,4566.255050000001
20190128,4570.399,4573.54235
20190129,4490.051,4576.5437
20190130,4423.136,4577.27425
20190131,4355.736,4576.218150000001
20190201,4482.985,4575.47275
20190211,4611.83,4576.356849999999
20190212,4675.792,4580.8948
20190213,4759.826,4589.149149999999
20190214,4780.044,4599.0272
20190215,4773.514,4606.62235
20190218,4942.876,4624.05665
20190219,4963.751,4640.0359
20190220,4967.039,4656.528
20190221,4947.658,4674.1364
20190222,5059.509,4695.7912
20190225,5324.247,4729.2480000000005
20190226,5323.757,4765.2757
20190227,5310.275,4800.30585
20190228,5330.339,4835.03545
20190301,5364.366,4872.8565
20190304,5482.299,4918.4515
20190305,5654.306,4976.66425
20190306,5776.973,5044.3561
20190307,5877.297,5120.434149999999
20190308,5633.319,5177.950849999999
20190311,5876.342,5241.176450000001
20190312,6006.178,5307.695750000001
20190313,5866.633,5363.0361
20190314,5688.95,5408.4814
20190315,5777.109,5458.66115
20190318,5916.344,5507.33455
20190319,5941.909,5556.24245
20190320,5926.17,5604.199
20190321,5990.639,5656.34805
20190322,6014.546,5704.0999
20190325,5961.435,5735.9593
20190326,5788.36,5759.18945
20190327,5826.527,5785.002050000001
20190328,5747.863,5805.87825
20190329,5911.212,5833.22055
20190401,6137.733,5865.99225
20190402,6174.942,5892.02405
20190403,6237.016,5915.026199999999
20190404,6260.07,5934.16485
20190408,6230.214,5964.009599999999
20190409,6245.432,5982.464099999999
20190410,6235.707,5993.94055
20190411,6106.95,6005.9564
20190412,6101.205,6026.56915
20190415,6052.053,6040.31635
20190416,6179.801,6053.4892
20190417,6234.111,6068.0993
20190418,6202.845,6081.933050000001
20190419,6255.252,6095.163699999999
20190422,6192.144,6104.043599999999
20190423,6078.267,6109.8852
20190424,6153.391,6128.13675
20190425,5899.907,6131.8057499999995
20190426,5834.377,6136.13145
20190429,5622.484,6121.69505
20190430,5682.236,6098.9202000000005
20190506,5246.83,6052.5146
20190507,5312.496,6006.288600000001
20190508,5292.746,5957.9224
20190509,5237.825,5908.30295
20190510,5445.526,5868.307650000001
20190513,5405.615,5826.80305
20190514,5368.229,5789.867
20190515,5486.387,5759.1260999999995
20190516,5527.275,5732.887199999999
20190517,5330.986,5690.44645
20190520,5313.149,5644.39835
20190521,5418.045,5605.15835
20190522,5395.43,5562.16725
20190523,5267.827,5515.9514
20190524,5200.774,5472.07675
20190527,5354.634,5432.1389
20190528,5354.525,5404.8698
20190529,5376.513,5381.9766
20190530,5341.98,5367.9514
20190531,5334.248,5350.552
20190603,5255.074,5350.964199999999
20190604,5160.977,5343.38825
20190605,5158.465,5336.6741999999995
20190606,5030.801,5326.322999999999
20190610,5098.938,5308.9936
20190611,5289.624,5303.19405
20190612,5264.886,5298.0269
20190613,5294.113,5288.4132
20190614,5173.069,5270.7029
20190617,5160.673,5262.18725
20190618,5160.878,5254.5737
20190619,5234.275,5245.3852
20190620,5317.31,5241.4792
20190621,5406.04,5248.3898500000005
20190624,5403.798,5258.54105
20190625,5351.69,5258.39385
20190626,5351.391,5258.237149999999
20190627,5397.571,5259.2900500000005
20190628,5321.433,5258.262699999999
20190701,5481.409,5265.62075
20190702,5483.515,5277.0428
20190703,5428.514,5290.41965
20190704,5404.384,5302.7155999999995
20190705,5424.25,5322.38805
20190708,5244.266,5329.65445
20190709,5260.344,5328.19045
20190710,5214.644,5325.67835
20190711,5206.399,5321.29265
20190712,5219.189,5323.59865
20190715,5273.815,5329.25575
20190716,5285.229,5335.4733
20190717,5289.424,5338.230750000001
20190718,5194.602,5332.0953500000005
20190719,5220.027,5322.7947
20190722,5073.333,5306.27145
20190723,5131.097,5295.2418
20190724,5194.829,5287.4137
20190725,5211.086,5278.0894499999995
20190726,5216.602,5272.847900000001
20190729,5218.983,5259.7266
20190730,5239.718,5247.536749999999
20190731,5200.095,5236.1158
20190801,5173.229,5224.558050000001
20190802,5091.063,5207.8987
20190805,5032.642,5197.3175
20190806,4899.816,5179.2911
20190807,4885.44,5162.8309
20190808,4923.327,5148.6773
20190809,4869.792,5131.20745
20190812,4952.217,5115.12755
20190813,4928.465,5097.28935
20190814,4961.751,5080.9057
20190815,4985.421,5070.44665
20190816,5013.582,5060.1244
20190819,5173.177,5065.116599999999
20190820,5185.265,5067.825
20190821,5186.622,5067.414650000001
20190822,5208.552,5067.28795
20190823,5197.548,5066.33525
20190826,5168.68,5063.8201
20190827,5266.658,5065.167100000001
20190828,5256.177,5067.9712
20190829,5260.95,5072.35725
20190830,5182.956,5076.9519
20190902,5317.533,5091.19645
20190903,5357.06,5114.058650000001
20190904,5394.706,5139.52195
20190905,5445.574,5165.6343
20190906,5468.459,5195.56765
20190909,5602.242,5228.0689
20190910,5614.576,5262.37445
20190911,5566.408,5292.607300000001
20190912,5592.922,5322.98235
20190916,5627.235,5353.665
20190917,5492.222,5369.61725
20190918,5485.879,5384.6479500000005
20190919,5550.407,5402.8372
20190920,5556.478,5420.2335
20190923,5501.215,5435.41685
20190924,5528.893,5453.4275
20190925,5421.625,5461.1758500000005
20190926,5244.077,5460.570849999999
20190927,5291.436,5462.095149999999
20190930,5232.387,5464.5667
20191008,5237.182,5460.54915
20191009,5285.149,5456.9536
20191010,5366.925,5455.564550000001
20191011,5370.654,5451.81855
20191014,5455.606,5451.1759
20191015,5375.529,5439.840249999999
20191016,5353.015,5426.762199999999
20191017,5347.267,5415.80515
20191018,5280.532,5400.185649999999
20191021,5247.298,5381.1888
20191022,5312.458,5372.2006
20191023,5269.723,5361.3928
20191024,5259.455,5346.845200000001
20191025,5300.094,5334.026
20191028,5425.754,5330.25295
20191029,5366.754,5322.146
20191030,5313.417,5316.7356
20191031,5253.881,5317.2258
20191101,5303.991,5317.853550000001
20191104,5337.083,5323.08835
20191105,5352.061,5328.8323
20191106,5304.838,5329.81675
20191107,5340.171,5328.47905
20191108,5321.778,5326.03525
20191111,5183.571,5312.4335
20191112,5196.715,5303.4928
20191113,5181.492,5294.91665
20191114,5216.644,5288.385499999999
20191115,5152.564,5281.9871
20191118,5189.352,5279.0898
20191119,5286.149,5277.77435
20191120,5259.47,5277.2617
20191121,5250.665,5276.8222000000005
20191122,5181.109,5270.87295
20191125,5151.368,5257.15365
20191126,5147.728,5246.2023500000005
20191127,5145.967,5237.82985
20191128,5131.128,5231.6922
20191129,5126.615,5222.823399999999
20191202,5137.784,5212.85845
20191203,5171.356,5203.8232
20191204,5179.694,5197.566000000001
20191205,5238.13,5192.46395
20191206,5275.51,5190.15055
20191209,5294.282,5195.686100000001
20191210,5326.361,5202.1684000000005
20191211,5304.882,5208.3379
20191212,5304.423,5212.726850000001
20191213,5375.977,5223.8975
20191216,5476.988,5238.2793
20191217,5545.618,5251.252750000001
20191218,5543.787,5265.4686
20191219,5568.113,5281.340999999999
20191220,5501.158,5297.34345
20191223,5377.087,5308.6294
20191224,5471.735,5324.82975
20191225,5504.417,5342.7522500000005
20191226,5543.664,5363.3790500000005
20191227,5498.925,5381.99455
20191230,5529.996,5401.60515
20191231,5567.033,5421.389
20200102,5676.558,5446.2322
20200103,5706.044,5469.6278999999995
20200106,5764.733,5494.0890500000005
20200107,5852.361,5521.993
20200108,5772.474,5544.29865
20200109,5864.182,5572.26365
20200110,5851.893,5599.6371500000005
20200113,5926.722,5627.1744
20200114,5914.113,5649.03065
20200115,5913.518,5667.42565
20200116,5902.132,5685.342900000001
20200117,5879.412,5700.9078500000005
20200120,5954.867,5723.5932999999995
20200121,5901.859,5749.831899999999
20200122,5919.587,5772.224499999999
20200123,5699.008,5781.95405
20200203,5200.162,5764.77895
20200204,5212.1,5750.4377
20200205,5348.341,5741.35495
20200206,5515.641,5738.78535
20200207,5583.596,5734.13725
20200210,5661.562,5731.91315
20200211,5623.259,5724.83945
20200212,5754.258,5719.9343
20200213,5707.533,5716.68725
20200214,5727.829,5709.8696
20200217,5936.483,5714.099099999999
20200218,6072.193,5721.37265
20200219,6018.051,5726.56955
20200220,6134.388,5737.61305
20200221,6243.478,5754.68035
20200224,6380.415,5779.7305
20200225,6407.143,5802.3443
20200226,6221.835,5818.3431
20200227,6232.089,5833.9682
20200228,5870.966,5842.5661
20200302,6113.411,5888.228550000001
20200303,6195.892,5937.4181499999995
20200304,6226.533,5981.32775
20200305,6315.835,6021.33745
20200306,6296.739,6056.9946
20200309,6049.621,6076.39755
20200310,6206.408,6105.554999999999
20200311,6122.909,6123.98755
20200312,5999.64,6138.5929
20200313,5945.465,6149.474700000001
20200316,5657.775,6135.5392999999995
20200317,5642.919,6114.075599999999
20200318,5556.108,6090.9784500000005
20200319,5617.195,6065.118799999999
20200320,5670.471,6036.468449999999
20200323,5416.571,5988.27625
20200324,5517.255,5943.78185
20200325,5646.625,5915.02135
20200326,5595.433,5883.188550000001
20200327,5553.612,5867.32085
20200330,5415.411,5832.42085
20200331,5427.132,5793.98285
20200401,5403.303,5752.82135
20200402,5538.604,5713.9598
20200403,5507.119,5674.4788
20200407,5695.169,5656.7562
20200408,5718.128,5632.3422
20200409,5789.265,5615.660000000001
20200410,5637.532,5597.5546
20200413,5578.856,5579.22415
20200414,5692.001,5580.93545
20200415,5657.948,5581.686900000001
20200416,5700.96,5588.9295
20200417,5710.053,5593.5724
20200420,5803.402,5600.21895
20200421,5773.008,5618.040800000001
20200422,5826.56,5633.50605
20200423,5789.482,5640.6489
20200424,5675.51,5644.652749999999
20200427,5645.657,5649.255
20200428,5561.198,5656.544349999999
20200429,5547.628,5662.56915
20200430,5678.166,5676.3123
20200506,5802.419,5689.50305
20200507,5795.872,5703.9407
20200508,5862.767,5712.320600000001
20200511,5851.804,5719.0044
20200512,5869.507,5723.0165
20200513,5917.027,5736.99125
20200514,5863.236,5751.21025
20200515,5889.977,5761.10905
20200518,5860.043,5771.2137999999995
20200519,5936.599,5782.99575
20200520,5865.841,5790.785150000001
20200521,5791.64,5790.197050000001
20200522,5683.996,5785.746450000001
20200525,5671.972,5778.01705
20200526,5808.549,5778.9704
20200527,5772.084,5783.7991
20200528,5758.927,5789.4626
20200529,5816.4,5802.2227
20200601,5993.785,5824.5305499999995
20200602,6002.836,5840.76405
20200603,5994.638,5850.375
20200604,6006.765,5860.91965
20200605,6015.327,5868.5476499999995
20200608,6001.432,5876.02905
20200609,6042.335,5884.67045
20200610,6049.322,5891.2852
20200611,6027.409,5899.49385
20200612,6031.171,5906.55355
20200615,6028.956,5914.9992
20200616,6151.686,5925.753549999999
20200617,6178.141,5941.36855
20200618,6149.289,5959.250999999999
20200619,6187.108,5984.4066
20200622,6228.016,6012.2088
20200623,6238.897,6033.7262
20200624,6227.569,6056.50045
20200629,6211.381,6079.12315
20200630,6319.556,6104.280949999999
20200701,6339.369,6121.56015
20200702,6413.952,6142.115949999999
20200703,6478.354,6166.3017500000005
20200706,6725.996,6202.2633000000005
20200707,6817.865,6242.3902
20200708,6973.997,6291.01845
20200709,7182.177,6348.010550000001
20200710,7150.424,6403.0656500000005
20200713,7403.086,6471.8495
20200714,7344.988,6537.54035
20200715,7131.464,6592.66575
20200716,6758.14,6622.98845
20200717,6772.532,6652.7080000000005
20200720,7003.667,6695.4269
20200721,7058.791,6739.011049999999
20200722,7125.569,6783.8887
20200723,7119.671,6827.9274000000005
20200724,6784.635,6855.7807
20200727,6786.529,6884.5381
20200728,6857.943,6911.457449999999
20200729,7060.535,6947.5157500000005
20200730,7048.981,6979.267199999999
20200731,7141.592,7012.429099999999
20200803,7373.341,7044.796350000001
20200804,7326.189,7070.212549999999
20200805,7427.189,7092.87215
20200806,7432.766,7105.4016
20200807,7339.811,7114.8709499999995
20200810,7358.862,7112.659749999999
20200811,7213.445,7106.0826
20200812,7092.355,7104.12715
20200813,7113.93,7121.916650000001
20200814,7183.958,7142.487950000001
20200817,7339.693,7159.28925
20200818,7410.241,7176.861749999999
20200819,7256.131,7183.38985
20200820,7151.261,7184.969350000001
20200821,7194.274,7205.451299999999
20200824,7253.64,7228.806850000001
20200825,7213.682,7246.593800000001
20200826,7037.978,7245.465950000001
20200827,7113.804,7248.707100000001
20200828,7204.782,7251.866599999999
20200831,7224.046,7244.401849999999
20200901,7258.887,7241.036750000001
20200902,7272.624,7233.308499999999
20200903,7189.861,7221.16325
20200904,7182.105,7213.277950000001
20200907,7057.194,7198.19455
20200908,7103.086,7192.676600000001
20200909,6877.602,7181.938949999999
20200910,6633.89,7157.93695
20200911,6742.059,7135.842
20200914,6848.359,7111.275299999999
20200915,6881.586,7084.842550000001
20200916,6812.912,7062.681600000001
20200917,6825.152,7046.376149999999
20200918,6929.767,7033.1508
20200921,6927.19,7016.828299999999
20200922,6815.777,6996.93305
20200923,6862.966,6988.18245
20200924,6675.152,6966.24985
20200925,6634.389,6937.730200000001
20200928,6550.369,6904.046350000001
20200929,6621.032,6872.1536
20200930,6617.159,6839.380349999999
20201009,6822.365,6821.00555
20201012,7036.275,6813.71405
20201013,7053.871,6813.5479
20201014,6988.609,6807.82405
20201015,6926.846,6810.28625
20201016,6906.388,6823.91115
20201019,6858.356,6829.726000000001
20201020,6923.384,6833.477249999999
20201021,6815.093,6830.152599999999
20201022,6771.807,6828.097350000001
20201023,6641.329,6818.9062
20201026,6648.521,6804.8439
20201027,6682.538,6792.6113
20201028,6685.429,6786.0939
20201029,6674.742,6776.6827
20201030,6511.158,6768.483
20201102,6513.788,6762.452950000001
20201103,6647.575,6767.313249999999
20201104,6632.682,6767.895749999999
20201105,6754.95,6774.7853000000005
20201106,6688.662,6768.10015
20201109,6851.983,6758.885549999999
20201110,6779.491,6745.16655
20201111,6663.731,6728.92265
20201112,6676.422,6716.401449999999
20201113,6686.391,6705.4016
20201116,6747.811,6699.87435
20201117,6681.723,6687.7913
20201118,6682.125,6681.142900000001
20201119,6718.458,6678.47545
20201120,6766.061,6684.71205
20201123,6807.718,6692.671899999999
20201124,6807.997,6698.94485
20201125,6691.874,6699.2671
20201126,6643.185,6697.68925
20201127,6641.773,6704.219999999999
20201130,6622.359,6709.64855
20201201,6713.23,6712.931299999999
20201202,6735.712,6718.082799999999
20201203,6711.843,6715.92745
20201204,6746.63,6718.825849999999
20201207,6733.002,6712.8768
20201208,6734.372,6710.620850000001
20201209,6602.517,6707.56015
20201210,6605.192,6703.9986499999995
20201211,6498.239,6694.59105
20201214,6576.816,6686.0413
20201215,6596.503,6681.7803
20201216,6543.362,6674.8421499999995
20201217,6597.86,6668.81225
20201218,6573.404,6659.179400000001
20201221,6691.588,6653.372899999999
20201222,6549.969,6640.4715
20201223,6601.243,6635.93995
20201224,6496.326,6628.597
20201225,6561.275,6624.5721
20201228,6519.471,6619.4277
20201229,6477.262,6607.629299999999
20201230,6526.879,6597.18765
20201231,6646.474,6593.919199999999
20210104,6798.764,6596.525899999999
20210105,6807.447,6600.248149999999
20210106,6724.95,6599.77705
20210107,6616.552,6600.4788
20210108,6585.359,6599.487149999999
20210111,6475.955,6598.37295
20210112,6564.735,6597.7689
20210113,6513.64,6593.625750000001
20210114,6506.827,6591.799000000001
20210115,6528.461,6588.32905
20210118,6652.096,6592.263650000001
20210119,6614.071,6588.3877999999995
20210120,6671.449,6594.4618
20210121,6745.109,6601.655100000001
20210122,6721.917,6612.93465
20210125,6657.272,6617.7345000000005
20210126,6534.097,6618.4658
20210127,6537.754,6621.4904
20210128,6399.127,6615.102799999999
20210129,6304.118,6597.984999999999
20210201,6345.814,6575.3375
20210202,6417.461,6555.8382
20210203,6307.39,6534.9601999999995
20210204,6167.747,6512.51995
20210205,6045.297,6485.51685
20210208,6088.819,6466.16005
20210209,6254.011,6450.623850000001
20210210,6303.306,6440.10715
20210218,6404.595,6434.995550000001
20210219,6527.647,6434.95485
20210222,6534.574,6429.07875
20210223,6489.962,6422.873300000001
20210224,6437.837,6411.1927000000005
20210225,6399.347,6393.9046
20210226,6325.405,6374.079
20210301,6495.157,6365.973250000001
20210302,6466.632,6362.6
20210303,6553.596,6363.3921
20210304,6434.894,6365.18045
20210305,6456.279,6372.788500000001
20210308,6327.649,6371.88025
20210309,6126.283,6357.32135
20210310,6078.244,6345.86405
20210311,6219.664,6348.4599
20210312,6220.478,6357.21895
20210315,6177.738,6361.6649
20210316,6233.463,6360.6375
20210317,6277.581,6359.35125
20210318,6298.886,6354.065799999999
20210319,6250.815,6340.2242
20210322,6359.6,6331.4755000000005
20210323,6289.001,6321.427450000001
20210324,6196.267,6309.34895
20210325,6190.712,6298.9172
20210326,6301.341,6297.714
20210329,6326.609,6289.286599999999
20210330,6301.585,6281.03425
20210331,6293.392,6268.02405
20210401,6335.791,6263.0689
20210402,6361.252,6258.31755
20210406,6421.487,6263.0094500000005
20210407,6422.762,6277.8333999999995
20210408,6404.128,6294.127600000001
20210409,6399.522,6303.1205
20210412,6263.399,6305.26655
20210413,6231.139,6307.9366
20210414,6320.067,6312.266799999999
20210415,6296.608,6313.218150000001
20210416,6368.846,6316.71615
20210419,6477.388,6328.044800000001
20210420,6457.629,6332.94625
20210421,6457.715,6341.38195
20210422,6485.211,6355.82915
20210423,6453.303,6368.9587
20210426,6431.089,6375.4461
20210427,6400.905,6379.160900000001
20210428,6437.247,6385.944
20210429,6405.103,6391.529550000001
20210430,6382.136,6393.8468
20210506,6398.437,6395.70605
20210507,6320.253,6390.64435
20210510,6338.574,6386.434950000001
20210511,6343.863,6383.4217
20210512,6420.337,6384.46245
20210513,6375.015,6390.043250000001
20210514,6462.476,6401.6101
20210517,6457.277,6408.4706
20210518,6486.822,6417.9812999999995
20210519,6488.949,6423.98645
20210520,6482.836,6424.25885
20210521,6480.374,6425.3961
20210524,6537.857,6429.4032
20210525,6615.714,6435.92835
20210526,6644.751,6445.50075
20210527,6705.045,6459.198549999999
20210528,6694.346,6473.8706
20210531,6814.363,6492.7264
20210601,6854.734,6515.20795
20210602,6759.459,6534.0741
20210603,6754.07,6551.855750000001
20210604,6785.804,6575.1332999999995
20210607,6861.85,6601.297100000001
20210608,6809.864,6624.59715
20210609,6823.407,6644.75065
20210610,6898.206,6670.9102
20210611,6852.973,6690.43505
20210615,6815.119,6708.32715
20210616,6673.245,6717.648300000001
20210617,6787.668,6732.58425
20210618,6863.716,6751.62825
20210621,6968.296,6776.02435
20210622,7000.252,6799.1441
20210623,7046.175,6820.667149999999
20210624,6974.642,6837.1617
20210625,7000.43,6851.93095
20210628,7063.471,6870.3872
20210629,7004.304,6879.88425
20210630,7083.7,6891.332549999999
20210701,6969.532,6901.836200000001
20210702,6908.932,6909.5793
20210705,7006.7,6920.624099999999
20210706,6979.062,6926.484699999999
20210707,7089.665,6940.474749999999
20210708,7099.411,6954.274950000001
20210709,7142.899,6966.5096
20210712,7284.235,6988.0727
20210713,7331.726,7013.903049999999
20210714,7243.816,7042.431600000001
20210715,7241.623,7065.12935
20210716,7228.363,7083.361700000001
20210719,7205.268,7095.210300000001
20210720,7253.276,7107.861500000001
20210721,7398.808,7125.493149999999
20210722,7446.481,7149.085099999999
20210723,7379.791,7168.05315
20210726,7286.148,7179.187000000001
20210727,7093.87,7183.665300000001
20210728,6945.509,7176.755749999999
20210729,7207.483,7188.6533
20210730,7262.383,7206.325849999999
20210802,7402.354,7226.10855
20210803,7308.955,7242.6032000000005
20210804,7478.207,7262.0303
20210805,7447.939,7279.4567
20210806,7482.174,7296.42045
20210809,7507.082,7307.5628
20210810,7549.552,7318.454100000001
20210811,7605.918,7336.559199999999
20210812,7657.527,7357.354399999999
20210813,7641.917,7378.032099999999
20210816,7568.137,7396.17555
20210817,7360.033,7401.513399999999
20210818,7405.486,7401.847299999999
20210819,7468.773,7402.9619
20210820,7467.361,7407.340400000001
20210823,7652.559,7425.6609499999995
20210824,7715.073,7456.7211
20210825,7769.627,7497.927000000001
20210826,7669.528,7521.02925
20210827,7680.078,7541.914
20210830,7727.745,7558.18355
20210831,7728.422,7579.156899999999
20210901,7606.874,7585.590249999999
20210902,7690.859,7597.73625
20210903,7630.841,7605.169600000001
20210906,7735.1,7616.570499999999
20210907,7878.349,7633.01035
20210908,7894.252,7647.427050000001
20210909,7900.238,7659.5626
20210910,7932.651,7674.0993
20210913,7947.481,7693.066500000001
20210914,7916.896,7720.909650000001
20210915,7972.233,7749.247
20210916,7754.947,7763.5557
20210917,7730.224,7776.698849999999
20210922,7769.06,7782.5239
20210923,7806.802,7787.11035
20210924,7695.618,7783.409900000001
20210927,7467.818,7773.3244
20210928,7468.733,7762.75715
20210929,7199.179,7736.32885
20210930,7405.462,7720.180850000002
20211008,7425.669,7711.1206
20211011,7384.844,7695.81985
20211012,7208.473,7674.701449999999
20211013,7289.363,7652.414600000001
20211014,7342.254,7625.609849999999
20211015,7350.413,7598.417899999999
20211018,7429.626,7574.8873
20211019,7504.055,7553.4574999999995
20211020,7523.561,7532.261499999999
20211021,7503.534,7511.5934
20211022,7438.481,7484.9058
20211025,7532.373,7473.777099999999
20211026,7508.689,7462.700350000001
20211027,7433.546,7445.924650000001
20211028,7267.851,7418.977100000001
20211029,7385.305,7403.46145
20211101,7455.611,7402.8511
20211102,7368.6,7397.84445
20211103,7385.199,7407.145450000001
20211104,7483.692,7411.05695
20211105,7389.587,7409.25285
20211108,7422.907,7411.156
20211109,7531.958,7427.330250000001
20211110,7535.228,7439.6235
20211111,7593.732,7452.1974
20211112,7697.808,7469.567150000001
20211115,7676.485,7481.910099999999
20211116,7589.181,7486.1664
20211117,7725.092,7496.242950000002
20211118,7714.797,7506.8061
20211119,7803.763,7525.0702
20211122,7947.372,7545.82015
20211123,7941.559,7567.46365
20211124,7938.774,7592.725049999999
20211125,7925.76,7625.6205
20211126,7940.789,7653.3947
20211129,7999.833,7680.6058
20211130,8054.29,7714.890299999999
20211201,8055.821,7748.421399999999
20211202,7968.235,7772.64855
20211203,8023.963,7804.367349999999
20211206,7906.756,7828.559800000001
20211207,7781.442,7841.034
20211208,7922.552,7860.400199999999
20211209,7931.757,7877.301450000001
20211210,7949.125,7889.8673
20211213,7984.899,7905.2880000000005
20211214,7981.828,7924.9203499999985
20211215,7955.581,7936.444799999999
20211216,8005.975,7951.003699999999
20211217,7894.103,7955.520699999999
20211220,7751.951,7945.749650000001
20211221,7849.033,7941.12335
20211222,7930.812,7940.72525
20211223,7932.662,7941.07035
20211224,7776.606,7932.861200000001
20211227,7776.431,7921.691099999999
20211228,7863.53,7912.1531
20211229,7855.429,7902.133500000001
20211230,7924.528,7899.948149999999
20211231,8010.324,7899.266200000001
20220104,7983.068,7903.0818
20220105,7781.678,7903.0936
20220106,7844.517,7899.19185
20220107,7682.697,7886.73885
20220110,7734.187,7875.9919500000005
20220111,7646.693,7859.08165
20220112,7779.524,7848.966450000002
20220113,7644.787,7833.4267500000005
20220114,7675.371,7816.89655
20220117,7808.086,7812.5957
20220118,7758.605,7812.9284
20220119,7665.185,7803.736
20220120,7492.61,7781.825900000001
20220121,7388.744,7754.629999999999
20220124,7425.402,7737.069799999999
20220125,7133.066,7704.9015500000005
20220126,7171.029,7670.2765
20220127,6960.11,7625.510550000001
20220128,6973.01,7577.93465
20220207,7061.62,7530.49945
20220208,7080.618,7485.37695
20220209,7211.43,7456.86455
20220210,7175.617,7423.4195500000005
20220211,7033.851,7390.977249999999
20220214,7006.075,7354.57165
20220215,7124.849,7328.479449999999
20220216,7183.106,7298.658549999998
20220217,7220.607,7277.44955
20220218,7251.792,7256.270599999999
20220221,7334.591,7232.595850000001
20220222,7279.236,7208.6274
20220223,7450.4,7197.888150000001
20220224,7285.117,7187.513499999999
20220225,7361.957,7186.174150000001
20220228,7419.831,7185.895600000001
20220301,7429.443,7200.7144499999995
20220302,7414.309,7212.878450000001
20220303,7342.614,7232.003650000001
20220304,7241.563,7245.431300000001
20220307,7085.732,7246.6368999999995
20220308,6871.22,7236.1669999999995
20220309,6796.039,7215.3974499999995
20220310,6952.52,7204.2426000000005
20220311,6990.778,7202.08895
20220314,6800.595,7191.81495
20220315,6473.481,7159.246550000001
20220316,6692.966,7134.739550000001
20220317,6818.545,7114.63645
20220318,6879.366,7096.015150000001
20220321,6954.406,7077.005899999999
20220322,6923.443,7059.2162499999995
20220323,6966.953,7035.0439
20220324,6900.807,7015.8284
20220325,6819.813,6988.7212
20220328,6767.251,6956.092200000001
20220329,6725.677,6920.9039
20220330,6864.749,6893.4259
20220331,6772.065,6864.898450000001
20220401,6772.604,6841.450500000001
20220406,6764.288,6825.378299999999
20220407,6623.586,6812.9966
20220408,6575.283,6801.9588
20220411,6328.065,6770.7360499999995
20220412,6414.419,6741.9181
20220413,6286.251,6716.200900000001
20220414,6359.708,6710.51225
20220415,6275.073,6689.6176000000005
20220418,6326.025,6664.991599999999
20220419,6345.786,6638.3126
20220420,6234.251,6602.304849999999
20220421,5981.384,6555.2019
20220422,5891.808,6501.4446499999995
20220425,5431.608,6427.9847
20220426,5266.552,6350.32165
20220427,5540.717,6288.99495
20220428,5493.908,6227.4065
20220429,5734.493,6170.8937
20220505,5836.928,6124.136850000001
20220506,5764.692,6073.74125
20220509,5840.89,6027.57135
20220510,5950.667,5993.9254
20220511,6003.028,5965.31265
20220512,6034.573,5950.6380500000005
20220513,6071.667,5933.50045
20220516,6082.882,5923.332
20220517,6118.457,5911.26945
20220518,6127.804,5903.906000000001
20220519,6180.186,5896.61405
20220520,6263.443,5892.4969
20220523,6343.467,5897.9577
20220524,6081.642,5902.9706
20220525,6188.269,5917.7936500000005
20220526,6227.099,5957.5682
20220527,6210.094,6004.7453000000005
20220530,6282.355,6041.8272
20220531,6353.347,6084.799150000001
20220601,6373.318,6116.740400000001
20220602,6442.934,6147.0407
20220606,6604.976,6189.0549
20220607,6597.835,6226.90215
20220608,6608.892,6259.8134
20220609,6490.375,6284.1807499999995
20220610,6627.748,6313.8395
20220613,6674.804,6343.996349999999
20220614,6665.253,6373.1149
20220615,6653.762,6399.88015
20220616,6696.763,6428.3281
20220617,6774.738,6458.055699999999
20220620,6848.755,6487.3213
20220621,6779.145,6509.1052
20220622,6691.812,6539.6137
20220623,6845.455,6572.473
20220624,6931.654,6607.700749999999
20220627,7002.934,6647.342750000001
20220628,7079.725,6687.21125
20220629,6900.993,6714.59355
20220630,6995.53,6745.70415
20220701,6994.501,6773.282499999999
20220704,7076.322,6796.849800000001
20220705,7036.002,6818.75815
20220706,6953.98,6836.012550000001
20220707,7041.867,6863.587150000001
20220708,7000.785,6882.239
20220711,6893.635,6893.18055
20220712,6779.555,6898.89565
20220713,6834.902,6907.952650000001
20220714,6920.874,6919.158200000001
20220715,6852.816,6923.0621
20220718,6953.932,6928.320949999999
20220719,7009.324,6939.8299
20220720,7110.104,6960.744499999999
20220721,7075.294,6972.236449999999
20220722,7034.598,6977.383650000001
20220725,6948.909,6974.6824
20220726,7027.419,6972.0671
20220727,7099.434,6981.989149999999
20220728,7150.198,6989.72255
20220729,7117.434,6995.869200000001
20220801,7180.454,7001.0758000000005
20220802,6957.982,6997.174800000001
20220803,6916.67,6995.309300000001
20220804,6960.312,6991.2315499999995
20220805,7090.003,6995.69245
20220808,7176.105,7009.815949999999
20220809,7207.396,7031.2080000000005
20220810,7212.075,7050.066649999999
20220811,7294.486,7068.7472499999985
20220812,7228.835,7087.5482
20220815,7283.5,7104.0266
20220816,7324.62,7119.7914
20220817,7328.674,7130.719900000001
20220818,7351.437,7144.52705
20220819,7234.405,7154.5174
20220822,7288.577,7171.5008
20220823,7306.021,7185.430900000001
20220824,7039.41,7182.429699999999
20220825,7016.306,7175.7351
20220826,6980.18,7168.872399999998
20220829,7021.315,7160.915449999999
20220830,6976.722,7161.85245
20220831,6750.743,7153.556099999999
20220901,6717.1,7141.3955000000005
20220902,6776.827,7125.736700000001
20220905,6791.092,7106.4860499999995
20220906,6919.646,7092.09855
20220907,6963.52,7079.6708
20220908,6897.1,7059.8015
20220909,6913.579,7044.038699999999
20220913,6904.078,7025.067599999999
20220914,6829.558,7000.314499999999
20220915,6619.189,6964.840249999999
20220916,6481.244,6921.330599999999
20220919,6399.801,6879.6004
20220920,6482.131,6839.2781
20220921,6480.602,6798.00715
20220922,6487.275,6770.4004
20220923,6363.684,6737.7693
20220926,6283.593,6702.93995
20220927,6409.776,6672.362999999999
20220928,6211.109,6634.08235
20220929,6228.779,6607.984149999999
20220930,6124.864,6578.372350000001
20221010,5984.501,6538.75605
20221011,6017.719,6500.087399999999
20221012,6192.653,6463.73775
20221013,6252.223,6428.1729
20221014,6406.457,6403.6407500000005
20221017,6472.451,6381.584349999999
20221018,6508.504,6361.80565
20221019,6461.146,6343.38505
20221020,6429.704,6333.9108
20221021,6432.326,6331.464900000001
20221024,6378.432,6330.39645
20221025,6355.778,6324.0788
20221026,6491.692,6324.6332999999995
20221027,6461.61,6323.35005
20221028,6239.932,6317.162450000001
20221031,6292.619,6317.6137499999995
20221101,6439.822,6319.11605
20221102,6524.514,6334.7863
20221103,6566.841,6351.6894
20221104,6709.645,6380.92845
20221107,6713.638,6417.3853
20221108,6694.956,6451.24715
20221109,6676.008,6475.4149
20221110,6603.309,6492.9692000000005
20221111,6643.482,6504.820449999999
20221114,6599.666,6511.181200000001
20221115,6752.513,6523.38165
20221116,6702.041,6535.426399999999
20221117,6714.504,6549.6664
20221118,6658.401,6560.970149999999
20221121,6689.325,6576.5148
20221122,6583.233,6587.887550000001
20221123,6567.993,6591.7026
20221124,6586.858,6597.964999999999
20221125,6512.162,6611.5765
20221128,6492.712,6621.58115
20221129,6594.323,6629.306200000001
20221130,6590.307,6632.595850000001
20221201,6658.427,6637.17515
20221202,6680.542,6635.719999999999
20221205,6714.367,6635.756449999999
20221206,6703.552,6636.186250000001
20221207,6705.287,6637.650200000001
20221208,6662.344,6640.601949999999
20221209,6680.375,6642.4466
20221212,6655.674,6645.247
20221213,6593.668,6637.30475
20221214,6570.018,6630.703600000001
20221215,6597.551,6624.85595
20221216,6519.436,6617.907699999999
20221219,6390.77,6602.979949999999
20221220,6341.583,6590.8974499999995
20221221,6289.136,6576.9546
20221222,6186.928,6556.958099999999
20221223,6160.745,6539.38725
20221226,6275.524,6528.52785
20221227,6325.628,6515.0931
20221228,6268.466,6499.00105
20221229,6261.829,6479.17115
20221230,6281.621,6459.2251
20230103,6423.701,6444.6918
20230104,6421.277,6430.57805
20230105,6485.469,6419.58715
20230106,6500.32,6411.48595
20230109,6535.749,6404.25465
20230110,6540.201,6398.481
20230111,6486.905,6393.14285
20230112,6489.57,6389.12045
20230113,6517.513,6385.11855
20230116,6591.806,6388.73705
20230117,6597.495,6399.0733
20230118,6613.005,6412.644399999999
20230119,6676.08,6431.991599999999
20230120,6736.852,6459.4878
20230130,6786.453,6490.7732000000005
20230131,6805.276,6517.2608
20230201,6916.72,6546.8154
20230202,6933.226,6580.0534
20230203,6925.076,6613.21575
20230206,6891.413,6643.705349999999
20230207,6924.321,6668.736350000001
20230208,6877.725,6691.558749999999
20230209,6999.182,6717.2444000000005
20230210,6975.395,6740.998149999999
20230213,7052.177,6766.81955
20230214,7061.449,6792.88195
20230215,7063.605,6821.71695
20230216,6925.203,6843.498599999999
20230217,6868.548,6861.05035
20230220,6959.361,6879.4281
20230221,6990.475,6899.0770999999995
20230222,6998.43,6918.348349999998
20230223,6966.787,6932.8837
20230224,6944.824,6943.282299999999
20230227,6894.296,6948.67445
20230228,6955.574,6956.189349999999
20230301,7002.771,6960.491899999999
20230302,6972.306,6962.445900000001
20230303,6967.94,6964.5891
20230306,6997.044,6969.87065
20230307,6855.344,6966.421799999999
20230308,6891.456,6967.1083499999995
20230309,6892.857,6961.792100000001
20230310,6798.299,6952.9373000000005
20230313,6832.621,6941.9595
20230314,6769.849,6927.3795
20230315,6803.474,6914.37295
20230316,6689.783,6902.601949999999
20230317,6736.367,6895.992899999999
20230320,6721.455,6884.097599999999
20230321,6809.391,6875.0434000000005
20230322,6840.326,6867.138199999999
20230323,6868.835,6862.2406
20230324,6867.952,6858.397
20230327,6886.689,6858.01665
20230328,6825.383,6851.5071
20230329,6806.281,6841.6826
20230330,6807.645,6833.449549999999
20230331,6875.808,6828.84295
20230403,6962.205,6827.101
20230404,6953.363,6832.00195
20230406,6983.027,6836.580499999999
20230407,7042.89,6844.08215
20230410,6968.573,6852.595850000001
20230411,6984.142,6860.171899999999
20230412,7021.016,6872.7302500000005
20230413,6966.818,6880.8974499999995
20230414,7020.094,6897.4130000000005
20230417,7012.773,6911.2333
20230418,6997.072,6925.01415
20230419,6965.576,6932.823399999999
20230420,6963.899,6939.00205
20230421,6773.512,6934.2359
20230424,6725.271,6927.101850000001
20230425,6603.239,6912.92935
20230426,6624.4,6902.8802
20230427,6633.493,6894.2408
20230428,6723.305,6890.0238
20230504,6733.969,6882.931849999999
20230505,6653.653,6867.50425
20230508,6702.5,6854.9611
20230509,6611.637,6836.3916
20230510,6627.311,6815.61265
20230511,6622.521,6798.31005
20230512,6535.944,6775.9001499999995
20230515,6585.91,6754.14485
20230516,6516.289,6731.618399999999
20230517,6554.98,6708.3627
20230518,6583.738,6686.9109499999995
20230519,6602.317,6667.1732
20230522,6595.984,6648.6936000000005
20230523,6528.453,6626.921299999999
20230524,6513.182,6613.904799999999
20230525,6501.0,6602.691249999999
20230526,6546.408,6599.849700000001
20230529,6534.117,6595.335550000001
20230530,6564.469,6591.88435
20230531,6561.649,6583.801550000001
20230601,6574.758,6575.841
20230602,6626.279,6574.472299999999
20230605,6632.956,6570.9951
20230606,6489.811,6564.9038
20230607,6488.557,6557.9661
20230608,6442.482,6548.964150000001
20230609,6495.564,6546.9451500000005
20230612,6530.161,6544.1577
20230613,6554.957,6546.0911
20230614,6578.123,6547.24825
20230615,6613.955,6548.7591
20230616,6669.005,6552.093500000001
20230619,6693.299,6556.95925
20230620,6693.915,6565.23235
20230621,6548.407,6566.9936
20230626,6420.973,6562.99225
20230627,6507.273,6561.0355
20230628,6475.505,6558.1049
20230629,6520.039,6555.883400000001
20230630,6602.037,6557.902800000001
20230703,6612.884,6559.8091
20230704,6638.447,6560.4175000000005
20230705,6584.423,6557.99085
20230706,6567.079,6561.854249999999
20230707,6521.427,6563.4977499999995
20230710,6526.852,6567.7162499999995
20230711,6579.37,6571.90655
20230712,6482.987,6569.54785
20230713,6548.313,6569.21565
20230714,6544.459,6567.532450000001
20230717,6516.56,6562.662700000001
20230718,6510.034,6554.71415
20230719,6492.349,6544.66665
20230720,6408.76,6530.4089
20230721,6401.417,6523.0594
20230724,6393.794,6521.70045
20230725,6498.269,6521.25025
20230726,6457.254,6520.337699999999
20230727,6407.546,6514.71305
20230728,6465.376,6507.879999999999
20230731,6515.849,6503.02825
20230801,6507.412,6496.4765
20230802,6496.022,6492.05645
20230803,6499.545,6488.67975
20230804,6535.322,6489.3745
20230807,6503.983,6488.23105
20230808,6471.344,6482.82975
20230809,6420.977,6479.729249999999
20230810,6426.814,6473.6543
20230811,6304.635,6461.6631
20230814,6319.407,6451.80545
20230815,6261.733,6439.3904
20230816,6186.403,6424.0931
20230817,6247.601,6416.035150000001
20230818,6117.107,6401.81965
20230821,6057.171,6384.9884999999995
20230822,6099.195,6365.034799999999
20230823,5973.671,6340.85565
20230824,5987.966,6319.87665
20230825,5879.027,6290.559200000001
20230828,5922.162,6260.87485
20230829,6108.759,6240.9422
20230830,6139.627,6223.122450000001
20230831,6104.295,6203.35995
20230901,6107.2,6181.95385
20230904,6198.762,6166.6928
20230905,6167.642,6151.5077
20230906,6195.383,6140.228000000001
20230907,6083.489,6123.06175
20230908,6102.488,6112.9544000000005
20230911,6182.643,6106.1162
20230912,6184.606,6102.25985
20230913,6103.137,6098.09655
20230914,6068.713,6089.15215
20230915,6079.063,6087.249949999999
20230918,6083.969,6088.58985
20230919,6031.042,6085.1822
20230920,5982.558,6085.62655
20230921,5939.664,6083.21145
20230922,6054.928,6092.0064999999995
20230925,6027.394,6097.268099999999
20230926,5996.11,6091.635649999999
20230927,6034.061,6086.35735
20230928,6078.945,6085.08985
20231009,6059.965,6082.7281
20231010,6043.482,6074.9641
20231011,6059.401,6069.55205
20231012,6104.456,6065.0057
20231013,6081.866,6064.924550000001
20231016,6024.359,6061.018099999999
20231017,6011.37,6052.454449999999
20231018,5908.008,6038.6245499999995
20231019,5842.892,6025.6123
20231020,5774.32,6010.89265
20231023,5638.136,5988.846299999999
20231024,5719.323,5970.614
20231025,5778.905,5958.0071499999995
20231026,5811.692,5949.463849999999
20231027,5916.678,5948.31455
20231030,6006.559,5945.8961
20231031,5969.341,5942.99345
20231101,5958.418,5941.10885
20231102,5885.247,5933.6681499999995
20231103,5973.167,5928.37925
20231106,6096.57,5930.2095
20231107,6116.757,5933.87325
20231108,6138.938,5937.8501
20231109,6100.693,5937.66195
20231110,6088.558,5937.99655
20231113,6144.635,5944.01035
20231114,6181.98,5952.54085
20231115,6207.268,5967.50385
20231116,6145.151,5982.6168
20231117,6199.228,6003.8622000000005
20231120,6253.276,6034.6192
20231121,6212.125,6059.2593
20231122,6132.97,6076.96255
20231123,6197.526,6096.25425
20231124,6115.407,6106.190700000001
20231127,6111.364,6111.43095
20231128,6143.302,6120.129
20231129,6113.366,6127.8764
20231130,6080.547,6137.6414
20231201,6130.051,6145.4856
20231204,6114.393,6146.376749999999
20231205,5992.6,6140.1689
20231206,6023.804,6134.412200000001
20231207,6020.83,6130.41905
20231208,6003.144,6126.14835
20231211,6075.08,6122.6706
20231212,6078.99,6117.5211
20231213,6019.553,6108.13535
20231214,5991.862,6100.4709
20231215,5951.6,6088.0895
20231218,5857.005,6068.27595
20231219,5863.542,6050.8468
20231220,5761.312,6032.2639
20231221,5798.912,6012.3332
20231222,5733.909,5993.2582999999995
20231225,5735.726,5974.4764000000005
20231226,5651.588,5949.8907
20231227,5696.161,5929.03045
20231228,5805.527,5915.27945
20231229,5887.235,5903.13865
20240102,5854.749,5890.15645
20240103,5824.043,5881.7286
20240104,5783.016,5869.6892
20240105,5675.809,5852.43815
20240108,5543.575,5829.459699999999
20240109,5553.304,5803.3709
20240110,5512.069,5775.02485
20240111,5611.115,5754.60295
20240112,5574.493,5733.7345
20240115,5559.376,5714.1233
20240116,5539.474,5698.24675
20240117,5389.122,5674.52575
20240118,5373.424,5655.131350000001
20240119,5306.986,5630.53505
20240122,5000.834,5593.881299999999
20240123,5079.632,5561.0766
20240124,5143.408,5535.6676
20240125,5316.195,5516.6693
20240126,5269.765,5489.8812
20240129,5131.247,5452.0818
20240130,4984.66,5408.5773500000005
20240131,4785.032,5356.6268
20240201,4750.444,5304.9982
20240202,4574.669,5249.9412
20240205,4293.07,5187.4159500000005
20240206,4592.444,5139.37295
20240207,4797.846,5103.6618
20240208,4993.105,5072.7613
20240219,5029.586,5045.51595
20240220,5046.012,5019.84775
20240221,5073.482,4996.5481500000005
20240222,5151.534,4984.66875
20240223,5225.67,4977.28105
20240226,5255.396,4974.70155
20240227,5394.034,4994.36155
20240228,5152.052,4997.98255
20240229,5344.605,5008.0424
20240301,5401.939,5012.3296
20240304,5428.336,5020.25815
20240305,5375.132,5032.4524
20240306,5381.459,5052.29235
20240307,5303.277,5078.204599999999
20240308,5370.372,5109.201
20240311,5466.646,5153.799849999999
20240312,5496.355,5213.9641
20240313,5521.784,5260.4311
20240314,5486.646,5294.871099999999
20240315,5555.644,5322.99805
20240318,5648.012,5353.91935
20240319,5607.475,5381.9925
20240320,5659.154,5411.2761
20240321,5658.279,5436.61335
20240322,5595.885,5455.1241
20240325,5466.062,5465.6574
20240326,5447.748,5468.3431
20240327,5266.231,5474.05205
20240328,5382.236,5475.933599999999
20240329,5441.26,5477.89965
20240401,5559.056,5484.43565
20240402,5531.052,5492.23165
20240403,5500.926,5498.205
20240408,5399.915,5503.0369
20240409,5468.911,5507.96385
20240410,5367.052,5502.98415
20240411,5379.915,5497.162149999999
20240412,5338.769,5488.011399999999
20240415,5287.512,5478.0547
20240416,5066.66,5453.6055
20240417,5287.456,5435.5777
20240418,5286.719,5419.5399
20240419,5264.389,5399.801649999999
20240422,5246.082,5379.1918000000005
20240423,5218.428,5360.318949999999
20240424,5305.607,5352.2962
20240425,5313.986,5345.6080999999995
20240426,5415.938,5353.093449999999
20240429,5545.235,5361.2434
20240430,5497.43,5364.0519
20240506,5606.842,5366.441199999999
20240507,5625.336,5371.155400000001
20240508,5536.659,5372.94205
20240509,5626.825,5384.28755
20240510,5574.232,5389.5536
20240513,5520.804,5397.2411999999995
20240514,5551.675,5405.8292
20240515,5497.235,5413.7525000000005
20240516,5488.946,5423.8242
20240517,5563.231,5448.652749999999
20240520,5596.777,5464.118799999999
20240521,5536.745,5476.6201
20240522,5539.66,5490.38365
20240523,5412.824,5498.7207499999995
20240524,5350.107,5505.3047
20240527,5404.616,5510.25515
20240528,5348.029,5511.9573
20240529,5351.252,5508.723
20240530,5334.296,5498.17605
20240531,5355.21,5491.065049999999
20240603,5284.624,5474.9541500000005
20240604,5313.708,5459.37275
20240605,5244.085,5444.744049999999
20240606,5130.869,5419.94625
20240607,5153.587,5398.914
20240611,5198.923,5382.81995
20240612,5216.462,5366.0593
20240613,5180.236,5350.20935
20240614,5180.651,5334.7946
20240617,5183.968,5315.83145
20240618,5227.254,5297.3553
20240619,5159.995,5278.5178
20240620,5056.138,5254.3417
20240621,5055.333,5236.4671499999995
20240624,4887.777,5213.350649999999
20240625,4847.611,5185.5004
20240626,4986.384,5167.4181499999995
20240627,4864.086,5143.05985
20240628,4895.987,5121.144399999999
20240701,4940.247,5100.39625
20240702,4905.65,5081.44755
20240703,4867.133,5059.118799999999
20240704,4761.868,5035.00795
20240705,4810.794,5019.0042
20240708,4693.965,4996.0231
20240709,4797.063,4975.9301
20240710,4777.682,4953.9911
20240711,4893.594,4939.659
20240712,4878.02,4924.52745
20240715,4827.602,4906.709150000001
20240716,4836.718,4887.18235
20240717,4795.624,4868.9637999999995
20240718,4812.426,4856.7782
20240719,4821.423,4845.082700000001
20240722,4826.871,4842.0374
20240723,4694.953,4834.4045
20240724,4631.011,4816.635850000001
20240725,4632.567,4805.0599
20240726,4702.08,4795.36455
20240729,4685.646,4782.6345
20240730,4702.491,4772.47655
20240731,4889.081,4773.57395
20240801,4878.289,4779.395
20240802,4809.889,4779.349749999999
20240805,4678.775,4778.590249999999
20240806,4749.947,4776.23445
20240807,4743.41,4774.52085
20240808,4739.493,4766.8158
20240809,4702.745,4758.05205
20240812,4674.102,4750.37705
20240813,4697.586,4743.4204500000005
20240814,4649.278,4736.10315
20240815,4691.85,4730.074350000001
20240816,4655.651,4721.78575
20240819,4663.612,4713.622799999999
20240820,4579.304,4707.84035
20240821,4548.264,4703.7029999999995
20240822,4491.839,4696.6666
20240823,4495.344,4686.3298
20240826,4512.893,4677.69215
20240827,4459.68,4665.551600000001
20240828,4470.55,4644.625050000001
20240829,4542.464,4627.833799999999
20240830,4629.32,4618.8053500000005
20240902,4532.515,4611.49235
20240903,4572.397,4602.61485
20240904,4550.77,4592.98285
20240905,4586.781,4585.347250000001
20240906,4508.228,4575.6214
20240909,4475.532,4565.6929
20240910,4487.576,4555.1924
20240911,4486.007,4547.028850000001
20240912,4468.744,4535.873549999999
20240913,4413.187,4523.75035
20240918,4399.133,4510.526400000001
20240919,4482.275,4505.67495
20240920,4463.356,4501.42955
20240923,4469.133,4500.29425
20240924,4642.558,4507.65495
20240925,4686.258,4516.323200000001
20240926,4874.132,4537.0458
20240927,5136.441,4570.34035
20240930,5708.826,4628.65845
20241008,6201.985,4707.2917
20241009,5727.38,4767.034949999999
20241010,5654.53,4821.1416
20241011,5416.758,4864.441
20241014,5615.756,4915.889749999999
20241015,5507.176,4965.83715
20241016,5524.255,5018.2733
20241017,5505.615,5069.175249999999
20241018,5749.434,5132.3466
20241021,5860.571,5201.93795
20241022,5888.815,5275.71935
20241023,5903.578,5350.9416
20241024,5861.632,5419.90945
20241025,5974.909,5495.4871
20241028,6082.088,5576.13485
20241029,5983.836,5643.19875
20241030,6019.347,5709.8532
20241031,6116.663,5771.97975
20241101,5930.232,5811.6693
20241104,6053.112,5828.8836
20241105,6266.542,5832.11145
20241106,6293.193,5860.4021
20241107,6403.918,5897.8715
20241108,6423.122,5948.1897
20241111,6579.005,5996.352150000001
20241112,6491.972,6045.59195
20241113,6474.394,6093.098899999999
20241114,6272.191,6131.4277
20241115,6125.513,6150.23165
20241118,5974.558,6155.931
20241119,6130.285,6168.0045
20241120,6250.803,6185.36575
20241121,6262.164,6205.39235
20241122,6030.488,6208.1713
20241125,6052.129,6206.67335
20241126,5981.57,6206.56005
20241127,6118.664,6211.5259
20241128,6086.085,6209.997
20241129,6189.128,6222.9418000000005
20241202,6313.608,6235.9666
20241203,6303.276,6237.8033
20241204,6204.945,6233.3909
20241205,6285.601,6227.475049999999
20241206,6349.621,6223.8
20241209,6303.272,6210.013349999999
20241210,6362.02,6203.5157500000005
20241211,6447.374,6202.16475
20241212,6490.146,6213.0625
20241213,6354.988,6224.536249999999
20241216,6277.516,6239.68415
20241217,6143.944,6240.3671
20241218,6195.868,6237.62035
20241219,6207.186,6234.87145
20241220,6271.753,6246.9347
20241223,6096.381,6249.1473
20241224,6164.361,6258.28685
20241225,6094.687,6257.088
20241226,6160.452,6260.80635
20241227,6171.565,6259.9282
20241230,6145.928,6251.5442
20241231,5957.717,6234.266250000001
20250102,5797.089,6213.87345
20250103,5625.209,6180.85385
20250106,5608.034,6143.7745
20250107,5692.041,6113.21295
20250108,5661.779,6078.2009
20250109,5672.78,6039.4712
20250110,5544.916,5992.2097
20250113,5559.473,5952.433950000001
20250114,5811.055,5929.1109
20250115,5775.571,5910.69225
20250116,5801.305,5890.9641
20250117,5841.572,5872.6834
20250120,5879.15,5853.053249999999
20250121,5908.023,5843.63535
20250122,5855.739,5828.20425
20250123,5829.033,5814.921550000001
20250124,5938.13,5803.80545
20250127,5846.069,5787.53065
20250205,5881.437,5774.3061
20250206,6041.834,5778.511949999999
20250207,6134.055,5795.36025
20250210,6210.547,5824.62715
20250211,6190.174,5853.73415
20250212,6284.611,5883.36265
20250213,6212.497,5910.89855
20250214,6248.835,5939.701300000001
20250217,6281.566,5976.533799999999
20250218,6142.138,6005.66705
20250219,6288.529,6029.54075
20250220,6334.414,6057.482900000001
20250221,6449.228,6089.8790500000005
20250224,6464.024,6121.00165
20250225,6435.428,6148.81555
20250226,6524.406,6179.6347000000005
20250227,6499.53,6211.82425
20250228,6270.419,6233.89355
20250303,6273.67,6250.670550000001
20250304,6357.628,6276.2485
20250305,6398.237,6302.0885
20250306,6534.971,6326.74535
20250307,6507.765,6345.43085
20250310,6520.973,6360.95215
20250311,6551.734,6379.03015
20250312,6566.968,6393.148
20250313,6466.851,6405.8657
20250314,6571.171,6421.9825
20250317,6589.566,6437.382500000001
20250318,6611.926,6460.8719
20250319,6564.677,6474.6793
20250320,6535.062,6484.7117
20250321,6405.611,6482.53085
20250324,6360.341,6477.3467
20250325,6310.764,6471.1135
20250326,6334.908,6461.6386
20250327,6328.767,6453.10045
20250328,6268.321,6452.99555
20250331,6226.649,6450.6445
20250401,6259.484,6445.7373
20250402,6277.253,6439.6881
20250403,6203.257,6423.1024
20250407,5496.443,6372.5363
20250408,5530.019,6322.9886
20250409,5652.33,6278.0184
20250410,5784.585,6238.89925
20250411,5862.188,6208.6661
20250414,5938.526,6177.03385
20250415,5914.029,6143.257
20250416,5835.348,6104.4281
20250417,5839.564,6068.17245
20250418,5831.687,6033.0037
20250421,5952.637,6010.355
20250422,5949.312,5989.80355
20250423,5984.583,5973.4945
20250424,5920.478,5952.773
20250425,5939.502,5933.309749999999
20250428,5877.057,5913.74655
20250429,5903.381,5897.58315
20250430,5950.117,5882.1148
20250506,6102.922,5873.39825
20250507,6111.495,5868.81015
20250508,6158.077,5901.89185
20250509,6082.082,5929.495000000001
20250512,6167.461,5955.25155
20250513,6151.01,5973.5728
20250514,6160.37,5988.481900000001
20250515,6057.036,5994.4074
20250516,6068.117,6002.1118
20250519,6095.337,6015.11125
20250520,6146.017,6030.4339
20250521,6132.181,6045.4586
20250522,6066.103,6051.1319
20250523,5989.675,6053.15005
20250526,6028.786,6055.3602
20250527,6008.46,6059.7593
20250528,5984.456,6062.0070000000005
20250529,6089.578,6072.63305
20250530,6026.56,6078.7919999999995
20250603,6070.037,6084.788
20250604,6123.172,6085.8005
20250605,6167.015,6088.5765
20250606,6152.845,6088.3149
20250609,6218.964,6095.159
20250610,6161.692,6094.870550000001
20250611,6186.512,6096.64565
20250612,6192.22,6098.23815
20250613,6106.008,6100.68675
20250616,6147.46,6104.6539
20250617,6141.468,6106.9604500000005
20250618,6135.386,6106.428900000001
20250619,6048.224,6102.23105
20250620,5999.591,6098.90545
20250623,6078.222,6103.3328
20250624,6194.666,6111.6268
20250625,6276.163,6125.01195
20250626,6247.791,6138.1786999999995
20250627,6276.937,6147.54665
20250630,6356.181,6164.027700000001
20250701,6373.768,6179.21425
20250702,6309.484,6188.52985
20250703,6342.638,6197.311
20250704,6312.197,6205.2786
20250707,6327.139,6210.68735
20250708,6407.698,6222.98765
20250709,6390.466,6233.18535
20250710,6406.568,6243.902749999999
20250711,6461.1,6261.65735
20250714,6462.305,6277.3996
20250715,6442.834,6292.467900000001
20250716,6462.063,6308.8017500000005
20250717,6535.671,6333.1741
20250718,6552.074,6360.798250000001
20250721,6612.259,6387.500099999999
20250722,6637.104,6409.622
20250723,6607.22,6426.17485
20250724,6701.12,6448.8413
20250725,6706.61,6470.32495
20250728,6729.979,6489.0148500000005
20250729,6773.884,6509.02065
20250730,6718.482,6529.47055
20250731,6661.186,6545.3979500000005
20250801,6670.472,6563.3117
20250804,6739.694,6583.939450000001
20250805,6787.481,6602.928600000001
20250806,6861.309,6626.47075
20250807,6862.15,6649.24985
20250808,6838.13,6668.10135
20250811,6943.937,6692.18295
20250812,6963.611,6718.221799999999
20250813,7064.334,6748.335349999999
20250814,6976.488,6770.376200000001
20250815,7117.501,6798.64755
20250818,7237.602,6829.914699999999
20250819,7242.849,6860.20195
20250820,7305.461,6895.114
20250821,7253.343,6922.72515
20250822,7362.94,6955.541649999999
20250825,7477.728,6992.929099999999
20250826,7476.467,7028.05825
20250827,7336.504,7058.95935
20250828,7447.11,7098.25555
20250829,7438.677,7136.6658
20250901,7501.148,7174.7384999999995
20250902,7313.882,7201.05855
20250903,7206.876,7218.336899999999
20250904,7041.154,7227.2871
20250905,7245.667,7247.663949999999
20250908,7311.034,7266.0188
20250909,7226.028,7279.13965
20250910,7230.168,7287.431350000001
20250911,7399.885,7308.6012
20250912,7422.884,7323.87035
20250915,7415.571,7332.7688
20250916,7483.628,7344.80775
20250917,7554.813,7357.275349999999
20250918,7476.402,7368.4283
20250919,7438.189,7372.19075
20250922,7489.478,7372.77825
20250923,7408.069,7369.3583499999995
20250924,7534.222,7379.244250000001
20250925,7506.512,7382.214349999999
20250926,7397.589,7380.159949999999
20250929,7497.831,7379.994100000001
20250930,7574.963,7393.04815
20251009,7648.052,7415.106949999999
20251010,7533.82,7439.74025
20251013,7519.764,7453.4451
20251014,7373.152,7456.5509999999995
20251015,7483.449,7469.422049999999
20251016,7401.838,7478.00555
20251017,7185.478,7467.2852
20251020,7239.185,7458.10025
20251021,7344.047,7454.52405
20251022,7312.21,7445.953149999999
20251023,7308.099,7433.617450000001
20251024,7419.235,7430.7591
20251027,7495.383,7433.618799999999
20251028,7479.221,7433.10595
20251029,7569.117,7441.158350000001
20251030,7485.085,7438.7015
20251031,7506.675,7438.70965
20251103,7538.118,7445.7361
20251104,7435.731,7442.6311000000005
20251105,7464.863,7437.1260999999995
20251106,7551.83,7432.3150000000005
20251107,7541.878,7432.717900000001
20251110,7563.254,7434.8924
20251111,7540.791,7443.27435
20251112,7486.377,7443.42075
20251113,7590.576,7452.85765
20251114,7502.757,7468.7216
20251117,7523.076,7482.91615
20251118,7448.101,7488.118850000001
20251119,7387.208,7491.86875
20251120,7340.412,7493.484399999999
20251121,7067.703,7475.907800000001
20251124,7156.409,7458.9591
20251125,7249.947,7447.4954
20251126,7248.449,7431.4619999999995
20251127,7257.454,7420.0804499999995
20251128,7334.21,7411.4572
20251201,7386.681,7403.88535
20251202,7313.178,7397.757699999999
20251203,7248.274,7386.92825
20251204,7248.657,7371.7696
20251205,7342.492,7361.8003
20251208,7423.046,7354.789900000001
20251209,7380.584,7346.779550000001
20251210,7408.244,7342.8729
20251211,7311.995,7328.943850000001
20251212,7370.942,7322.3531
20251215,7309.078,7311.653199999999
20251216,7181.62,7298.32915
20251217,7288.738,7293.405650000001
20251218,7272.402,7290.00515
20251219,7329.806,7303.1103
20251222,7408.349,7315.7073
20251223,7392.42,7322.8309500000005
20251224,7506.381,7335.7275500000005
20251225,7579.379,7351.8238
20251226,7605.53,7365.3898
20251229,7594.158,7375.763649999999
20251230,7597.299,7389.9697
20251231,7595.285,7407.32025
20260105,7753.88,7432.5814
20260106,7864.903,7458.70195
20260107,7906.42,7482.87065
20260108,7971.589,7512.4209
20260109,8129.183,7548.467849999999
20260112,8357.011,7600.71865
20260113,8203.133,7642.328199999999
20260114,8257.172,7689.7329
20260115,8240.775,7742.690650000001
20260116,8232.729,7789.8902
20260119,8265.646,7839.5524000000005
20260120,8182.752,7882.199699999999
20260121,8247.68,7924.16625
20260122,8309.346,7970.0125499999995
20260123,8470.744,8018.2307
20260126,8365.435,8057.5335000000005
20260127,8382.153,8096.36465
20260128,8399.794,8136.64645
20260129,8332.207,8173.39185
20260130,8254.86,8206.3706
20260202,7975.428,8217.448
20260203,8209.101,8234.657900000002
20260204,8207.12,8249.6929
20260205,8068.077,8254.5173
20260206,8051.574,8250.636849999999
20260209,8233.778,8244.4752
20260210,8250.3,8246.83355
20260211,8239.513,8245.9506
20260212,8314.832,8249.65345
20260213,8204.829,8248.25845
20260224,8299.771,8249.9647
20260225,8426.331,8262.143650000002
20260226,8490.617,8274.2905
20260227,8560.843,8286.86535
20260302,8476.965,8287.1764
20260303,8142.454,8276.02735
20260304,8094.518,8261.6456
20260305,8171.119,8250.211850000002
20260306,8248.857,8246.04435
20260309,8203.869,8243.4948
20260310,8350.09,8262.2279
20260311,8363.526,8269.94915
20260312,8335.908,8276.38855
20260313,8214.293,8283.699349999999
20260316,8211.352,8291.688250000001
20260317,8019.857,8280.992199999999
20260318,8096.595,8273.30695
20260319,7909.234,8256.793
20260320,7783.435,8230.223150000002
20260323,7409.107,8190.43705
20260324,7600.857,8155.491349999999
20260325,7751.181,8121.73385
20260326,7639.376,8079.171799999999
20260327,7746.313,8038.445299999999
20260330,7767.93,8002.993550000001
20260331,7619.85,7976.863350000001
20260401,7764.153,7960.3451000000005
20260402,7623.417,7932.959999999999
20260403,7536.6,7897.34715
20260407,7606.017,7867.4545499999995
20260408,7955.768,7847.73845
20260409,7921.447,7825.6345
20260410,7998.232,7808.7507
20260413,8025.572,7799.31465
20260414,8144.762,7795.98515
20260415,8106.165,7800.30055
20260416,8232.983,7807.11995
20260417,8307.436,7827.030050000001
20260420,8357.814,7855.748999999999
20260421,8351.156,7902.85145
20260422,8481.24,7946.8706
20260423,8362.74,7977.448549999999
20260424,8304.141,8010.6868
20260427,8338.726,8040.30745
20260428,8226.692,8063.24555
20260429,8343.065,8099.4063
20260430,8381.947,8130.295999999999
20260506,8574.556,8177.85295
20260507,8714.51,8236.748450000001
20260508,8741.151,8293.50515
