date,pcr_50,oi_pcr_50,vol_50,pcr_300,oi_pcr_300,vol_300
2022-01-04,0.841,0.6641617977052373,2087609.0,1.1029,0.9042119871090002,1407442.0
2022-01-05,0.8569,0.6535485480032366,2121145.0,1.171,0.8406250578928842,1594695.0
2022-01-06,0.9258,0.6122617172884998,2641216.0,1.2578,0.8053716547569006,2019747.0
2022-01-07,0.8464,0.6151552474150388,1701209.0,1.1033,0.8146319904990047,1400638.0
2022-01-10,0.9009,0.6188209509864794,1614325.0,1.0711,0.8246653131229825,1300443.0
2022-01-11,0.8573999999999999,0.6121280308011168,1911076.0,1.1621,0.8158521283367779,1524257.0
2022-01-12,0.8595,0.6344661293631977,1549405.0,1.0083,0.8652236380993655,1313038.0
2022-01-13,0.8643000000000001,0.5934522685893457,2557273.0,1.0973,0.8149331833575821,1705104.0
2022-01-14,0.9590000000000001,0.5653009353480664,3018298.0,1.1665,0.8035427786646671,1913115.0
2022-01-17,0.8863,0.5635958213825669,2038741.0,1.0968,0.8300802881565931,1506145.0
2022-01-18,0.7959999999999999,0.6148846075861369,2562472.0,1.0371,0.8926592876562731,1826893.0
2022-01-19,0.9041,0.6253874347562617,2002819.0,1.1081999999999999,0.8740960079097715,1902147.0
2022-01-20,0.7940999999999999,0.7038176109463504,3665126.0,0.9331999999999999,0.9231048414224357,2566555.0
2022-01-21,0.8633,0.654381383822686,2327412.0,0.9926,0.8545174509886861,2063351.0
2022-01-24,0.8798999999999999,0.6464638954745042,2438801.0,0.9773999999999999,0.8643177086134438,2043274.0
2022-01-25,0.9331,0.5855910309713184,3110531.0,1.0293,0.8224689375279847,2692845.0
2022-01-26,0.9672,0.8266915521239254,2632256.0,1.1885,1.0829362860525493,2413482.0
2022-01-27,1.0042,0.7729329776784427,2197901.0,1.238,0.9702258738526526,2041413.0
2022-01-28,0.9703,0.6922282699246636,2843086.0,1.1593,0.9428555760537455,2555697.0
2022-02-07,0.8819,0.7004186078801855,2174456.0,1.1046,0.9335240404652749,1871247.0
2022-02-08,0.8583,0.6964735682212941,2293514.0,1.1059,0.911465378482744,2373094.0
2022-02-09,0.8456999999999999,0.7380492108450256,1802159.0,0.9315000000000001,0.953592774325698,1602594.0
2022-02-10,0.9037999999999999,0.7396013452825172,1305895.0,1.0043,0.9273258202077685,1364511.0
2022-02-11,0.82,0.7596831484590731,2216993.0,1.0479,0.882446809949305,1925862.0
2022-02-14,1.0397,0.6895988626000337,2222024.0,1.0411,0.8211230623754686,2079325.0
2022-02-15,1.0559,0.7252301953470109,1562345.0,0.9792000000000001,0.8691734678063908,1551766.0
2022-02-16,0.8169,0.7605518999685579,1652232.0,0.8653,0.8996685131451684,1532135.0
2022-02-17,1.0122,0.8275713048442602,1882225.0,1.028,0.9661658587062066,1801633.0
2022-02-18,0.9940000000000001,0.8515664981682138,1840310.0,1.1381000000000001,0.969347209780552,1582111.0
2022-02-21,0.894,0.7767417066565085,1933183.0,0.9843999999999999,0.9462820252662775,1499684.0
2022-02-22,0.9634999999999999,0.7203727405814658,2507320.0,1.1181,0.8738342179533338,2026166.0
2022-02-23,0.8642,0.8640101535799378,1864585.0,0.9265000000000001,1.070348730725298,1514434.0
2022-02-24,1.1311,0.7677109747393415,2721817.0,1.2051,0.9853153751824018,2235962.0
2022-02-25,1.06,0.7843175130547883,1876248.0,1.0524,1.035011256274632,1809425.0
2022-02-28,0.981,0.7851227427217091,1397796.0,1.2304000000000002,1.030024555398467,1362871.0
2022-03-01,0.9115000000000001,0.8992040865663145,1869271.0,1.0806,1.0928910537024477,1317641.0
2022-03-02,1.043,0.865388000875395,1153063.0,1.2124,1.0364576522153648,1207346.0
2022-03-03,0.9133,0.8215582635393617,1480384.0,1.1207,0.9751378900724077,1284943.0
2022-03-04,0.9592,0.7386107997235387,2089179.0,1.0868,0.917857010591808,1830826.0
2022-03-07,0.9213,0.5966390492523974,3264777.0,1.0951,0.774045929276583,2807990.0
2022-03-08,1.0698999999999999,0.5518418146686812,3891112.0,1.2155,0.7274621957714842,3437754.0
2022-03-09,1.0755,0.5105824139418946,4907563.0,1.1618000000000002,0.6736704003333414,4084272.0
2022-03-10,0.8543000000000001,0.5436631059414967,2790210.0,1.0812,0.7530406351629629,2716169.0
2022-03-11,0.9514,0.5494917029338657,4447403.0,1.0732,0.8050919482092158,3932620.0
2022-03-14,1.0343,0.5096963300398869,3363510.0,1.1776,0.7295410647583146,2964702.0
2022-03-15,0.9712000000000001,0.43021211130798676,5707371.0,1.1506999999999998,0.5905026270935395,4398333.0
2022-03-16,0.8345,0.48394236174556016,5727272.0,0.9909,0.6728730418271006,4653791.0
2022-03-17,0.757,0.572670558995792,4383382.0,0.894,0.7648923443235172,3617304.0
2022-03-18,0.7962,0.6222855171128029,3881807.0,0.9926,0.7673678626963713,2803013.0
2022-03-21,1.0034999999999998,0.5675859988526892,3041085.0,1.0582,0.7366604154656198,2168014.0
2022-03-22,0.9092,0.6037732058084404,2806213.0,1.1522,0.7495360400482564,2118005.0
2022-03-23,0.9361,0.8509327221127493,2612020.0,1.0202,0.9696523882057189,1899914.0
2022-03-24,1.0122,0.8578208953945876,1708813.0,1.0943,0.9565382819390879,1466905.0
2022-03-25,1.0876000000000001,0.7566368443758127,2238820.0,1.2075,0.8867207175689318,1805681.0
2022-03-28,1.161,0.7562744922400427,2537634.0,1.3219999999999998,0.8861513484513629,2127395.0
2022-03-29,0.9541,0.7458208551561676,1505315.0,1.0906,0.8823943682522575,1255292.0
2022-03-30,0.9253,0.8674574928434025,2453889.0,0.9659,0.9726992187035474,2164117.0
2022-03-31,0.8428,0.8363147914486556,1330731.0,0.9902,0.9571138721694816,1136419.0
2022-04-01,0.8468000000000001,0.8961804469212054,2604590.0,0.9345,1.0086797472238043,1845212.0
2022-04-06,0.8894,0.8527323279544814,1967426.0,0.8915000000000001,0.9869827903255771,1355995.0
2022-04-07,1.0393999999999999,0.8136496771437178,2077077.0,1.0299,0.9615408863934359,1644541.0
2022-04-08,1.0283,0.8506552362499917,1801087.0,1.0524,0.9729458890867578,1551817.0
2022-04-11,1.1037000000000001,0.6985084832096808,2872292.0,1.2695999999999998,0.8309354237369151,2445658.0
2022-04-12,0.9020999999999999,0.7470887707310232,2618274.0,1.08,0.8738776428101344,2305023.0
2022-04-13,0.9401999999999999,0.7867693391494907,1802394.0,1.1399,0.8836412775093497,1501548.0
2022-04-14,0.9192,0.8862358429740237,2773879.0,1.0998999999999999,0.9547576388431496,2150276.0
2022-04-15,0.8765000000000001,0.8745665483829451,2000033.0,1.0625,0.9713750378258725,1762992.0
2022-04-18,1.0175,0.7397780969352021,2584793.0,1.1220999999999999,0.9265087709473175,2051498.0
2022-04-19,0.9231,0.6914776640167112,2526340.0,0.9716,0.8731005998932128,1853649.0
2022-04-20,0.9273,0.6570818749337848,2754466.0,1.0231999999999999,0.8223249604767162,2446635.0
2022-04-21,0.9153,0.5982014631873164,3924560.0,1.0832,0.73547933996308,3211445.0
2022-04-22,0.8854000000000001,0.6510093684672362,3017022.0,1.1638,0.783444742850173,2692116.0
2022-04-25,0.9825,0.5329104079815085,4649230.0,1.1777,0.6344921216997159,3923286.0
2022-04-26,0.9621,0.5290607672737231,4139583.0,1.1473,0.6217390188418248,3831009.0
2022-04-27,0.8426,0.680278123690444,3104201.0,1.0354,0.8197988587591707,3183720.0
2022-04-28,0.9601999999999999,0.7199800503641818,2142352.0,1.2508,0.8606102569453007,1977313.0
2022-04-29,0.8785,0.749944735044011,2683078.0,0.9767,0.9296283669257285,2461696.0
2022-05-05,0.9658,0.7588806810327456,1549008.0,0.9937999999999999,0.9257568017851482,1577910.0
2022-05-06,1.0574,0.6557999024074653,2457966.0,1.0662,0.8355998435868428,1922002.0
2022-05-09,0.9840000000000001,0.607300444566997,1974040.0,1.1401999999999999,0.7975121721994101,1619462.0
2022-05-10,0.941,0.6293126435203885,2760407.0,1.0679,0.8505940905333091,2530373.0
2022-05-11,0.8304,0.6994441988064963,2320171.0,0.9569,0.9825885577534886,2642812.0
2022-05-12,1.0149,0.6799714153850734,1688675.0,1.0003,0.9497143956310476,1693364.0
2022-05-13,0.8409,0.7174555301975869,1878537.0,0.9679000000000001,0.976873420225696,1784994.0
2022-05-16,0.9029,0.6767756118480632,2135567.0,1.0148000000000001,0.9297663364256498,2005406.0
2022-05-17,0.9876999999999999,0.7481385837506227,2023563.0,1.0972,1.0102697469419257,1856742.0
2022-05-18,0.9929000000000001,0.7446583833244741,2188411.0,1.0911,1.018451128841573,1902227.0
2022-05-19,0.9768000000000001,0.7635047730042362,2212980.0,1.1272,0.994517811063523,2066247.0
2022-05-20,0.8364,0.8586699369315394,3508686.0,0.9867,1.0967030965713689,2976803.0
2022-05-23,0.8726999999999999,0.7517436319261961,2419528.0,0.9543,0.9923832242606863,2021466.0
2022-05-24,0.8863,0.6746126033813951,2335367.0,1.064,0.8830336064864598,2208205.0
2022-05-25,0.8935,0.7041181703019902,1903378.0,1.0562,0.847597759941604,1705007.0
2022-05-26,0.8456,0.695521748609885,1984797.0,0.9813,0.9046361567635904,2058341.0
2022-05-27,0.8237000000000001,0.7511046431433084,1886098.0,1.0041,0.9245690776715711,1750303.0
2022-05-30,0.9676,0.8030239950969771,1442178.0,1.0967,0.9949358731564069,1486979.0
2022-05-31,0.8798,0.9026087450473608,2223262.0,1.0611,1.1540466746923388,2245278.0
2022-06-01,1.0518,0.8627319794238901,1447645.0,1.0434,1.1319267707520546,1424851.0
2022-06-02,1.1272,0.8563669295346215,1379859.0,1.0102,1.1524824119526416,1466296.0
2022-06-06,0.8946999999999999,0.9312150333389905,2479971.0,0.9204000000000001,1.231136879832944,2687747.0
2022-06-07,0.7254,1.0094032522806535,2490349.0,0.8571,1.2390350514818367,2146302.0
2022-06-08,0.7757,1.0837735391651004,2797289.0,0.98,1.2774983510306817,2553683.0
2022-06-09,0.8467,1.0672824199263369,2235646.0,1.0243,1.2052786966883648,2237031.0
2022-06-10,0.9444,1.0767053232391768,2752556.0,0.9891,1.2193382553539762,2679221.0
2022-06-13,1.0224,0.9123603349503073,2723541.0,1.0065,1.1421967665049444,2531370.0
2022-06-14,0.9691,0.9146256699419384,3441729.0,1.0445,1.1099511901889316,3446393.0
2022-06-15,0.6364,1.0986339265876741,5452624.0,0.7323000000000001,1.3194913257074488,4682814.0
2022-06-16,0.8931,0.9780735256048824,3061458.0,0.9158,1.2165297160383755,2930999.0
2022-06-17,0.8125,1.05021174371018,3850310.0,0.9691,1.2780001002240724,3260449.0
2022-06-20,0.8864,1.0287943019867098,3384478.0,0.9226000000000001,1.3743007121283932,3153615.0
2022-06-21,0.9155,1.0421083694640547,3096632.0,0.9841,1.3416099812860593,2888444.0
2022-06-22,0.9549,0.9155051450230055,2363023.0,1.0225,1.1472837431476977,2312700.0
2022-06-23,0.9193000000000001,0.9925345314814511,2080712.0,0.9303,1.2070661547732846,2055315.0
2022-06-24,0.8298000000000001,1.1114070661174573,2498365.0,0.8231,1.305989803499603,2330761.0
2022-06-27,0.7927,1.170276654722196,2953657.0,0.8398,1.4234154356011002,2697820.0
2022-06-28,0.8886,1.1984755921989518,1906011.0,0.8395999999999999,1.4285917160342838,2013350.0
2022-06-29,0.9024,1.1303031174588272,2104543.0,0.9001,1.3121586528011349,2291997.0
2022-06-30,0.7674,1.242836504180529,3070818.0,0.8639,1.348899146923721,2511241.0
2022-07-01,0.7939,1.1336826069632602,1838082.0,0.9369,1.2860771008215872,1859175.0
2022-07-04,0.8819,1.1068674830310006,1704279.0,0.8619,1.3015120226991135,1669096.0
2022-07-05,0.7576,1.0835202107753452,2304535.0,0.9109999999999999,1.2855326693554,2409653.0
2022-07-06,0.9561,0.9421635713161808,2509767.0,1.0209000000000001,1.1966600747088552,2253605.0
2022-07-07,1.0842,0.9617293584682934,1786134.0,1.0194,1.2501060032144213,1644078.0
2022-07-08,0.9523999999999999,0.9789748725174949,1868210.0,1.065,1.2442363506382843,1884385.0
2022-07-11,0.9909,0.8613427826512827,2379624.0,1.195,1.0883064414641581,2515317.0
2022-07-12,0.9154000000000001,0.8095674208239654,2024338.0,0.9864,1.0313957191884995,2180109.0
2022-07-13,0.9708,0.7941254986162618,1996274.0,1.0621,1.0383431383198864,2074927.0
2022-07-14,0.9566,0.7556511756335884,2463725.0,0.9603,1.0385620950707108,1873727.0
2022-07-15,0.9278,0.6797881247250337,3100605.0,1.0508,0.9798176853661462,2626330.0
2022-07-18,0.9331999999999999,0.7526042749996941,2634480.0,1.1027,1.0175638708525783,2588725.0
2022-07-19,0.8815999999999999,0.7094979561420045,2376459.0,0.9837,0.9850233212731111,2079483.0
2022-07-20,0.8197,0.7462679719307057,1852586.0,0.9975,1.0065222343556774,1761334.0
2022-07-21,1.0036,0.6992691718578105,2030012.0,1.0436,0.9793487174752483,1813789.0
2022-07-22,1.0144,0.7146904379632023,3089177.0,1.141,0.975872337599079,2778813.0
2022-07-25,0.9531999999999999,0.7020477098030445,2033807.0,1.2297,0.9562203759817428,1932412.0
2022-07-26,0.9198999999999999,0.7159561057748209,1962134.0,1.0542,0.9690258346723972,1902830.0
2022-07-27,0.9234,0.753617698382408,1960620.0,1.1048,0.9443186326368685,1684756.0
2022-07-28,0.7976000000000001,0.727188813173148,1836017.0,0.8787999999999999,0.914544296327754,1493358.0
2022-07-29,0.8919,0.6936371859048357,2560134.0,1.0586,0.8468035622059071,2095554.0
2022-08-01,0.9691,0.670568677255066,1669484.0,1.08,0.8899351638214562,1592354.0
2022-08-02,1.0554999999999999,0.6344712083347643,2805256.0,1.2648000000000001,0.8514607608390116,2581644.0
2022-08-03,1.0417,0.6230648495695612,2252488.0,1.1004,0.8358251475037521,1989880.0
2022-08-04,0.9682,0.6582466500143022,1875808.0,1.2309,0.8518209501507824,1677329.0
2022-08-05,0.9641,0.7030414030865302,1974666.0,1.1745,0.9364946288550792,1863490.0
2022-08-08,0.9004000000000001,0.6717394781117857,1209559.0,1.0988,0.9151168326118835,1097927.0
2022-08-09,0.9064,0.6840573589541781,984027.0,1.0192,0.948757415199002,983587.0
2022-08-10,0.8643000000000001,0.6328357137250153,1872728.0,1.0204,0.8680875897496044,1394337.0
2022-08-11,0.7701,0.7449113487999053,2351702.0,0.8804000000000001,0.9611043789322656,2071433.0
2022-08-12,0.7848,0.7388452788956038,1549936.0,0.8553000000000001,0.9703154631497822,1189323.0
2022-08-15,0.7997,0.6947338475860163,1773212.0,0.9362999999999999,0.9316608662481575,1527900.0
2022-08-16,0.8001,0.6720768254503434,1684049.0,0.89,0.9046831114235967,1432133.0
2022-08-17,0.7743000000000001,0.693456061119699,2293190.0,0.8912,0.9460169122001283,1949208.0
2022-08-18,0.8251000000000001,0.6308711586297482,1818655.0,0.8427,0.8754219557415311,1521664.0
2022-08-19,0.6768000000000001,0.640713862265999,1896840.0,0.8367,0.8766578429130859,1630705.0
2022-08-22,0.8094,0.6406316193483212,1780053.0,1.0561,0.9309623203799254,1659189.0
2022-08-23,0.8308,0.5977678829314289,2112842.0,1.0622,0.8857099604958794,1574193.0
2022-08-24,0.9164,0.7124191275308257,2341763.0,1.1473,0.9028883775739417,2188502.0
2022-08-25,0.8138,0.7812412694670581,1797768.0,1.1033,0.96191168772855,1604690.0
2022-08-26,0.8388,0.785891948820221,1146576.0,1.0645,0.9390476324928707,1157211.0
2022-08-29,1.0345,0.7512704299999917,1184313.0,1.224,0.9356924294021632,1127976.0
2022-08-30,0.8513,0.7305017492290202,1343756.0,1.0376,0.9149459118784873,1248249.0
2022-08-31,0.835,0.7880534076063702,2213454.0,0.9956999999999999,0.914899801344531,1704217.0
2022-09-01,0.848,0.7487916967686541,1369259.0,0.9566,0.8686501981703517,1194805.0
2022-09-02,0.9325,0.6931786127804299,1937748.0,1.0044,0.8406867990805569,1570499.0
2022-09-05,0.8756999999999999,0.6621480047388523,1628873.0,1.1203,0.8436958257219589,1414989.0
2022-09-06,0.8338,0.6808156336257727,1412832.0,1.0571,0.9030990820900554,1305605.0
2022-09-07,0.9512,0.681158506719987,1074424.0,1.115,0.9154600918174032,1056799.0
2022-09-08,0.7167,0.6774002102306025,1075221.0,1.0315,0.9084067583175282,913358.0
2022-09-09,0.7646999999999999,0.7931208819213521,2247352.0,0.9325,0.982848824922347,1599650.0
2022-09-13,0.8098000000000001,0.8350761088109062,1731299.0,0.904,1.0076003856699387,1219071.0
2022-09-14,0.9684,0.7708460637828802,1680462.0,1.0635,0.9503294130458456,1435672.0
2022-09-15,0.9256,0.7469956594415744,2417861.0,1.0887,0.8720429287377569,2197426.0
2022-09-16,0.9411,0.636559071380546,2812617.0,1.0656,0.7934584812237216,2536693.0
2022-09-19,0.8212999999999999,0.6218211912067525,1808130.0,1.0848,0.7789247252986025,1873497.0
2022-09-20,0.753,0.6322934001718736,1414254.0,0.9384999999999999,0.7905731872110903,1361840.0
2022-09-21,0.8534999999999999,0.6030737487789719,2180660.0,1.0723,0.7663772647507195,1977174.0
2022-09-22,0.8828,0.577842269454884,2132098.0,1.1708,0.7417995570321152,1848009.0
2022-09-23,0.8739,0.5872432545536782,2414208.0,1.0613,0.7401033360974676,2366897.0
2022-09-26,0.9702,0.5545231541681045,2190127.0,1.2028,0.720444287882684,1970808.0
2022-09-27,0.9154000000000001,0.5643655473953249,2130119.0,0.9818000000000001,0.7395308838925171,2061618.0
2022-09-28,0.9490000000000001,0.6914733978424433,1953753.0,1.2074,0.8449773811562988,1828964.0
2022-09-29,0.8687999999999999,0.683681182770895,1703336.0,1.0017,0.8239952674303156,1362831.0
2022-09-30,0.8906999999999999,0.6794670128348831,1570360.0,1.0215,0.8086882820278517,1456697.0
2022-10-10,0.7456,0.5897484858514451,2452248.0,0.9514,0.7278228087319947,1756205.0
2022-10-11,0.9159,0.5818507179653253,1594230.0,1.006,0.7327028914739865,1366694.0
2022-10-12,0.9074,0.5706812079608049,3314782.0,1.035,0.7895401718039414,2550261.0
2022-10-13,0.851,0.5601391115944957,1809329.0,0.9503,0.7731578807855195,1459653.0
2022-10-14,0.7047,0.6510663406660857,2734954.0,0.8312999999999999,0.9091782891423817,2150427.0
2022-10-17,0.7789,0.6484671103627081,1509392.0,0.8787999999999999,0.8970990712877451,1316011.0
2022-10-18,0.7553,0.6231389095658859,1839880.0,0.8193,0.9012271367897529,1488814.0
2022-10-19,0.7886,0.5531963727637953,2471419.0,0.9470999999999999,0.8056330203654735,1751513.0
2022-10-20,0.7965000000000001,0.5242701549517179,2966126.0,0.9246,0.7643096613097349,2501463.0
2022-10-21,0.7937000000000001,0.5178144487374342,2160393.0,0.8851,0.7435340809950264,1809014.0
2022-10-24,0.8795000000000001,0.44376170322794933,4255941.0,0.9745,0.664899071550649,2946259.0
2022-10-25,0.9122,0.443592892564553,3074486.0,1.1526,0.6607548326614126,2546977.0
2022-10-26,0.9074,0.5962907028987646,2830351.0,1.0393000000000001,0.826955593838509,2013460.0
2022-10-27,0.8632,0.5741950046138833,1995349.0,0.894,0.8093666494202149,1435577.0
2022-10-28,0.9804,0.546962717098261,2696746.0,0.9837,0.7519230432843261,1895597.0
2022-10-31,1.005,0.5239204818110447,2429962.0,1.1039,0.7437258946619982,1861165.0
2022-11-01,0.7156,0.6205583731363556,3026594.0,0.8859999999999999,0.8506661281607658,2158416.0
2022-11-02,0.7575,0.6774596182589251,2634903.0,0.8615,0.9369175424184913,1909808.0
2022-11-03,0.8904000000000001,0.6013612654122533,1781915.0,0.9304000000000001,0.8786885245901639,1250094.0
2022-11-04,0.6419,0.7626093943408109,3413661.0,0.7206,1.0192856317044285,2783050.0
2022-11-07,0.6517000000000001,0.7609357215181034,2489790.0,0.83,1.016917333793669,1805837.0
2022-11-08,0.7731999999999999,0.6882090647400801,1848641.0,0.8432,0.9825797161915325,1481402.0
2022-11-09,0.7195,0.6448448350925692,1665634.0,0.9637,0.9275979191270484,1328880.0
2022-11-10,0.7854000000000001,0.6399463311368854,2141288.0,0.9277,0.871035007467383,1576765.0
2022-11-11,0.6145,0.8025690699338535,4477916.0,0.6983,1.0049612249775426,2970914.0
2022-11-14,0.7444,0.8977826204993873,3535271.0,0.8589,1.0208435280716832,2056923.0
2022-11-15,0.7913,0.993627548528321,3663247.0,0.873,1.1142261793997579,2450681.0
2022-11-16,0.8595999999999999,0.9571181969806252,2187262.0,0.8476,1.0689391517977451,1694584.0
2022-11-17,0.8778,0.8032091566493266,2651781.0,0.9251999999999999,0.9757618109311283,2049945.0
2022-11-18,0.7835,0.7958773538121863,2311503.0,0.9408,0.9817484406114931,1904076.0
2022-11-21,0.8876999999999999,0.7286186326510342,2923728.0,1.0123,0.9402236742768282,1876673.0
2022-11-22,0.7284,0.7494744984613315,2988894.0,1.0791,0.9580543072346351,1933559.0
2022-11-23,0.8355,0.6844169549542307,2545619.0,0.997,0.8900869952225645,1565546.0
2022-11-24,0.8159000000000001,0.6443360927869337,1571993.0,1.0004,0.8737112734767006,1114524.0
2022-11-25,0.8543000000000001,0.7206203459582975,1666097.0,1.022,0.9164038604572893,1025659.0
2022-11-28,1.0133,0.6398490532840997,2830908.0,1.111,0.8683714144219378,1602647.0
2022-11-29,0.7617,0.8875600723558241,3517096.0,0.8804000000000001,1.0488474246942572,1834201.0
2022-11-30,0.7644,0.8994810101109174,1678132.0,0.8495999999999999,1.090792107520732,1001323.0
2022-12-01,0.6491,0.9565681051887914,2702218.0,0.7868,1.1489580000101585,1499169.0
2022-12-02,0.9114,0.8610851197105764,1636879.0,0.8644,1.101176034130959,879783.0
2022-12-05,0.8590000000000001,0.9364609502916624,2483086.0,0.8768,1.1515706515012671,1238775.0
2022-12-06,0.8188,1.016905069407587,2494411.0,0.9081999999999999,1.2079738294306934,1412265.0
2022-12-07,0.8798,0.9920033879530142,2551277.0,0.8915000000000001,1.2010567486091768,1371616.0
2022-12-08,0.8147,0.9889667960827491,1553522.0,0.9078,1.2310905801343914,938461.0
2022-12-09,0.9156,1.051176587914301,2552356.0,1.0065,1.2716032317503878,1238585.0
2022-12-12,0.9217,0.9678855532870437,1697388.0,1.0331000000000001,1.1924624954262715,855252.0
2022-12-13,0.9434999999999999,0.9724044407773811,1372017.0,0.9533,1.1534367342273153,841891.0
2022-12-14,0.8343,0.9760164739770062,1946541.0,0.9489,1.1448230446128527,904121.0
2022-12-15,0.9125,0.9508927549993136,1856299.0,0.9151,1.121812602694521,933702.0
2022-12-16,0.8543999999999999,0.9423956152034475,1814999.0,0.8531,1.1014605435008713,1214412.0
2022-12-19,0.9248999999999999,0.8232262052498575,2473610.0,0.8912,1.0036193454683058,1467440.0
2022-12-20,1.0748,0.6912994891638781,3246079.0,0.9914000000000001,0.9171888431798352,1716713.0
2022-12-21,0.9490000000000001,0.7398559431441974,1931565.0,0.9156,0.9327369956883109,1090843.0
2022-12-22,0.8643000000000001,0.8099264952900547,2533083.0,0.9575,0.9497742974774683,1411142.0
2022-12-23,1.0902,0.8050375219596941,2032494.0,1.0772,0.921453574729069,1330796.0
2022-12-26,0.9534,0.7781802187795757,1641137.0,0.9675,0.9097925270333969,864725.0
2022-12-27,0.9412999999999999,0.8163082496343319,2007961.0,0.9093000000000001,0.979277382590473,1195266.0
2022-12-28,0.9571,0.9673188528715752,1669614.0,1.0015,1.0703796386353062,840092.0
2022-12-29,1.0056,0.868834354652472,1492361.0,0.9895,1.0392218433024925,786498.0
2022-12-30,0.9165000000000001,0.9175208151732844,1337694.0,0.9320999999999999,1.057163327857544,668982.0
2023-01-03,0.9081,0.9303304686926154,1880165.0,0.9161,1.0587905207840733,1120252.0
2023-01-04,0.935,0.9869209730627323,1296062.0,0.9163,1.0630311375492432,783212.0
2023-01-05,0.9281999999999999,1.2303076026199375,2452819.0,0.9107,1.1865191501012018,1442731.0
2023-01-06,0.953,1.3252660109487358,1724899.0,0.9259999999999999,1.2317642483603288,1144376.0
2023-01-09,0.8332999999999999,1.413695696367702,1824034.0,0.8259000000000001,1.2588636463706382,947549.0
2023-01-10,0.8523999999999999,1.398269028792246,1435432.0,0.8323,1.282624281824964,983596.0
2023-01-11,0.8917,1.4240184918094563,1855729.0,0.8632,1.283535147792337,1052236.0
2023-01-12,1.003,1.376791069460965,1378041.0,0.889,1.2864954550149779,963369.0
2023-01-13,1.0983,1.4863345048104721,2452555.0,0.9420000000000001,1.35141838783897,1482359.0
2023-01-16,0.7751,1.4994831490729552,4342047.0,0.7461,1.310620061895828,2819031.0
2023-01-17,0.9262999999999999,1.3708988193623302,2006706.0,0.7934,1.2578222417742448,1221607.0
2023-01-18,0.9571999999999999,1.3299990068111844,2026592.0,0.8581,1.261547363712988,1222418.0
2023-01-19,0.9641,1.2580265011673661,2460673.0,0.8987999999999999,1.2717401165213353,1510119.0
2023-01-20,0.7994,1.2597847089238356,2273202.0,0.8358,1.2750506859472928,1545022.0
2023-01-30,0.7523000000000001,1.0556030078137095,2495489.0,0.7781999999999999,1.0292135365559671,1826011.0
2023-01-31,1.0533,1.0016115174579183,1881106.0,0.8898,1.0119653052946866,1110251.0
2023-02-01,1.0524,0.9732743549803635,2363805.0,0.9863,1.0079083133125957,1276102.0
2023-02-02,0.9275,0.9872535650842665,1714764.0,0.7277,1.0135024167442048,1042493.0
2023-02-03,1.0942,0.8924205378973105,2463893.0,0.9906,0.9582026600283722,1559175.0
2023-02-06,1.1168,0.8007946943435734,2459392.0,1.0405,0.889647391623993,1405290.0
2023-02-07,1.0386,0.8301972274398793,1756935.0,1.0162,0.897299924370473,945004.0
2023-02-08,1.0644,0.8455134627221415,1515388.0,0.9239,0.9025986788161171,949716.0
2023-02-09,1.0025,0.863384732273697,2183795.0,0.9408,0.9669201955170692,1394094.0
2023-02-10,0.9457,0.8267516260971741,1492787.0,0.8319,0.9457959037914072,1167460.0
2023-02-13,1.0016,0.8942174741178939,2104714.0,0.894,0.9878721725441536,1325833.0
2023-02-14,1.0131999999999999,0.9045550529896432,1363422.0,0.8425,0.9774247160017758,930915.0
2023-02-15,0.9721,0.8701659651557323,1967173.0,0.8277,0.956344590372896,1105708.0
2023-02-16,0.9531999999999999,0.891841563138151,3335487.0,0.9362999999999999,0.9396475831095185,2203338.0
2023-02-17,1.1007,0.841613120964243,2650078.0,1.1149,0.9240395494956869,1865864.0
2023-02-20,0.9804,0.9979704594020886,3504021.0,1.0134999999999998,1.0782649222677185,2110695.0
2023-02-21,0.895,1.0444335258836288,2472453.0,0.9571,1.1093634267816455,1506405.0
2023-02-22,0.9623999999999999,1.066740652122797,2348793.0,1.0342,1.1330581049311348,1508364.0
2023-02-23,0.9519,0.9966768031028694,1877073.0,0.9778,1.0837784523519944,1203348.0
2023-02-24,1.1591,0.8830951808163128,2349123.0,1.021,1.0242819502377496,1431925.0
2023-02-27,1.1108,0.8772879217551723,1579766.0,1.0347,0.9996679116323094,1160728.0
2023-02-28,1.0456999999999999,0.8519830202105297,1944976.0,0.9116,0.9863740883377771,1140230.0
2023-03-01,0.8706,0.9765126271272261,2630988.0,0.8048000000000001,1.0735174666535157,1630649.0
2023-03-02,0.9033,0.993967089780063,1297154.0,0.8014,1.0735672744464761,833301.0
2023-03-03,0.8744,0.9814623140171377,1566208.0,0.7879999999999999,1.0772449208665396,992321.0
2023-03-06,0.9555,0.8755979594207652,1976092.0,0.9098999999999999,1.0275835164550366,1068412.0
2023-03-07,0.9272,0.8199009726290755,2645480.0,0.9899,0.961797457586333,1535631.0
2023-03-08,1.0339,0.7344221780558023,1898891.0,0.9299,0.9517578201095174,1216242.0
2023-03-09,0.9063,0.6770773525229627,2019697.0,0.9143000000000001,0.9375454392759631,1167880.0
2023-03-10,1.0408,0.65016612193792,2689447.0,1.1261,0.8889497288582735,1875019.0
2023-03-13,0.9521999999999999,0.6849878143423148,2174288.0,1.0413,0.9331992616604748,1460143.0
2023-03-14,1.0367,0.6771440803248313,2442294.0,1.0438,0.9093641283339776,1672507.0
2023-03-15,0.9303,0.703192297512366,2025628.0,0.9803000000000001,0.9093835239471886,1232523.0
2023-03-16,1.1002,0.6842431524306579,2402699.0,1.0791,0.87401071099482,1726628.0
2023-03-17,0.9081,0.7206844111266986,3391215.0,0.9059,0.8994299492110883,2176138.0
2023-03-20,1.0718,0.676321897642968,1980060.0,1.0832,0.8793158550682969,1362816.0
2023-03-21,1.0488,0.709842272842845,2266727.0,0.9761,0.9027643725097136,1489860.0
2023-03-22,0.9891,0.996700362330785,1948451.0,1.0371,1.090627721255,1156215.0
2023-03-23,0.951,1.0484403464715846,1351365.0,0.9616,1.1219209419617886,1144217.0
2023-03-24,0.8784000000000001,0.9718725415444889,1040615.0,0.8824,1.1097685801305812,784370.0
2023-03-27,0.9728,0.9163187340482046,1299719.0,0.895,1.0571609403858935,880791.0
2023-03-28,0.8491,0.9021880902057765,1000263.0,0.927,1.0556800545972957,645367.0
2023-03-29,0.8267,0.8888177301464575,1043623.0,0.9061,1.0574857449154325,736740.0
2023-03-30,0.8812000000000001,0.9389291021025667,1786220.0,0.8717,1.110172125957055,1196624.0
2023-03-31,0.8391,0.9087676299502635,1410181.0,0.8812000000000001,1.122631673557433,890003.0
2023-04-03,0.7762,0.9094633919217786,1480928.0,0.8348,1.155711802943088,1224420.0
2023-04-04,0.8190999999999999,0.9132994759143201,1279455.0,0.8634999999999999,1.1650543967507356,828575.0
2023-04-06,0.9164,0.8653758608847513,936435.0,0.9634999999999999,1.1540629507946696,699989.0
2023-04-07,0.8083,0.9562817368023512,1464242.0,0.9322,1.1988923939264027,904659.0
2023-04-10,0.8714,0.985001226874355,1205625.0,0.9113,1.1701009455091007,787442.0
2023-04-11,0.9343,0.9512716028001196,1416788.0,0.8820999999999999,1.1230944816128063,867437.0
2023-04-12,0.8081,0.9024127139639736,1209132.0,0.8421,1.1331524792288814,671488.0
2023-04-13,0.8315,0.9348007502834318,1537293.0,0.9779000000000001,1.114275489336839,993898.0
2023-04-14,0.8484,0.9508717188657904,1737737.0,1.0184,1.1241949610253117,897785.0
2023-04-17,0.8868,1.1313473488841237,2911506.0,0.8649,1.2076141713989947,1283582.0
2023-04-18,0.8946,1.1602188034574488,2436640.0,0.905,1.216848130350603,1134129.0
2023-04-19,0.8908,1.0631431824682018,1920204.0,0.8512000000000001,1.1531614539306847,1027687.0
2023-04-20,0.9484999999999999,0.939336538168533,2249067.0,1.0288,1.1245481428312152,1191885.0
2023-04-21,0.9925,0.8343921382006015,3183246.0,1.1627,1.0321687515200915,1778074.0
2023-04-24,1.1006,0.7257854839646141,3139040.0,1.2026000000000001,0.9368887342963539,2057270.0
2023-04-25,1.0348,0.7047384530876921,3311352.0,1.2147,0.9082335502698196,2381629.0
2023-04-26,0.9203,0.8212745712538042,1873879.0,0.9437000000000001,0.9822102658395888,1256339.0
2023-04-27,0.8342,0.8786028570668512,1830299.0,0.9204000000000001,0.9988590969289665,970022.0
2023-04-28,0.8443999999999999,0.938675147246083,1798896.0,0.8933,0.9940279811711497,857177.0
2023-05-04,0.9181999999999999,1.015562165601502,1800012.0,0.9215000000000001,1.0070866024726581,806102.0
2023-05-05,0.9716,1.009359260657568,1710569.0,1.0088,0.9998087206264827,918366.0
2023-05-08,0.9011,1.1446583170467566,2367361.0,0.9092,1.0816342487949182,1202660.0
2023-05-09,0.8437,1.1335768847558951,3466453.0,0.8581,1.029991603132227,1564217.0
2023-05-10,0.9948999999999999,0.9116155843798714,2463096.0,0.9573,0.953943153357796,1243779.0
2023-05-11,0.8742,0.8782395319101394,1500512.0,0.871,0.9362225301817654,770420.0
2023-05-12,0.9298000000000001,0.758435164322548,2584361.0,0.8981,0.8872216915276655,1318140.0
2023-05-15,0.8059999999999999,0.7881250478669719,2764301.0,0.8287,0.8996908455735041,1478119.0
2023-05-16,0.8456999999999999,0.7903415165006424,1845838.0,0.9096,0.8757864967414639,1045961.0
2023-05-17,0.9473,0.7325654182020264,2067521.0,0.9971,0.8596517984268673,1178570.0
2023-05-18,0.9388,0.7616682274835052,2638782.0,0.9131,0.8744493063811104,1381883.0
2023-05-19,0.9779000000000001,0.7299741387310941,2477926.0,0.9007999999999999,0.8811548647573005,1256005.0
2023-05-22,0.8795999999999999,0.7634927867031458,2684962.0,0.8514,0.9015485437700637,1457043.0
2023-05-23,0.9516,0.6949744120885252,2325638.0,0.9246,0.8406968827365654,1365238.0
2023-05-24,0.9964,0.74656535751582,3057882.0,1.1227,0.9278630141342195,1892823.0
2023-05-25,1.0415,0.6647349656962036,2575714.0,0.9982,0.8714975561580062,1578546.0
2023-05-26,0.9934999999999999,0.650000293043728,2188379.0,1.0891,0.8872119211767086,1296425.0
2023-05-29,0.9274,0.6420134711353822,1513866.0,0.9992,0.8778251428723673,935425.0
2023-05-30,0.9101,0.6169805662579126,2556316.0,0.9802,0.8719464911393455,1466793.0
2023-05-31,0.9818000000000001,0.5784511437222725,2343366.0,1.0155,0.8559176651320775,1352952.0
2023-06-01,0.872,0.589062929730725,2146813.0,0.9045000000000001,0.8535927461278837,1235607.0
2023-06-02,0.8225,0.6391767947125399,2133220.0,0.7974,0.8967523440168489,1160613.0
2023-06-05,0.8279000000000001,0.6168223130010257,1197959.0,0.877,0.8617582672219817,723001.0
2023-06-06,0.8443,0.6208973543862746,2261085.0,0.8603000000000001,0.8203126818391296,1307104.0
2023-06-07,0.9181,0.6145092435716059,1874802.0,1.0723,0.8009672132452711,1140824.0
2023-06-08,0.865,0.6428351326174195,2126911.0,0.8563,0.831809327323084,1324649.0
2023-06-09,0.8343,0.6560564667335846,1374053.0,0.8519,0.8407765018856991,893323.0
2023-06-12,0.9390999999999999,0.6609148152882826,1764583.0,0.8919,0.8612834695798195,1020968.0
2023-06-13,0.8861,0.6752792471040769,1542485.0,0.9073,0.8824233009526755,928943.0
2023-06-14,0.8645,0.6877424259236088,2125081.0,0.8675,0.8659864658809371,1181565.0
2023-06-15,0.9523999999999999,0.7651038248864336,2631167.0,0.81,0.9500231885338222,1554180.0
2023-06-16,0.8184,0.8340353550600672,2682040.0,0.763,1.0323414962251558,1649623.0
2023-06-19,0.8356999999999999,0.7344433195662398,1983154.0,0.8547,0.9576760985870636,998863.0
2023-06-20,0.8164,0.698644973419361,1796120.0,0.8841,0.9508423724901915,936090.0
2023-06-21,0.8841,0.658382501758826,2121855.0,0.965,0.8864304059535448,1237076.0
2023-06-26,0.9576,0.5908688185495545,2457448.0,1.0515999999999999,0.809490485618703,1628845.0
2023-06-27,0.9176000000000001,0.6160803189175782,1995008.0,0.9129,0.8477971229119677,1297171.0
2023-06-28,0.9218000000000001,0.7018088832753098,1977006.0,1.0007,0.9008420622693846,1213248.0
2023-06-29,0.9269,0.6595404542015998,1466406.0,0.8663,0.8795914140108635,863313.0
2023-06-30,0.8748,0.6817124277391515,1337030.0,0.8402,0.9302823745534501,1053253.0
2023-07-03,0.8499,0.7940649452049409,1662267.0,0.7972,0.9529091632461603,1151504.0
2023-07-04,0.7753,0.7814998292228151,949654.0,0.8062,0.9619609858728703,682069.0
2023-07-05,0.9649,0.7445940815340868,1074983.0,0.8125,0.9132621154491047,797180.0
2023-07-06,0.9460999999999999,0.68657307204527,1493558.0,0.9709,0.8793035548318819,1076514.0
2023-07-07,1.0019,0.6333197069134826,1342263.0,1.0676,0.839339189593503,984966.0
2023-07-10,0.7844,0.6621758128084979,1505759.0,0.8781,0.8590021662949131,984361.0
2023-07-11,0.8395999999999999,0.7095224821814999,1330711.0,0.8762000000000001,0.8935816383002505,1014065.0
2023-07-12,0.8237000000000001,0.7540634800579106,1499224.0,0.8081,0.8798863220377011,993586.0
2023-07-13,0.8693000000000001,0.8957222754411547,2212213.0,0.8295999999999999,0.9486240367435079,1338926.0
2023-07-14,0.8462000000000001,0.9194694987896479,1190882.0,0.8217,0.9606436307875724,859171.0
2023-07-17,0.9584,0.7898406220172797,1459462.0,0.8896999999999999,0.9037175063867893,832476.0
2023-07-18,0.9027,0.7682600830789811,1322170.0,0.8789,0.8853113734360641,812653.0
2023-07-19,0.9173,0.7919142345205615,1543987.0,0.9386,0.8684240651770232,1070903.0
2023-07-20,0.8798,0.7701515531510874,2255101.0,0.8371,0.8489722977365921,1416035.0
2023-07-21,0.9007,0.7714558498514964,2337898.0,0.8656999999999999,0.8366863837494555,1380528.0
2023-07-24,0.8478,0.7328083295017163,1746012.0,0.8698999999999999,0.8204472156525479,1264339.0
2023-07-25,0.7055,1.0268178560733956,3728664.0,0.6661,1.00123482680512,2153261.0
2023-07-26,0.6707,0.9656915928553573,1785891.0,0.7321,0.9021324375867125,943876.0
2023-07-27,0.8589,0.9731395626260965,1737648.0,0.9248999999999999,0.9074581846082975,1180192.0
2023-07-28,0.8835,1.1902522425297224,3438993.0,0.8279000000000001,0.9577944404407598,2103066.0
2023-07-31,0.7719,1.1326489656669412,3037491.0,0.6761,0.9306538955223317,1880733.0
2023-08-01,0.8523999999999999,1.0620187227767177,1879562.0,0.815,0.9247667232932023,1281827.0
2023-08-02,0.8885,0.8778378685717344,2471074.0,0.8306,0.8615141915166176,1304536.0
2023-08-03,0.7794,0.887415377195846,2001224.0,0.8228,0.8722230765761964,1231699.0
2023-08-04,0.6215999999999999,0.8931854584167637,3146014.0,0.6811,0.9071002974615399,2066111.0
2023-08-07,0.7704000000000001,0.8257727871302453,1490862.0,0.9039,0.8552997132280781,1001569.0
2023-08-08,0.7785,0.8016563596046883,1774962.0,0.8506999999999999,0.8359870998860957,1168022.0
2023-08-09,0.7591,0.7749302219670928,1253786.0,0.8351000000000001,0.8010084809459835,851012.0
2023-08-10,0.7095,0.7543491634544869,1852745.0,0.7042,0.7733649318037842,1175987.0
2023-08-11,0.8139,0.6403552291213187,3124746.0,0.8506,0.712309247112698,1884353.0
2023-08-14,0.8276,0.5959274609550541,2932605.0,0.8973,0.7122761385255857,1959514.0
2023-08-15,0.7273000000000001,0.592451743368688,2520396.0,0.8070999999999999,0.7070068722418577,1716838.0
2023-08-16,0.8358,0.5725422739992275,1902097.0,0.8144,0.7070478179111029,1248832.0
2023-08-17,0.8262,0.5730014523849165,2510545.0,0.9383,0.716554113709888,1705019.0
2023-08-18,0.7698,0.5706534984451471,2125549.0,0.9331,0.7071091928781378,1496056.0
2023-08-21,0.8035,0.5301512988342114,2702017.0,0.8805,0.6540266044831958,1877669.0
2023-08-22,0.8203,0.5231759734395338,2989500.0,0.8548,0.6512452590133765,2150052.0
2023-08-23,0.8552,0.6539236919891572,2096855.0,0.9338,0.7603167221739715,1633423.0
2023-08-24,0.7284999999999999,0.6651038727384104,1405229.0,0.7946,0.7412564877052668,1153240.0
2023-08-25,0.8686,0.6665912166928416,1494898.0,0.9812000000000001,0.7406345965446516,1161439.0
2023-08-28,0.529,0.6858814045646731,3405331.0,0.5676,0.7582035784414083,2263840.0
2023-08-29,0.8611,0.6812262943870238,1856274.0,0.835,0.7814564083435349,1340655.0
2023-08-30,0.7673000000000001,0.6632794846437312,1211682.0,0.8075,0.7867111548048182,907554.0
2023-08-31,0.805,0.64247266802182,1225863.0,0.8804000000000001,0.7639639743875289,856041.0
2023-09-01,0.8451000000000001,0.6642455779365369,1162384.0,0.8412999999999999,0.7786197761957168,792204.0
2023-09-04,0.774,0.7331316372793767,1903121.0,0.8214,0.7960257969033032,1285188.0
2023-09-05,0.8845000000000001,0.7042422170212856,1078945.0,0.8265,0.773975619789807,756202.0
2023-09-06,0.8776,0.6872491707871276,1076362.0,0.8576999999999999,0.7667060437466656,855892.0
2023-09-07,0.8423,0.6563852016179409,1514415.0,0.9609000000000001,0.7254140932187874,1161079.0
2023-09-08,0.9894,0.6272053950484201,1260646.0,0.9704999999999999,0.7057350447506429,1047792.0
2023-09-11,0.8048000000000001,0.6528475741168799,1412289.0,0.7955,0.7189149272562873,1107027.0
2023-09-12,0.7741,0.6583074532202765,753735.0,0.8412999999999999,0.7163917560158353,709261.0
2023-09-13,0.9124,0.653053748507892,1769363.0,0.9285,0.6989326658112287,1348311.0
2023-09-14,0.9133,0.6621970020294222,1540870.0,0.8955,0.7111979419311457,963147.0
2023-09-15,0.8914,0.6355215118761917,2068195.0,0.9793999999999999,0.6964664733239186,1443353.0
2023-09-18,0.958,0.6837828627856275,1566973.0,0.865,0.71325683149189,1135643.0
2023-09-19,0.8456,0.6866784735436234,1316531.0,0.9362,0.715790813697617,1005582.0
2023-09-20,0.8786,0.668478127530116,1169238.0,0.8901,0.6986745316761205,837357.0
2023-09-21,0.9464,0.6231844477883152,1859898.0,0.823,0.6639171737111491,1174654.0
2023-09-22,0.86,0.7425693801132933,3027803.0,0.8298000000000001,0.7352736727121719,1731683.0
2023-09-25,0.8423,0.7010606510801815,1508731.0,0.8691,0.6917535105577861,966586.0
2023-09-26,0.889,0.6590601703853426,1351600.0,0.8726999999999999,0.6625397399777715,954619.0
2023-09-27,0.8212,0.8450638968535784,1886624.0,0.7890999999999999,0.8101233577433117,1153931.0
2023-09-28,0.8068000000000001,0.7600249331353099,1198930.0,0.7106999999999999,0.7628910625145805,759682.0
2023-10-09,0.7218000000000001,0.7148779402160628,1803963.0,0.797,0.7711297456243612,1283045.0
2023-10-10,0.8112999999999999,0.6771719367523242,1334943.0,0.746,0.73915576546624,1064814.0
2023-10-11,0.8634000000000001,0.692681409052806,1251014.0,0.833,0.737886725035904,1020886.0
2023-10-12,0.8090999999999999,0.7519955818942629,1575601.0,0.8625,0.7744989505582942,1183033.0
2023-10-13,0.8759999999999999,0.6823539814904002,1234598.0,0.9312999999999999,0.7461691202374217,933230.0
2023-10-16,0.7833,0.6378204420418192,1539582.0,0.9603,0.7154326815374276,1157785.0
2023-10-17,0.8012,0.6500618595373701,1172939.0,0.9,0.728189261328988,928575.0
2023-10-18,0.795,0.6356662132690661,1389928.0,0.9368000000000001,0.69540740936946,1124156.0
2023-10-19,0.8942,0.5436420821482837,3367972.0,1.0316,0.633321664803185,2046482.0
2023-10-20,1.0001,0.5223462840398121,2484177.0,1.0168000000000001,0.6247424078885778,1859868.0
2023-10-23,0.8201999999999999,0.49913678753900836,2679341.0,0.9632999999999999,0.573023869680158,1998201.0
2023-10-24,0.9052,0.5062064291840662,2492277.0,0.8981999999999999,0.5635890189807263,1978885.0
2023-10-25,0.7645000000000001,0.6779350768032969,2263882.0,0.8284999999999999,0.7160464984874301,1621362.0
2023-10-26,0.7959999999999999,0.6727330657192309,1343183.0,0.9189,0.731730884989957,1163463.0
2023-10-27,0.8477,0.7348827897433078,1935074.0,0.7964,0.7721120700344717,1657569.0
2023-10-30,0.7829999999999999,0.726471019331303,1251107.0,0.7927,0.7853337862286307,1107203.0
2023-10-31,0.851,0.7122996243711606,995831.0,0.8745,0.767603056160305,828358.0
2023-11-01,0.7454999999999999,0.7103598388869,1170356.0,0.8162999999999999,0.782557072267507,860850.0
2023-11-02,0.8837,0.7284670950919718,1068366.0,0.9712999999999999,0.779096547714123,897979.0
2023-11-03,0.7728,0.7477786497228058,1193674.0,0.8869,0.8000991344115608,1046711.0
2023-11-06,0.6997,0.7925076363917566,1503573.0,0.7998000000000001,0.8453307305801915,1350001.0
2023-11-07,0.8492000000000001,0.7772915980230642,1055242.0,0.7659999999999999,0.8137602689480613,877016.0
2023-11-08,0.8863,0.7453574617483871,1314832.0,0.8625,0.8005696487650344,1104870.0
2023-11-09,0.92,0.7529669109014393,1155416.0,0.9765999999999999,0.8223133110575802,1009459.0
2023-11-10,0.8856999999999999,0.6794083930272635,1390770.0,0.8482999999999999,0.773732387024953,1085879.0
2023-11-13,0.8451000000000001,0.6513336080722478,1304343.0,0.8159000000000001,0.7510663011136294,1093729.0
2023-11-14,0.8589,0.6477959854690282,1272973.0,0.7901,0.7496003450505151,1154289.0
2023-11-15,0.7154,0.6896640540149765,1609845.0,0.7886,0.77773292458808,1451822.0
2023-11-16,0.7484000000000001,0.661686971279321,1660561.0,0.8266,0.7494303770259232,1135861.0
2023-11-17,0.887,0.627543067308866,1856579.0,0.9455,0.7382659603352498,1220591.0
2023-11-20,0.8462999999999999,0.6339249454814219,1797216.0,0.8249,0.745531012532084,1334684.0
2023-11-21,0.7501000000000001,0.6657870016780301,2166651.0,0.8098000000000001,0.756388791654819,1475851.0
2023-11-22,0.8626,0.7089252039382656,1541709.0,0.9505,0.7275950864920232,1106211.0
2023-11-23,0.8051999999999999,0.6967956543388355,1277854.0,0.8412999999999999,0.7355810581367969,1042421.0
2023-11-24,0.8133,0.6773771962672263,922536.0,0.8375,0.710554133348674,812234.0
2023-11-27,0.8887,0.6461244984800394,1677976.0,0.9486,0.6816896916961835,1051906.0
2023-11-28,0.8802,0.6503658181333766,966089.0,0.9817,0.698853101287166,765577.0
2023-11-29,0.8204,0.628732832583116,1258377.0,0.9987,0.6742460167176864,904956.0
2023-11-30,0.7615999999999999,0.6313511628510905,1045062.0,0.9147,0.668520062137688,828668.0
2023-12-01,0.8912,0.5955837110105824,1806503.0,0.9420000000000001,0.6553868816236343,1205229.0
2023-12-04,0.8170000000000001,0.5814491170701102,1159295.0,0.9002,0.6461451938131845,847439.0
2023-12-05,0.9166,0.5520605502474962,2313632.0,1.0289,0.6247854739520214,1582883.0
2023-12-06,0.9947,0.555259436162927,1990769.0,0.8919,0.6451026368058275,1426211.0
2023-12-07,1.0319,0.5535883698118383,1948133.0,0.9719,0.6422003278044626,1435209.0
2023-12-08,0.9251,0.5663931642540946,1238668.0,0.9551999999999999,0.6450417638838831,1018184.0
2023-12-11,0.7931,0.5787248136773904,2601718.0,0.7990999999999999,0.6354709680322153,1725134.0
2023-12-12,0.7476999999999999,0.5962036253247321,1319864.0,0.7526999999999999,0.6425308581117509,872861.0
2023-12-13,0.8432,0.5333804953867234,1810642.0,0.8559,0.5905989832127747,1107497.0
2023-12-14,1.0534000000000001,0.5306301702558429,1915186.0,0.9599,0.5927722163265582,1285423.0
2023-12-15,0.9468000000000001,0.5266226172470365,2489223.0,0.9682999999999999,0.578440304902801,1489642.0
2023-12-18,0.9295,0.5392129488744087,1839407.0,0.8859,0.5657929165238429,1213162.0
2023-12-19,0.8604999999999999,0.534821861095567,1653155.0,0.8994,0.558045845998959,1232121.0
2023-12-20,0.8306999999999999,0.5279157314022545,1582066.0,0.8823000000000001,0.5440033843115851,1315752.0
2023-12-21,0.9297,0.5729089441864772,2302949.0,0.9428,0.5750446306149818,1751745.0
2023-12-22,0.7555,0.5851666449986835,2485849.0,0.8543000000000001,0.5939289321610121,1727206.0
2023-12-25,0.8476,0.5636616368275252,1272429.0,0.7902,0.5579491207676568,1052183.0
2023-12-26,0.8776,0.5302920674899224,1562212.0,0.9543,0.539079854832877,1215634.0
2023-12-27,0.8314,0.7421661783753449,2084184.0,0.8663,0.6959744545431195,1426520.0
2023-12-28,0.7854000000000001,0.8542957821676455,2236146.0,0.8043,0.7935889285089053,1643957.0
2023-12-29,0.741,0.8325650662349673,1360188.0,0.8747,0.7662611839043139,1108112.0
2024-01-02,0.7517,0.7481073603259153,1163917.0,0.8220999999999999,0.7142388393565937,902395.0
2024-01-03,0.7789,0.7150332170551248,1139930.0,0.8421,0.6904401920437415,950581.0
2024-01-04,0.8633,0.654333637448242,1743487.0,0.8621,0.6557088319475468,1433226.0
2024-01-05,0.8996,0.6506944550786334,1729730.0,0.9115000000000001,0.6533777204581759,1377236.0
2024-01-08,1.046,0.6046013205036707,2050074.0,1.011,0.6145048431316384,1714923.0
2024-01-09,0.9414,0.6084866887043229,1560193.0,0.9723999999999999,0.6183523714412074,1473835.0
2024-01-10,0.9314,0.6074373292973575,1382213.0,0.927,0.6075933438793815,1291595.0
2024-01-11,0.86,0.6110301379518541,1263760.0,0.858,0.6051328100646254,1088785.0
2024-01-12,0.8043,0.610273299546401,1110046.0,0.8832,0.6117830121183139,1060629.0
2024-01-15,0.8689,0.5905163616572556,1551114.0,0.9351999999999999,0.6196071782565601,1383648.0
2024-01-16,0.8611,0.5865687784254352,2019580.0,0.973,0.6324656150734913,1763152.0
2024-01-17,0.8893000000000001,0.5406205952010866,2268012.0,0.9778,0.5932115673478662,1867539.0
2024-01-18,0.9967,0.5434942780429305,4448594.0,1.1897,0.6260481035619067,3639359.0
2024-01-19,0.7947,0.5863756823353333,2453472.0,0.8948999999999999,0.6573792016806723,2073270.0
2024-01-22,0.8998,0.5567438355741634,2886514.0,0.9798,0.5960580296839649,2208474.0
2024-01-23,0.8651000000000001,0.5570615924906046,2412659.0,0.93,0.6024845879705154,2031597.0
2024-01-24,0.7526,0.7129048444151891,2757424.0,0.9306,0.7157633849920869,2264584.0
2024-01-25,0.8081999999999999,0.8570242353749372,2337301.0,0.7852,0.7982359598891737,1828185.0
2024-01-26,0.9296,0.8584757949212393,1673430.0,0.9091,0.7977890892683408,1341776.0
2024-01-29,0.9934999999999999,0.867848260281536,1559196.0,1.0624,0.7755330245184446,1213249.0
2024-01-30,1.1103,0.7669746484614208,1812703.0,1.121,0.7173128814493279,1545161.0
2024-01-31,1.2314,0.6926978107253243,2138406.0,1.28,0.6792850655248476,1751516.0
2024-02-01,1.1876,0.6733988886328135,1477879.0,1.0951,0.6844434473628085,1268631.0
2024-02-02,1.0695000000000001,0.6153107715055284,2452726.0,1.1442,0.6355388217834339,2093733.0
2024-02-05,1.1107,0.6532326049685109,2012478.0,1.1287,0.6410574897635559,2087912.0
2024-02-06,0.907,0.7046025895309163,1884241.0,0.83,0.7103533826425392,1801883.0
2024-02-07,0.8319,0.7653729949461657,1880178.0,0.8434999999999999,0.7527974373958402,1599987.0
2024-02-08,0.7881999999999999,0.8021607766215006,1513185.0,0.7674,0.779037399266541,1349377.0
2024-02-19,0.9343,0.8560024711473945,1412170.0,0.9298000000000001,0.8226531177329999,1176771.0
2024-02-20,1.0592,0.8941726246836271,1078664.0,0.9895,0.8279909474920335,1029959.0
2024-02-21,0.726,1.058651488525678,3296408.0,0.7903,0.9297845010381505,2356389.0
2024-02-22,0.7356999999999999,1.0877916730668338,1627982.0,0.8337,0.9565898587949084,1044134.0
2024-02-23,0.6922,1.076368712012941,1637128.0,0.8064,0.9594931015813383,1142115.0
2024-02-26,0.8721,0.9603567502887117,2000526.0,0.9025,0.901800857182893,1143643.0
2024-02-27,0.8406,0.9585529481235238,1635156.0,0.8661,0.9397427725982779,1152880.0
2024-02-28,0.7768999999999999,0.844345407159453,2044604.0,0.8381000000000001,0.8076139062655636,1560783.0
2024-02-29,0.8017,0.8573367696227168,1274460.0,0.8776,0.8533828371838797,1174575.0
2024-03-01,0.8987,0.8710713163193569,1029745.0,0.8131,0.9029861382129524,1134598.0
2024-03-04,0.8454999999999999,0.8827376018262542,757257.0,0.8055,0.8973867593549169,802758.0
2024-03-05,0.8869,0.9620194308087228,1302488.0,0.9229,0.9517176617888724,1080886.0
2024-03-06,0.9117000000000001,0.9377903043719604,1007354.0,0.88,0.93753776646873,921398.0
2024-03-07,0.9255,0.9110252285436539,1124905.0,1.0083,0.9051511736023933,1018386.0
2024-03-08,0.9990000000000001,0.905820963307731,899617.0,1.0878,0.9046359067302648,934079.0
2024-03-11,0.9007999999999999,0.9225816008774694,1156138.0,0.9072,0.9700231952830356,1091770.0
2024-03-12,0.8201,0.9580280486300992,1496427.0,0.8210999999999999,0.978909245576081,1191776.0
2024-03-13,1.0393999999999999,0.8878205503227442,1327506.0,0.9312999999999999,0.9466010912089433,918536.0
2024-03-14,0.9637,0.8665347097262999,1429413.0,1.0439,0.9254782362245924,1185398.0
2024-03-15,1.0003,0.8456703409193426,1262779.0,1.1156,0.9069999080389485,1248508.0
2024-03-18,0.8955,0.862451894838669,1189469.0,0.9007,0.9464180766588185,1243579.0
2024-03-19,0.9105,0.8329693551578888,1243906.0,0.9444,0.9021133364472985,1085904.0
2024-03-20,0.8726,0.8634739972002272,1354938.0,0.8039000000000001,0.9051788728921262,1080744.0
2024-03-21,0.9081,0.8658135934467696,1312815.0,0.8493,0.8958494934327728,1100455.0
2024-03-22,1.1206,0.7878525244780247,2313545.0,1.1029,0.8237315948452444,1900928.0
2024-03-25,1.1085,0.7912168163960945,1412174.0,1.199,0.833997195413288,1332264.0
2024-03-26,0.9971,0.7936233125588276,1393103.0,1.1086,0.8539086331728473,1352907.0
2024-03-27,0.935,0.876229119529567,1449266.0,0.9637,0.8072760961235063,1309071.0
2024-03-28,1.0458,0.8837647045175062,1506167.0,0.9582999999999999,0.8320317310122686,1396084.0
2024-03-29,1.0833,0.9304356878285666,919640.0,1.0170000000000001,0.859864687943928,812667.0
2024-04-01,0.8619,0.9933493325804276,1313465.0,0.8367,0.9498508434662203,1283971.0
2024-04-02,0.9614,0.9461868759421134,931370.0,1.0219,0.9236546500494314,797294.0
2024-04-03,1.0425,0.9168576343663837,826645.0,1.0404,0.8722197257348971,719077.0
2024-04-08,0.9569,0.8950230024327676,1195729.0,0.9429000000000001,0.8455350413651138,1057701.0
2024-04-09,0.8946,0.8464526756250311,1024476.0,0.9023,0.8389908952636376,835141.0
2024-04-10,0.9651000000000001,0.8092948632698419,1283045.0,0.9754,0.7800048330113576,1196491.0
2024-04-11,0.8576,0.8005521302063416,1193253.0,0.9904999999999999,0.7927527623624182,1045224.0
2024-04-12,0.8881,0.7334559312139257,1190718.0,1.0338,0.7521951740699094,1089515.0
2024-04-15,0.8044,0.9051680110897807,2055727.0,0.8817,0.9320557216724525,1802221.0
2024-04-16,0.9745,0.8856277190973176,1861605.0,1.1081,0.8830441171445169,1548051.0
2024-04-17,0.9667,0.9743533136310824,1594052.0,0.9845999999999999,1.0031430098959153,1495308.0
2024-04-18,0.7948000000000001,1.0288657971007567,2274915.0,0.8331000000000001,1.046438124887011,1900510.0
2024-04-19,1.0427,0.9238913147746458,1553077.0,1.0929,0.948769075461827,1524646.0
2024-04-22,0.8965000000000001,0.9092974282146205,1347515.0,0.9684,0.9412925410451861,1152744.0
2024-04-23,0.9009999999999999,0.860694839556661,1340109.0,1.0363,0.8847055730586734,1331829.0
2024-04-24,0.8416,0.9280281324929013,1260762.0,0.9505,0.9287870251516437,1144396.0
2024-04-25,0.9087000000000001,0.9236310048885834,974349.0,0.871,0.9264040752362288,870521.0
2024-04-26,0.7503,1.0018546535696813,1486776.0,0.7917000000000001,0.9963656330541382,1247653.0
2024-04-29,0.684,1.0378729464568288,1592253.0,0.7101999999999999,1.0582350274623908,1470313.0
2024-04-30,0.722,0.9772252485092162,1007225.0,0.8062999999999999,1.0065659892762735,810642.0
2024-05-06,0.8181,1.0382149615205003,1263289.0,0.8001999999999999,1.0553393547366652,1098078.0
2024-05-07,1.0127,1.0644402514205098,756529.0,0.9057999999999999,1.0724734509588039,630073.0
2024-05-08,0.9984999999999999,1.0004342671580628,766593.0,0.9440000000000001,0.9880926212023171,700467.0
2024-05-09,0.9594,1.0771984273428483,1036134.0,0.9134,1.0642190499724382,969414.0
2024-05-10,0.8967,1.1058784122392702,1192331.0,0.8587,1.052578259705822,988899.0
2024-05-13,0.9172,1.0922808588810324,1149350.0,0.9217,1.0342708058282724,962013.0
2024-05-14,0.9954999999999999,1.0434830223347105,877675.0,0.8186,1.0104305390189767,791042.0
2024-05-15,0.9858,0.9728334237958053,1195428.0,0.9204000000000001,0.9688388939517901,923881.0
2024-05-16,0.9773999999999999,1.0386805065998979,1143249.0,0.9243000000000001,1.0063520058730315,1065033.0
2024-05-17,0.8828,1.1490619543164493,1480522.0,0.8894,1.0503844266317683,1239982.0
2024-05-20,0.8024,1.1885473605193322,1529439.0,0.7598,1.0508730323194646,1364296.0
2024-05-21,0.9261,1.1584184535412605,925113.0,0.8731,1.0186660916803676,829404.0
2024-05-22,0.8490000000000001,1.1273481018509288,1025548.0,0.8018000000000001,0.9883233211233211,918701.0
2024-05-23,0.9573,1.0109380503267718,1050927.0,1.0702,0.9293992479005787,960643.0
2024-05-24,0.975,0.9369288529129832,1096318.0,1.0191,0.875019563877257,939469.0
2024-05-27,1.0193,0.9794616241327572,901951.0,0.9889,0.9158403756773338,821573.0
2024-05-28,1.0908,0.9734823803919246,733680.0,0.9943000000000001,0.8972140626449399,693320.0
2024-05-29,0.9553,0.993809086859349,845935.0,0.8929,0.9111796099063856,751137.0
2024-05-30,1.0985,0.9012723662204932,1155070.0,1.0238,0.8845571397184486,884559.0
2024-05-31,1.0014,0.8708452521173369,876725.0,0.9979,0.8533706755662157,745720.0
2024-06-03,0.9621,0.853033622559653,1054214.0,1.0001,0.8561234619559189,992386.0
2024-06-04,0.8456999999999999,0.8962564456399641,975131.0,0.8889,0.9232037319584013,913810.0
2024-06-05,0.9729000000000001,0.8589879014138798,721069.0,0.9113,0.8934499971797619,677345.0
2024-06-06,0.9826,0.8546220176669259,1224850.0,0.9370999999999999,0.885140547802302,1143040.0
2024-06-07,1.0321,0.8062608276464651,1177487.0,1.0672,0.8244866583281217,1195113.0
2024-06-11,0.914,0.7356735107804491,1389495.0,0.9002,0.7808437707781043,964648.0
2024-06-12,0.8017,0.7366685630028678,874606.0,0.789,0.7880560273616319,686925.0
2024-06-13,0.7846,0.7066574411118799,1084057.0,0.8114,0.7657424895762802,842346.0
2024-06-14,0.8269,0.7326250897459861,1468884.0,0.8874,0.7959625394740654,1135814.0
2024-06-17,0.8604,0.6933993347232736,895694.0,0.8782,0.7875924516472986,657326.0
2024-06-18,0.7848,0.6817063481683951,911749.0,0.8312,0.7943962652923656,770353.0
2024-06-19,0.7706999999999999,0.6943777963497961,911870.0,0.8769,0.7700280785633961,834571.0
2024-06-20,0.8532,0.6966696940906637,1077604.0,1.0161,0.7490876051110484,1099187.0
2024-06-21,0.9582999999999999,0.6777276443333818,1588036.0,0.8726999999999999,0.7313996055483715,1334068.0
2024-06-24,0.9505,0.6630817699384803,1559635.0,0.8676,0.6834738338001353,1333756.0
2024-06-25,1.0342,0.6259284554909125,1425438.0,0.9229,0.6274643025793315,1356199.0
2024-06-26,0.905,0.8658819149823817,1325311.0,0.8393,0.7801323132263318,1201703.0
2024-06-27,0.8563,0.84683696494507,1007745.0,0.9358,0.7797182503203989,860659.0
2024-06-28,0.9203,0.8651704919253733,1076255.0,0.9006000000000001,0.7911279802650273,1028489.0
2024-07-01,0.8979,0.8625935957713027,943189.0,0.8992,0.809867138614828,839294.0
2024-07-02,0.8867,0.9034714755266225,923786.0,0.9023,0.8122865682333253,676470.0
2024-07-03,0.9814,0.8983959915300906,664161.0,0.9851000000000001,0.797388319071888,708019.0
2024-07-04,1.0326,0.8663377199857052,874943.0,0.965,0.7679726492532412,865550.0
2024-07-05,1.1798,0.7741525806743198,1705569.0,1.0788,0.7552085005520837,1339011.0
2024-07-08,1.2237,0.7615896664197169,826045.0,1.1333,0.7591536340995582,785620.0
2024-07-09,1.0668,0.8144459842711782,1490613.0,0.9007999999999999,0.8198980575537614,1265860.0
2024-07-10,0.9470000000000001,0.7946439482935347,658677.0,0.9268000000000001,0.7927997489261736,661593.0
2024-07-11,0.8518000000000001,0.8463068781635047,1118512.0,0.8434,0.8459075870907896,1172841.0
2024-07-12,0.8366,0.9112381232687803,1027143.0,0.7348,0.8720205426301904,783768.0
2024-07-15,0.9217,0.955654160845657,875627.0,0.8355,0.8970271330954057,662983.0
2024-07-16,0.9293,0.9843610426957211,929488.0,0.8764,0.9541031512375968,978809.0
2024-07-17,0.8996,1.0281773617515926,1147104.0,0.8384999999999999,0.9982747235722097,1033575.0
2024-07-18,0.8806,1.0488364546337234,1263929.0,0.8236,0.99232248569683,1202821.0
2024-07-19,0.8286,1.1242340219230351,1831230.0,0.7874,1.0430592062158432,1409126.0
2024-07-22,0.8863,1.015529776212133,1407830.0,0.8805,0.9819081006635784,1092243.0
2024-07-23,1.0211,0.9102299004837447,1234767.0,0.8745999999999999,0.8617742810634834,1164412.0
2024-07-24,1.0171999999999999,0.879568433969961,1585498.0,0.9914000000000001,0.8656673587549164,1545312.0
2024-07-25,1.1003,0.7998662809774394,1383818.0,0.9351,0.8298485433588816,1047977.0
2024-07-26,0.9405,0.7737797811330244,1084212.0,0.8867,0.8489458802760548,911783.0
2024-07-29,0.8754000000000001,0.7672175430394302,590082.0,0.8423999999999999,0.8326669732381434,539947.0
2024-07-30,0.89,0.7253243629702357,1095990.0,0.9144,0.7957782792714758,921745.0
2024-07-31,0.7981,0.8153027577233634,1426297.0,0.7602,0.9120146317549307,1364484.0
2024-08-01,0.8223,0.7778191193658103,713220.0,0.8079999999999999,0.8553126467475228,763221.0
2024-08-02,0.9591,0.7513549422228212,944834.0,1.0537,0.7919220593098887,1020989.0
2024-08-05,1.1348,0.7444417383551013,1557966.0,1.1286,0.7624530966735529,1510830.0
2024-08-06,0.9349,0.6753231445092329,1606786.0,0.9673999999999999,0.7337987819916902,1221853.0
2024-08-07,0.9065000000000001,0.6946441715108299,1000268.0,0.8819,0.743312438807549,926737.0
2024-08-08,0.9417,0.6873927449831106,1026249.0,0.9245,0.7421093547551179,1083762.0
2024-08-09,0.8438,0.684118037865496,819405.0,0.775,0.7361877478958491,762779.0
2024-08-12,0.8924,0.6735240898475251,645817.0,0.9091,0.7080992498395191,605724.0
2024-08-13,0.7945,0.6562507448246274,740098.0,0.8332999999999999,0.7030346930195889,736399.0
2024-08-14,0.929,0.6434772549114404,633135.0,0.8934000000000001,0.68066057682252,650332.0
2024-08-15,0.8177,0.707985909193589,1562985.0,0.8465,0.7380533794648927,1398895.0
2024-08-16,0.8261,0.7285003371346487,927781.0,0.8061,0.7454750191089214,908268.0
2024-08-19,0.8604999999999999,0.758389943152657,990830.0,0.7731,0.7623050286304832,930836.0
2024-08-20,0.8798,0.7382705506297945,1038281.0,0.7945,0.726825160776797,1223244.0
2024-08-21,0.9658,0.7276830146448409,927790.0,0.8068000000000001,0.7161785991375111,744622.0
2024-08-22,0.9765,0.7474789650272655,875811.0,0.8361,0.695813643211637,808228.0
2024-08-23,0.9365000000000001,0.785778233003017,1072568.0,0.7656999999999999,0.7268858020361479,901167.0
2024-08-26,0.8737999999999999,0.75940369246441,864732.0,0.9081999999999999,0.7063625257239089,772836.0
2024-08-27,0.8345,0.7493478898935854,701967.0,0.81,0.6724893615293882,686192.0
2024-08-28,1.0373999999999999,0.8604400699320963,1176999.0,0.9225,0.7497478631189919,903001.0
2024-08-29,0.9464,0.8340439779984967,831552.0,0.7426,0.7317687656046686,677399.0
2024-08-30,0.8488,0.8626078266572345,1447013.0,0.6767,0.7908357718290524,1443277.0
2024-09-02,0.8008,0.7553651132876319,1117222.0,0.8325,0.7002172679629246,991418.0
2024-09-03,0.7822,0.7141388392498486,942241.0,0.865,0.7148320080893505,785321.0
2024-09-04,0.8240999999999999,0.6690194890437241,1028803.0,0.9220999999999999,0.6939664627381368,806720.0
2024-09-05,0.8471,0.6605456934512345,797494.0,0.8464,0.7134271994951736,633004.0
2024-09-06,0.7359,0.6661285271844771,909624.0,0.7720999999999999,0.6847747671976412,832731.0
2024-09-09,0.8349,0.5941127942499154,1451418.0,0.8779,0.6078597068175177,1193181.0
2024-09-10,0.9983,0.606850267438692,1079829.0,0.9470000000000001,0.6266607073142352,1069755.0
2024-09-11,0.7739,0.5822266760812403,956375.0,0.9326000000000001,0.6224475377757986,787292.0
2024-09-12,0.6659,0.5660103393063306,998413.0,0.7482,0.6196106984993706,851628.0
2024-09-13,0.7304,0.5607451703452232,1022351.0,0.8081999999999999,0.6185610739456696,883663.0
2024-09-18,0.872,0.5783025964339672,1287627.0,0.9226000000000001,0.6194674497782472,1228938.0
2024-09-19,0.769,0.6100562468605778,1844329.0,0.7943000000000001,0.6688905158819554,1604918.0
2024-09-20,0.7687,0.6083847987510376,1287765.0,0.8068000000000001,0.6704188425076156,1284045.0
2024-09-23,0.8534999999999999,0.6095460111304492,1242058.0,0.8125,0.6780565624843392,1052732.0
2024-09-24,0.6623,0.9559674396076631,3295039.0,0.721,0.9237587134122321,2365346.0
2024-09-25,0.6369,1.1527472068838496,2914360.0,0.6247,0.9687158919061082,2273523.0
2024-09-26,0.7519,1.3123502759102514,3207452.0,0.6970999999999999,1.0699782499137953,2547521.0
2024-09-27,0.8342,1.4339721273732329,3361639.0,0.7462000000000001,1.2759288600942211,2708826.0
2024-09-30,1.0785,1.6550517356703114,2797893.0,0.9056000000000001,1.4456695214124426,2257758.0
2024-10-08,1.1579000000000002,1.6798964653680017,1785491.0,1.0472,1.4317886953195893,1439760.0
2024-10-09,0.7608,1.3663858958557897,1951777.0,0.8376,1.2767024719639861,1804077.0
2024-10-10,0.6759999999999999,1.2911733946873039,2383006.0,0.7481,1.1973131483734012,1917055.0
2024-10-11,0.7173999999999999,1.1052439211172427,2153032.0,0.8415,1.0370823009907708,1892125.0
2024-10-14,0.6856,1.1180684263642557,2176211.0,0.763,1.0605737635743435,1905496.0
2024-10-15,0.8183,1.043173177542081,1971865.0,0.9451,0.993048396800883,1898330.0
2024-10-16,0.755,1.0134465668806838,2104395.0,0.9529000000000001,0.9694979298829765,2056258.0
2024-10-17,0.7812,0.9464800883851346,2236781.0,0.9198000000000001,0.9158088853985528,2131950.0
2024-10-18,0.6015999999999999,1.0539652634556957,3498985.0,0.6670999999999999,1.0688716797223852,3049575.0
2024-10-21,0.5709000000000001,1.0780571533224441,2001443.0,0.5846,1.1210524568484945,1667180.0
2024-10-22,0.6859999999999999,1.0720471738307382,1572487.0,0.7341,1.1115389330707124,1166997.0
2024-10-23,0.6082,0.987626255975348,1700433.0,0.6269,0.9873126779658623,1420179.0
2024-10-24,0.7533,0.9257390403975583,891078.0,0.7106999999999999,0.9548625311488439,823553.0
2024-10-25,0.57,0.948500743712251,1219800.0,0.6289,1.0023464226912877,1247215.0
2024-10-28,0.6934999999999999,0.9319541836620417,779577.0,0.7625,0.9800240470480176,775703.0
2024-10-29,0.6352,0.9023510466988728,1039841.0,0.7535,0.9529207096178708,919687.0
2024-10-30,0.8786,0.8374949584268646,1037600.0,1.0656,0.9019176212982212,984494.0
2024-10-31,0.5895,0.8401686015896118,1288405.0,0.6917,0.9207257071655172,1189447.0
2024-11-01,0.5779,0.8836818170391714,1122689.0,0.6864,0.9205897191876431,1006936.0
2024-11-04,0.7643000000000001,0.8497211275246107,753786.0,0.7990999999999999,0.9266527313225789,713772.0
2024-11-05,0.5359,0.8970847554202044,1559089.0,0.6197,0.95820762508621,1516466.0
2024-11-06,0.6717,0.8429300863681074,1424355.0,0.679,0.9643783503371952,1220238.0
2024-11-07,0.6491,0.9240941717035871,1910572.0,0.7182999999999999,1.0078254748252082,1518080.0
2024-11-08,0.6092,0.8652086642029219,1667171.0,0.6301,0.963622891213317,1370273.0
2024-11-11,0.6086,0.8230639702196917,1665344.0,0.7723,1.0069494516847646,1378322.0
2024-11-12,0.7659,0.763896978217759,1768841.0,0.8134999999999999,0.9648643497045556,1444483.0
2024-11-13,0.7837999999999999,0.7774770868271241,1272295.0,0.9303,0.989739436032259,999528.0
2024-11-14,0.7816,0.7361965940019439,1218683.0,1.0003,0.9226025154567692,1039909.0
2024-11-15,0.7733,0.6781818138931849,1342624.0,1.2345,0.8539422777497071,1422542.0
2024-11-18,0.8493,0.6809603389096952,1891571.0,0.9712000000000001,0.8426788023535634,1645137.0
2024-11-19,0.9992,0.6351272899448257,1787649.0,1.1255,0.8236338014087491,1495271.0
2024-11-20,0.7168000000000001,0.6519674546853071,1034363.0,0.9129,0.8694371454332994,1062063.0
2024-11-21,0.7349,0.6531578805322188,944230.0,0.9005,0.8706793691155674,841336.0
2024-11-22,0.8584,0.5843468072642062,1774456.0,0.9681000000000001,0.7966049781311036,1497040.0
2024-11-25,0.9409000000000001,0.5617527246765571,1839816.0,1.1749,0.7649127946228118,1626384.0
2024-11-26,0.9165000000000001,0.5781188621366936,1470488.0,1.0625,0.7820493757120177,1062560.0
2024-11-27,0.7691,0.7871635287998785,1607119.0,0.8743000000000001,0.9660346384306,1363171.0
2024-11-28,0.7482,0.741508427401564,861716.0,0.8709,0.9151833439363035,730154.0
2024-11-29,0.6554000000000001,0.7704588201766885,1388645.0,0.7232,0.9537124931634302,1246046.0
2024-12-02,0.7008,0.782642814942865,1030066.0,0.7318000000000001,0.9905284910642532,846262.0
2024-12-03,0.7602,0.8129034940548364,1027694.0,0.938,0.991505945521547,918340.0
2024-12-04,0.6856,0.8126885028689491,926311.0,0.9545,0.9719496711925203,792913.0
2024-12-05,0.7629,0.771868174527336,712697.0,0.8923000000000001,0.9514037295298784,682587.0
2024-12-06,0.6653,0.8203263900384608,1342319.0,0.7263,1.003608251243394,1196971.0
2024-12-09,0.7145999999999999,0.80572845159562,1087109.0,0.7841,0.9725652494127662,944977.0
2024-12-10,0.5905,0.8259757585720698,1808627.0,0.6203,0.951832884173258,1731666.0
2024-12-11,0.7793000000000001,0.8018749079232599,928848.0,0.9089,0.9336913625340888,881509.0
2024-12-12,0.8384999999999999,0.8528557156025093,1401659.0,0.7659999999999999,0.9784295827557091,1097633.0
2024-12-13,0.9722,0.7293256971245188,1939890.0,1.0048000000000001,0.8826609630044416,1583451.0
2024-12-16,0.9788,0.7239552460322402,1159614.0,1.3571,0.8637541248065804,1166853.0
2024-12-17,0.9603,0.7528477208692942,1508968.0,1.3503,0.8806002502933322,1715686.0
2024-12-18,0.9458,0.7760750784316097,1332980.0,1.0643,0.9066628105116701,1090567.0
2024-12-19,0.9456,0.7708575625031754,1281528.0,1.2938999999999998,0.9360367241223456,1452683.0
2024-12-20,0.8745,0.7487692715990004,1306023.0,0.9627,0.9145963621606434,985693.0
2024-12-23,0.848,0.7885935808952682,1734596.0,1.0547,0.9049889167249575,1237150.0
2024-12-24,0.8259000000000001,0.8519394798996186,1444048.0,0.9296,0.9710407929420929,1157701.0
2024-12-25,0.7047,0.9710171451556137,1434409.0,0.8315,0.9987639712525855,976759.0
2024-12-26,0.9921,0.9576258774545188,658001.0,1.1073,0.9875445018503533,638390.0
2024-12-27,0.843,0.9363969714075903,826756.0,0.7415,0.9698116948585046,742314.0
2024-12-30,0.7612000000000001,0.9613527469815564,736368.0,0.8105,0.973654316357368,573337.0
2024-12-31,0.8979,0.8729816651594899,1193784.0,0.9274,0.902269117960259,1097171.0
2025-01-02,1.1120999999999999,0.7424494425179274,1983972.0,1.1118999999999999,0.7995214336926023,1602464.0
2025-01-03,1.0242,0.712132403781616,1498071.0,1.2324,0.7678265092759747,1469418.0
2025-01-06,1.2786,0.6728519650042704,1616690.0,1.2041,0.717057983291197,1319623.0
2025-01-07,1.02,0.6611980452848479,991236.0,1.0842,0.7223546937149892,1010488.0
2025-01-08,0.9637,0.6743949021192199,1629698.0,1.0169,0.7437313980250757,1507115.0
2025-01-09,1.0241,0.6521141940890794,891904.0,0.8872,0.7450272026005129,717576.0
2025-01-10,1.0029000000000001,0.632336444500782,1173208.0,1.2293,0.7079088528852521,1071615.0
2025-01-13,1.1396,0.6093884225999199,1182109.0,1.3305,0.7010804800933607,1119605.0
2025-01-14,0.6799,0.6852751160494256,1972206.0,0.7134999999999999,0.7792245031279686,1895386.0
2025-01-15,0.8201,0.6688272233957248,998232.0,0.8393,0.7622322417124707,1006589.0
2025-01-16,0.9569,0.6588016829542849,1482233.0,0.9695999999999999,0.7712085105527234,1567379.0
2025-01-17,1.0256999999999998,0.6723566249626538,1746464.0,0.8058,0.8094545293510073,1525450.0
2025-01-20,0.7099,0.6747756500008593,1409056.0,0.8048000000000001,0.8148031998442793,1439064.0
2025-01-21,0.7686,0.6423215318698342,1037023.0,0.8862000000000001,0.807418184913334,1046104.0
2025-01-22,0.9677,0.7539535311681913,1569636.0,1.0019,0.9274619125828657,1224964.0
2025-01-23,0.654,0.7770796873660841,1287035.0,0.6579,0.9623594131804567,1078285.0
2025-01-24,0.7112,0.798113696543194,789832.0,0.7192000000000001,0.9798554060911839,706752.0
2025-01-27,0.7434999999999999,0.8006244329685708,647465.0,0.6354,0.9280435900634065,622143.0
2025-02-05,0.7049,0.7301193505499185,970321.0,0.8059000000000001,0.870394202379325,832022.0
2025-02-06,0.6431,0.7648189437336352,997426.0,0.7992,0.9000982649991025,970287.0
2025-02-07,0.6217,0.8102715083955093,1655311.0,0.6764,0.9324287722451969,1480872.0
2025-02-10,0.752,0.8164935075301702,825837.0,0.7184999999999999,0.9285652666680548,683737.0
2025-02-11,0.67,0.7996985442772943,619043.0,0.7542,0.89412518759827,619879.0
2025-02-12,0.758,0.8538908446398772,1006684.0,0.7068000000000001,0.9428168846144338,975442.0
2025-02-13,0.7189,0.8754568188482325,1448557.0,0.7177,0.9651740426600915,1298687.0
2025-02-14,0.7715000000000001,0.897573125221846,1279965.0,0.7893000000000001,1.0087438927352366,1102072.0
2025-02-17,0.7181000000000001,0.8858761237452876,1219869.0,0.7661,0.9756958885226339,1069946.0
2025-02-18,0.7868,0.9001184887685496,1427661.0,0.9006000000000001,0.9559126559662842,1355226.0
2025-02-19,0.7668,0.9203401194904205,1024542.0,0.8878,1.0056756809248417,1119897.0
2025-02-20,0.8011,0.8666268530960259,893946.0,0.9208,0.9614849890364413,882420.0
2025-02-21,0.6243,0.9314791718633075,1646135.0,0.7484000000000001,1.0421687952146528,1350457.0
2025-02-24,0.6804000000000001,0.8642414623492632,1080205.0,0.7585,1.0126693775298647,976604.0
2025-02-25,0.7826000000000001,0.8093989985993271,1120577.0,0.8165,0.9387165798832989,950157.0
2025-02-26,0.7238,0.8306069737408524,1053844.0,0.7175,1.0056633484845776,915455.0
2025-02-27,0.7340000000000001,0.8511186720280441,924366.0,0.7947,0.9678955531573656,884436.0
2025-02-28,0.8488,0.7710214988583783,1048722.0,0.9051,0.8535936479880861,934262.0
2025-03-03,0.7712,0.7357644555467348,957287.0,1.0639,0.8654966522490697,942104.0
2025-03-04,0.8277,0.7261516181515417,741854.0,1.0493000000000001,0.8597302819540922,666372.0
2025-03-05,0.7597,0.7458784538299553,812335.0,0.9037999999999999,0.8603002905804819,720214.0
2025-03-06,0.6281,0.8493650561961757,1431391.0,0.7561,0.9585865642789689,1173349.0
2025-03-07,0.7515000000000001,0.831879186035307,757986.0,0.747,0.9214065281213158,671379.0
2025-03-10,0.8477,0.769223975573892,902976.0,0.8731,0.8685092515578342,843886.0
2025-03-11,0.7916,0.7892377867237451,834637.0,1.0293,0.9004549183384294,788486.0
2025-03-12,0.8109000000000001,0.7555043735197127,856225.0,0.8429000000000001,0.8743227996111507,848194.0
2025-03-13,0.8279000000000001,0.735705971264268,1028688.0,0.8595999999999999,0.8418390143441886,915285.0
2025-03-14,0.6615000000000001,0.9723302902912863,2493424.0,0.6759999999999999,1.0040697014417073,2048944.0
2025-03-17,0.6951,0.9473276328811269,1209192.0,0.8062999999999999,0.9365937814204528,1063669.0
2025-03-18,0.8317,0.9336679141587477,909596.0,0.7903,0.9438777728265713,884964.0
2025-03-19,0.7864,0.9325122248482797,1009694.0,0.8271,0.9387335398863375,957836.0
2025-03-20,0.9107,0.8324333670976329,1434158.0,0.8737999999999999,0.8689945485207797,962624.0
2025-03-21,0.8378,0.7020256975279223,1861146.0,0.8382,0.7888510623738324,1568461.0
2025-03-24,0.7448,0.7171410068924001,1230967.0,0.8639,0.7725637211546192,1066722.0
2025-03-25,0.779,0.7297778234309573,917560.0,0.8539,0.782191893343443,852786.0
2025-03-26,0.9331,0.7860950615938079,1146144.0,0.8583,0.819248849561733,933197.0
2025-03-27,0.8348,0.8109386258159956,942992.0,0.8706,0.8426591774680439,901943.0
2025-03-28,0.927,0.7629850562696021,868652.0,0.8134,0.8000650284071463,803613.0
2025-03-31,0.894,0.7068914832567582,1165626.0,0.9742000000000001,0.7486508054799965,1054503.0
2025-04-01,0.8681,0.7049166969457328,608032.0,0.9218000000000001,0.761857022364831,597038.0
2025-04-02,0.907,0.6963075390158844,557646.0,0.93,0.7631648471647767,531668.0
2025-04-03,1.0012999999999999,0.7221332380440705,1003704.0,1.0594,0.7343284439665433,1007551.0
2025-04-07,0.7863,0.5363309867470295,2534167.0,0.7120000000000001,0.5794735353392497,2155231.0
2025-04-08,0.7834,0.5760896113974419,1698537.0,0.9257,0.6268793468143486,1548532.0
2025-04-09,0.8612000000000001,0.61979234500112,1552275.0,0.841,0.6863223136018377,1404411.0
2025-04-10,0.7895,0.6415933024858673,1346857.0,0.8294,0.7053143252240338,1383377.0
2025-04-11,0.8319,0.6665442680299992,1156529.0,0.9233,0.7217468356307606,1066678.0
2025-04-14,0.9122,0.6946785668419002,947437.0,1.1101,0.7184457546375892,1048937.0
2025-04-15,0.9745999999999999,0.7314483064705515,1050251.0,1.0547,0.7086322262108604,1085250.0
2025-04-16,0.9968,0.7701286072981811,1285515.0,0.9747,0.7053614599473078,1369245.0
2025-04-17,0.805,0.7791932392950268,1205564.0,0.8740000000000001,0.7300023770025624,1214428.0
2025-04-18,0.8529000000000001,0.7696365328973322,1125022.0,0.7484999999999999,0.7353393503874693,1116058.0
2025-04-21,0.8227,0.7731137233150186,955442.0,0.8281999999999999,0.7363318394172556,875049.0
2025-04-22,0.8122,0.8180607876967899,788932.0,0.8099,0.7370812160305159,695021.0
2025-04-23,0.8227,0.9040027839856456,903529.0,0.8033,0.8234554649602642,861636.0
2025-04-24,1.0156,0.9608623006101111,629391.0,1.0085,0.8553026728085122,645591.0
2025-04-25,0.9521,0.9243014427533309,570853.0,0.9909,0.8478791661088916,593920.0
2025-04-28,1.0272,0.9712583812155375,531483.0,0.9716,0.8617558208415377,458078.0
2025-04-29,0.9754999999999999,0.9510134274466112,460465.0,0.9322,0.8355055423119563,393272.0
2025-04-30,0.9427,0.9135866612009876,660867.0,0.9283,0.8529361993167612,452876.0
2025-05-06,0.9945,0.9188726985580851,829505.0,1.0606,0.8833083509932634,812958.0
2025-05-07,0.8338,0.9242313824736212,965797.0,0.8095,0.8510712551340407,841115.0
2025-05-08,0.9904000000000001,1.0002351622543204,1200345.0,0.9147,0.9221186412259816,894433.0
2025-05-09,1.1642000000000001,1.0212386923628625,475047.0,1.0221,0.9079745688139432,507258.0
2025-05-12,0.8225,1.0785643810506529,985034.0,0.8449,0.956945121598506,1077802.0
2025-05-13,0.9609000000000001,1.1058590760957379,674418.0,0.9533,0.9671478888909034,819587.0
2025-05-14,0.7337,1.2961769082739132,1964625.0,0.7152,1.0706820137399784,1602336.0
2025-05-15,0.8382999999999999,1.2214459793820818,963978.0,0.7893000000000001,0.9719556509459518,889650.0
2025-05-16,1.035,1.104604945226201,1065182.0,0.9072,0.939082549921087,730470.0
2025-05-19,1.0295,1.0541778521882097,810146.0,1.037,0.9214331369476558,758640.0
2025-05-20,0.7643000000000001,1.0926545470725813,985960.0,0.9273,0.9790553560142436,864685.0
2025-05-21,0.7813,1.1476775339067675,963262.0,0.9081,1.0256706513441713,759008.0
2025-05-22,0.981,1.1673131694361447,868023.0,1.1148,1.0137543550364005,738207.0
2025-05-23,0.9429000000000001,1.0789946214774562,1306530.0,1.0798,0.9409389189525409,1166062.0
2025-05-26,1.0112,1.0356197010362418,1089942.0,1.0383,0.8809245115466275,878455.0
2025-05-27,1.071,0.983882127830574,999777.0,0.9964,0.8396515353324454,725743.0
2025-05-28,1.0754000000000001,0.9384612847773303,915776.0,0.9982,0.7723680815378661,586700.0
2025-05-29,0.9964,0.9549061386095377,905794.0,0.9662999999999999,0.8268977266595231,728537.0
2025-05-30,1.1473,0.9395002596408757,918564.0,1.0295999999999998,0.8076206919594079,675292.0
2025-06-03,1.1284,0.9640842671562474,873745.0,1.0297,0.8296197035328825,640885.0
2025-06-04,0.9487000000000001,0.9670483472365276,634543.0,0.9319,0.8506205072562051,554606.0
2025-06-05,0.8304,0.9486439346651574,597495.0,0.8564,0.8540510267991769,580265.0
2025-06-06,0.848,0.9414717422690015,566030.0,0.8726999999999999,0.8292517838022078,443447.0
2025-06-09,0.9389,0.9240652096955416,797217.0,0.8484999999999999,0.8379196823482107,669018.0
2025-06-10,1.0244,0.891068642262304,1087463.0,0.9798,0.8056688319639417,883011.0
2025-06-11,0.8664000000000001,0.9563721047295721,963510.0,0.7986,0.8723634200715341,926362.0
2025-06-12,0.9565,0.9561846244894883,726421.0,0.883,0.8850347581438772,629522.0
2025-06-13,0.9941,0.8882198825933271,936138.0,1.0319,0.8347198437827249,887328.0
2025-06-16,1.0271,0.9404338492101637,949345.0,1.0323,0.8844216571725462,702944.0
2025-06-17,1.1208,0.9088547620616118,784716.0,0.8731,0.8515405524771319,673585.0
2025-06-18,0.9103,0.9000041186585529,890097.0,0.9497,0.8632366077595337,1042400.0
2025-06-19,1.0341,0.8700076233392235,1151435.0,1.0418,0.8140155314210391,1197302.0
2025-06-20,1.0626,0.9217802510919221,1011244.0,1.093,0.8379878982284756,863987.0
2025-06-23,1.1622,0.9881919998206238,1349429.0,1.0352,0.8419398788034478,1009757.0
2025-06-24,0.8281999999999999,1.0868723980286155,1618218.0,0.7779,0.9007894636671615,1340202.0
2025-06-25,0.6498,1.1365043893890667,1684185.0,0.596,0.9700899223264549,1506766.0
2025-06-26,0.7920999999999999,1.0576079130179443,927249.0,0.7043,0.8982936479332356,942973.0
2025-06-27,0.9462999999999999,0.8941990299219554,1397718.0,0.7356,0.8116354421598971,1200286.0
2025-06-30,0.8959999999999999,0.8928451748132281,752880.0,0.8723000000000001,0.8160992125511942,788132.0
2025-07-01,1.0349,0.9187980860745819,605583.0,1.008,0.8091076775661756,615847.0
2025-07-02,0.8819,0.9504635383835061,678180.0,1.1514,0.8378158225000591,689655.0
2025-07-03,1.0237,0.9777212212978101,707850.0,0.845,0.8817704606973944,791891.0
2025-07-04,0.7942,1.073354294669613,1666746.0,0.6552,0.9417723825215057,1600314.0
2025-07-07,1.0215,1.0342221315863265,683823.0,0.8007,0.8561764052264855,720883.0
2025-07-08,0.7442,1.0486392347562572,1105697.0,0.6244,0.8963023801895066,1254202.0
2025-07-09,0.8732,1.0706134386751245,978327.0,0.6917,0.8942880794701987,1051710.0
2025-07-10,0.8028,1.1738490493566354,1496798.0,0.7158,0.9595956640901672,1237266.0
2025-07-11,0.7469,1.2178256419540927,2804931.0,0.5988,1.0214561038162602,2420124.0
2025-07-14,0.861,1.1748187610377698,1004565.0,0.7986,1.0203977394427695,835153.0
2025-07-15,0.9934999999999999,1.0708412237623868,1661725.0,0.9357,0.9857375713121435,1793983.0
2025-07-16,1.0737,1.0211647589719752,1298905.0,1.1031,0.951166466711775,1612673.0
2025-07-17,0.892,1.0373418268815036,1113014.0,1.0804,0.9976692670993568,1445555.0
2025-07-18,0.7986,1.1239877916806167,1740726.0,0.7601,1.1133537571559184,1775290.0
2025-07-21,0.6148,1.1170057821269694,1194360.0,0.6872,1.1794213108194227,1243418.0
2025-07-22,0.6728000000000001,1.2032125508042604,1747417.0,0.627,1.254134308217669,1756620.0
2025-07-23,0.5898,1.039200007010564,2055628.0,0.6028,1.021698345580689,2037994.0
2025-07-24,0.8937999999999999,1.0857343709973053,987101.0,1.0156,1.0851589549889833,1179843.0
2025-07-25,0.8328,0.9680327687894942,880399.0,0.897,1.0194645940958385,708437.0
2025-07-28,0.9775,0.9747517076988177,827159.0,1.219,1.0517705885367479,849419.0
2025-07-29,0.9274,1.001741163272155,788691.0,0.9809,1.0591693951155345,791476.0
2025-07-30,0.851,1.0085239115123115,1724721.0,1.0232999999999999,1.0646530816799564,1387702.0
2025-07-31,0.9257,0.8757745051023406,1648187.0,1.0783,0.9167152280832614,1626495.0
2025-08-01,1.0966,0.8431470195022353,1257454.0,1.1522,0.8936151701092575,1173809.0
2025-08-04,1.0666,0.8578015026404773,782138.0,1.1215000000000002,0.9044250292840255,814516.0
2025-08-05,0.9821,0.9107701766152471,919091.0,1.0304,0.9363848466485754,875939.0
2025-08-06,0.9351,0.9398666876579348,702198.0,1.0767,0.94984242364472,680224.0
2025-08-07,0.8611,0.9554088727582127,921655.0,1.0326,0.955702635072358,919395.0
2025-08-08,0.9231999999999999,0.9521732867633746,688126.0,1.1138,0.9692947459769244,777955.0
2025-08-11,0.8843000000000001,0.941388473441732,907190.0,0.93,0.9756321958049599,1022520.0
2025-08-12,0.7879,1.018078224621542,1275205.0,0.8941,1.0123865869618422,1095975.0
2025-08-13,0.6838,1.0344967238960325,1553084.0,0.7852,1.078620806036535,1604023.0
2025-08-14,0.6837000000000001,1.1470009676307444,2296330.0,0.8054000000000001,1.1134447996586716,1995241.0
2025-08-15,0.6513,1.0565294206016842,1876202.0,0.8731,1.1769217582431037,1822013.0
2025-08-18,0.6422,1.0634072282616598,2021228.0,0.8140000000000001,1.222689952685778,2095064.0
2025-08-19,0.8009000000000001,0.9325281137348442,1755651.0,1.1048,1.1594601136988814,1562995.0
2025-08-20,0.8995000000000001,1.0084466828378253,1709339.0,1.2131999999999998,1.2190953537060052,1887385.0
2025-08-21,0.7268000000000001,1.056402061228975,1494304.0,0.715,1.2181346161188105,1507906.0
2025-08-22,0.6381,1.2013752922991559,2170889.0,0.7062,1.3301326856028686,1944670.0
2025-08-25,0.5917,1.1983219805714165,2315474.0,0.6647,1.3690192959635514,2243463.0
2025-08-26,0.7084999999999999,1.1488371626693938,1614626.0,0.6335999999999999,1.3309053937201583,1431348.0
2025-08-27,0.7304,0.901467224529146,1843290.0,0.7935,1.1221668942568788,1758105.0
2025-08-28,0.7998999999999999,0.9137850619192859,1592490.0,0.8989,1.1730863255524524,1772818.0
2025-08-29,0.6631999999999999,0.9541056123859553,1630799.0,0.8109999999999999,1.2373636619901556,1754751.0
2025-09-01,0.7983,0.9187143738717992,958332.0,0.9673999999999999,1.230152839579999,1071576.0
2025-09-02,0.8062999999999999,0.9060451377192755,1377006.0,1.0203,1.1423149007524511,1592831.0
2025-09-03,0.7573000000000001,0.8739763555757645,1693790.0,0.9616,1.0972351571594878,1566947.0
2025-09-04,0.9423,0.7852888408995659,1875365.0,1.1665,0.9660545482933457,1919738.0
2025-09-05,0.7988,0.8259029958862265,1383435.0,1.0499,1.1333988541841455,1720295.0
2025-09-08,0.8808,0.8087192778769698,944738.0,0.8742,1.0922540308936426,1150240.0
2025-09-09,0.9986,0.8057940983903112,1086656.0,1.0612000000000001,1.0595685097074867,1203364.0
2025-09-10,0.9865,0.8309755800982295,958881.0,1.0002,1.1030273479026282,1153617.0
2025-09-11,0.7433,0.9008184299630267,1603851.0,0.9362,1.264837100672045,1944896.0
2025-09-12,0.6654000000000001,0.8349871262366559,1115635.0,0.7597,1.132096478059724,1342242.0
2025-09-15,0.8338,0.8144073836541217,873366.0,0.9289000000000001,1.1563380068124078,1114340.0
2025-09-16,0.98,0.7815758623420583,965552.0,1.2362,1.0944605382043089,1293527.0
2025-09-17,0.8734000000000001,0.7666178367664702,1100753.0,1.0823,1.145089336996639,1532891.0
2025-09-18,0.7841,0.7073410094105252,2575603.0,1.1031,1.063848290068971,2641914.0
2025-09-19,1.1381999999999999,0.7182068193564108,1546791.0,1.5361000000000002,1.1014851974920885,1840299.0
2025-09-22,0.733,0.7006649378527543,1110368.0,0.8844,1.1008364431862052,996163.0
2025-09-23,0.8334,0.7127065110623666,1454290.0,1.0566,1.115490150729951,1773324.0
2025-09-24,0.7634000000000001,0.7763008303388351,1177164.0,0.8391,1.1221823520540775,1298053.0
2025-09-25,0.8545,0.7723258940575424,883833.0,0.8479000000000001,1.116777471212877,1061020.0
2025-09-26,0.9114,0.7625993379625171,788228.0,1.2264,1.0487544821567474,937283.0
2025-09-29,0.5877,0.7798957983611245,1473749.0,0.8729,1.036936966742761,1447153.0
2025-09-30,0.8059000000000001,0.7657613146978784,819467.0,1.0090999999999999,1.0243953057353692,956543.0
2025-10-09,0.8587,0.7944090489497473,1665598.0,0.9776,1.114847449179394,1612388.0
2025-10-10,0.8493999999999999,0.7082275735547195,1468546.0,1.1441,0.9153918060981052,1727267.0
2025-10-13,1.2029,0.6906121570873105,1542905.0,1.3087,0.8621780064448927,1767720.0
2025-10-14,1.0567,0.7028508093563842,1871259.0,1.6171,0.8250706870071582,2443234.0
2025-10-15,1.0941,0.7701350732725797,1567373.0,1.4850999999999999,0.9336500891330447,2069336.0
2025-10-16,0.9490999999999999,0.8459664239009602,1591464.0,1.2183,0.9869339174968513,1669117.0
2025-10-17,1.0735999999999999,0.7645718554697639,1740158.0,1.4304,0.8700163975462746,1954205.0
2025-10-20,0.9868000000000001,0.7671835310619589,1121657.0,1.2431999999999999,0.907210350946548,1478572.0
2025-10-21,1.0327,0.8331350022798804,1249541.0,0.9811,1.0226273299561512,1435435.0
2025-10-22,1.1313,1.0055564142823439,1068860.0,1.0935,1.1193841516903213,1274494.0
2025-10-23,0.8244,0.9896665934709413,900559.0,0.9753000000000001,1.0857636629798308,929934.0
2025-10-24,0.7172,0.9836494774303358,842646.0,0.9858,1.1281481023044657,801213.0
2025-10-27,0.6307,0.9975759427596568,872921.0,0.8197,1.1819898819561552,1011182.0
2025-10-28,0.9301999999999999,0.9723227471154314,762848.0,0.9934999999999999,1.14818405078895,856760.0
2025-10-29,0.9307,0.9711706930287878,595148.0,0.8538,1.21309893797548,748061.0
2025-10-30,0.7809999999999999,0.9458022239386026,873357.0,0.9326000000000001,1.1532507372476695,1160842.0
2025-10-31,1.1412,0.890008061851942,1059956.0,1.1123,1.0344583046598108,1162160.0
2025-11-03,1.0159,0.8767589455861104,916968.0,1.0369,1.0077531025574706,925080.0
2025-11-04,1.0849,0.8606567204442079,934286.0,1.0783,0.9754654004155255,1058495.0
2025-11-05,1.1307,0.8740695618583505,861452.0,1.3394,1.0008841410482179,1254280.0
2025-11-06,1.024,0.9437932102910807,1016162.0,1.0069,1.121189002853833,1139248.0
2025-11-07,1.2196,0.9344040626206124,593363.0,1.1783,1.1247578128980167,779517.0
2025-11-10,0.9723,0.9514555914634227,741629.0,1.1004,1.1072935041030754,900632.0
2025-11-11,0.9652,0.9057270877008862,747463.0,1.1345999999999998,1.0447688867158682,958048.0
2025-11-12,0.9792000000000001,0.9499840210842779,915593.0,1.1286,1.0571864769488173,1125483.0
2025-11-13,0.9765999999999999,1.02938792364045,840498.0,0.9426000000000001,1.134127636097984,922574.0
2025-11-14,1.0447,0.9517984087689803,786169.0,1.1084,1.0432853207107593,1040874.0
2025-11-17,1.1062,0.8788120483044419,1192923.0,1.0747,0.9644524103933675,1225810.0
2025-11-18,1.0601,0.836362459038003,1013555.0,1.2429999999999999,0.9121744913794574,1279519.0
2025-11-19,1.057,0.8910967710033131,1016799.0,1.1384,0.9561396240306339,1235841.0
2025-11-20,0.9394,0.8727728523235732,978517.0,0.9411,0.9128372058515698,1167654.0
2025-11-21,1.0219,0.7538018152723313,1667750.0,1.2412,0.8042149278594719,2200796.0
2025-11-24,1.0194,0.7366196397183963,1012711.0,1.0946,0.7670361090748622,1325140.0
2025-11-25,0.8817,0.7810267498341203,927959.0,1.1505,0.8388798463533109,1367898.0
2025-11-26,0.8994,1.0007894516500735,692109.0,1.1374,1.0817879463757951,1048692.0
2025-11-27,0.9273,0.9825467233481914,624995.0,1.0301,1.0736226727057183,822952.0
2025-11-28,1.0226,0.9843846945743313,490610.0,1.1815,1.0861176035073457,662476.0
2025-12-01,1.0401,1.0334662484333756,596553.0,1.1173,1.155954079824027,693216.0
2025-12-02,1.0823,0.993598529971274,431252.0,1.0847,1.1028157531669385,560639.0
2025-12-03,1.2475,0.9681706918033199,551508.0,1.2233,1.0753740282391744,754809.0
2025-12-04,0.93,0.975839556007172,511637.0,1.0627,1.077754896970258,720080.0
2025-12-05,0.8345999999999999,1.0661294333054545,891188.0,0.9706999999999999,1.1279139707763832,1041424.0
2025-12-08,0.7866,1.076727913383098,939044.0,0.7752,1.1550379173293555,1093303.0
2025-12-09,0.7926000000000001,1.0044551679047964,575414.0,0.8994,1.098631556295877,804633.0
2025-12-10,0.8515,0.9544049135695952,765896.0,1.1776,1.061863300563168,1123545.0
2025-12-11,1.077,0.9260304793820066,719631.0,1.0443,1.0061838814866655,955436.0
2025-12-12,1.0847,0.9629720802737382,873217.0,1.025,1.0700118707211277,1270797.0
2025-12-15,1.0924,0.9995308084934156,852165.0,0.9851000000000001,1.0444785865749462,975795.0
2025-12-16,1.3363999999999998,0.8703423026738246,1306123.0,1.2826,0.9211908506172256,1646425.0
2025-12-17,0.8818,0.9810162773222203,1369734.0,1.1374,1.0772840903371246,1756108.0
2025-12-18,1.2092,0.9833583923579032,905001.0,0.9018999999999999,1.007479749341525,1166563.0
2025-12-19,0.8332999999999999,1.005182378696624,878670.0,0.8188,1.0397571293338066,1221136.0
2025-12-22,0.7925,0.9748770347447606,728451.0,0.8941,1.028228286918966,1018821.0
2025-12-23,0.9201,1.022869251854966,880790.0,0.9220999999999999,1.09796827478603,1015918.0
2025-12-24,0.7553,0.9086094883274851,788172.0,0.8303,0.9333699049067101,894748.0
2025-12-25,1.1271,0.9689274345617673,553037.0,0.7481,0.9252361466224981,683489.0
2025-12-26,0.8756,0.9769274278442032,904572.0,0.6718000000000001,0.9644635338664557,1151717.0
2025-12-29,0.9581999999999999,0.9395817347211728,621145.0,0.8878,0.9237667998414989,780120.0
2025-12-30,0.9732,0.940130297006318,581524.0,0.8395,0.9447386561923296,696120.0
2025-12-31,0.9656999999999999,0.8958212736526361,600067.0,1.0423,0.8742978385376816,788991.0
2026-01-05,0.9101,1.0904234178997465,1145636.0,1.0179,1.0214813412983785,1190105.0
2026-01-06,0.5887,1.0876406934240528,1484396.0,0.7841,1.1103738561531014,1525605.0
2026-01-07,0.7292000000000001,1.0195677531815621,1068261.0,0.6903,1.0479348314834662,1101065.0
2026-01-08,0.799,0.963880392852463,794924.0,0.9104000000000001,0.9951009232080446,921420.0
2026-01-09,0.6434000000000001,0.9830766858811387,1018508.0,0.8612000000000001,1.0436014395257003,1305791.0
2026-01-12,0.5899,0.9904590583066053,1101712.0,0.741,0.9950935041660848,1611252.0
2026-01-13,0.5698,0.9767199013575141,1324634.0,0.6799,0.9567539755186509,1684938.0
2026-01-14,0.7663,0.9260636920444054,1557419.0,0.8349,0.9213066298342542,2044713.0
2026-01-15,0.8737,0.8719366475180831,951261.0,0.8218000000000001,0.9127486351961068,1253218.0
2026-01-16,0.8046,0.7958767782373006,1199636.0,0.8675,0.8655947320053156,1463845.0
2026-01-19,1.1751,0.7756372434053794,1065915.0,1.0656,0.9026839824584483,1320954.0
2026-01-20,0.8623000000000001,0.7724518000507882,887672.0,1.0354,0.9069827646025824,1544235.0
2026-01-21,0.7564,0.7623413030676928,945085.0,0.8924,0.902263423688459,1322882.0
2026-01-22,0.8215,0.7191557286664533,936869.0,1.0356,0.8731519055232853,1213477.0
2026-01-23,0.9754,0.6674694163670488,1246379.0,1.0334,0.8619977881605349,1393161.0
2026-01-26,0.7623000000000001,0.7041503995719314,1686836.0,0.8701000000000001,0.9031599335560957,1869236.0
2026-01-27,0.7609,0.7171832206525302,1161663.0,0.8943000000000001,0.8795273509758768,1373955.0
2026-01-28,0.8652,0.7387804777083247,1045394.0,0.9139,0.888535404954532,1397531.0
2026-01-29,0.6928,0.8399835241782684,1299591.0,0.7709,0.8952678430549534,1287780.0
2026-01-30,0.8874,0.7446387693159223,1111008.0,0.9376000000000001,0.8235205831903946,1366415.0
2026-02-02,1.0447,0.6733788286350767,1369598.0,0.9986,0.6903224427764949,1651823.0
2026-02-03,0.9831,0.6838011950506981,1056220.0,0.8987999999999999,0.7763164323570935,1241964.0
2026-02-04,0.8673000000000001,0.7445956553450428,834904.0,0.8911,0.8313281821729208,976954.0
2026-02-05,0.9608,0.7358621445470896,799237.0,0.9676,0.7749226166365714,1025302.0
2026-02-06,0.963,0.7183838257776668,793342.0,0.9489,0.7952446821395106,1024843.0
2026-02-09,1.0772,0.7744697066929889,823591.0,0.892,0.853118017220393,879788.0
2026-02-10,1.0099,0.7957454523805658,524025.0,1.2015,0.8632348850305658,744430.0
2026-02-11,1.1409,0.7818230991319041,568288.0,1.4491,0.8368104575163399,626155.0
2026-02-12,0.9097,0.7493326029099739,483438.0,1.0171,0.8202572338254913,529447.0
2026-02-13,0.9148000000000001,0.7045603179730022,1135520.0,0.9712000000000001,0.7628682256207676,1202113.0
2026-02-24,0.7354,0.6988279150818868,775761.0,0.7662,0.7644614196949201,1045960.0
2026-02-25,0.7422,0.7875292675946503,837423.0,0.8016,0.8146245638009713,1109588.0
2026-02-26,0.8702,0.7785950564337838,646530.0,0.7658,0.7885391444713479,692365.0
2026-02-27,0.8404,0.7948027264385896,421453.0,0.7746,0.8270198598434914,687694.0
2026-03-02,1.0216,0.8242789757850214,900759.0,0.9942,0.8743005963883719,1174279.0
2026-03-03,1.2137,0.802846603079842,1223351.0,1.1941,0.7842152075606267,1518733.0
2026-03-04,1.1395,0.7796293135815954,1227792.0,1.1204,0.775088409365169,1366951.0
2026-03-05,0.9404,0.7640356646639255,670926.0,0.8835999999999999,0.8130108565217918,998664.0
2026-03-06,0.7334,0.7691258886290807,563391.0,0.8781,0.8480100002834854,841976.0
2026-03-09,0.9894,0.7413384274220395,1115879.0,1.0458,0.8531291963134203,1450755.0
2026-03-10,0.8591,0.7496690966848578,552326.0,1.2195,0.9001340664839229,927430.0
2026-03-11,0.7062999999999999,0.7649927640734352,491588.0,0.8229000000000001,0.9184003068023151,839408.0
2026-03-12,0.9759,0.7406558369586977,683511.0,1.2092,0.8218485621407926,1041270.0
2026-03-13,0.9375,0.7476833979173914,645748.0,0.9934999999999999,0.8252080133624992,1127302.0
2026-03-16,0.9458,0.7333188228206272,886952.0,0.9174,0.8064042881548613,1116579.0
2026-03-17,0.7332,0.7451722916386375,1196985.0,0.8623000000000001,0.7876196875733589,1314157.0
2026-03-18,0.7414000000000001,0.7222406317033278,900064.0,0.8719,0.792242856634654,1213056.0
2026-03-19,1.006,0.6754332508721016,1215503.0,0.9882,0.7200057208237987,1386672.0
2026-03-20,0.6740999999999999,0.6486479121533313,1148955.0,0.8161,0.7271791049832311,1526568.0
2026-03-23,0.8425,0.5418820177131732,2183594.0,0.9756,0.5804526854657832,2263667.0
2026-03-24,0.7070000000000001,0.5452515481454019,1537387.0,0.9329999999999999,0.6143528423791317,1623749.0
2026-03-25,0.6470999999999999,0.7222664038630177,1131114.0,0.8129000000000001,0.7246033414878904,1211910.0
2026-03-26,0.542,0.7079992837075766,1133727.0,0.7672,0.6725584112331028,897122.0
2026-03-27,0.8259000000000001,0.7155230351543043,706893.0,1.0276,0.6967448334939501,818186.0
2026-03-30,0.764,0.7248734347318133,807417.0,0.8556999999999999,0.6787415824487236,885906.0
2026-03-31,0.8545999999999999,0.7220879709857735,836999.0,0.9521,0.6540137972749892,895435.0
2026-04-01,0.6031,0.7693067108667755,931644.0,0.7855,0.7049677893553548,766772.0
2026-04-02,1.0956000000000001,0.7429101117643943,687941.0,0.9808,0.6726392110805905,789758.0
2026-04-03,0.7408,0.7139355150495349,704659.0,1.0319,0.666800741793872,857833.0
2026-04-07,0.8573000000000001,0.7044369254106116,589358.0,0.8786,0.6796791163236123,674481.0
2026-04-08,0.7262000000000001,0.791291330011686,1263535.0,0.7286,0.797881441773899,1537101.0
2026-04-09,0.7099,0.7717557012780887,571349.0,0.7401000000000001,0.7680564724132375,757778.0
2026-04-10,0.657,0.7936924656492761,860028.0,0.6516,0.8346950516121532,1313118.0
2026-04-13,0.6881,0.7931725074837329,477452.0,0.7620999999999999,0.8339239826244312,722503.0
2026-04-14,0.5861999999999999,0.830347476675177,814214.0,0.6612,0.893547311632418,1176005.0
2026-04-15,0.597,0.8524872358723696,995703.0,0.6812,0.8768962284818399,1184202.0
2026-04-16,0.65,0.8566809615930951,800835.0,0.8092,0.97370826521569,1006607.0
2026-04-17,0.7149,0.7693276880397616,894972.0,0.7929,0.9699938657871694,962631.0
2026-04-20,0.7495999999999999,0.8054527447540325,785246.0,0.6443000000000001,1.0078415586243235,998179.0
2026-04-21,0.6003000000000001,0.7913903149090245,687501.0,0.637,1.0049368553163118,852747.0
2026-04-22,0.5846,0.7337772720492067,814720.0,0.5871999999999999,0.8506144757529825,1074978.0
2026-04-23,0.782,0.746843550157219,636136.0,0.8545,0.8180459111161087,857034.0
2026-04-24,0.8088,0.7719804119439058,598817.0,0.8966,0.799186385993214,696956.0
2026-04-27,0.7021,0.7459424931491826,466119.0,0.8345,0.7995635879070542,544844.0
2026-04-28,0.7373999999999999,0.7482760445142062,472128.0,0.8993000000000001,0.7848660894894409,535996.0
2026-04-29,0.8058,0.7482242762965176,532556.0,0.9098999999999999,0.8279653272037443,787578.0
2026-04-30,0.7717,0.7276272575207663,710387.0,0.865,0.835800075619233,636804.0
2026-05-06,0.6903,0.7697209883398112,1220038.0,0.8682,0.924504280744463,1203765.0
2026-05-07,0.519,0.7516234526205969,634072.0,0.7554000000000001,0.9309572841334139,618615.0
2026-05-08,0.7062,0.688344024931198,730614.0,0.7779,0.8868210929699432,730720.0
2026-05-11,0.5429999999999999,0.7552076292693378,1132735.0,0.7464,0.9511483490024141,1348203.0
2026-05-12,0.5777,0.7479195054251829,617685.0,0.8054000000000001,0.9355822436551362,758632.0
2026-05-13,0.6129,0.7218909178336307,848757.0,1.0476999999999999,0.9512924385721631,1026727.0
2026-05-14,0.8922,0.6670521370386815,1077094.0,1.0864,0.928579153084398,1371528.0
2026-05-15,0.9339,0.6104160899189588,1518207.0,1.2001,0.8742571869006013,1943838.0
2026-05-18,0.9815999999999999,0.6109794528799071,1102051.0,1.3354,0.8448987455159331,1346805.0
2026-05-19,0.6812,0.6135604017159522,1138628.0,1.0006,0.8516015868882935,1605676.0
2026-05-20,0.8223,0.6246125399427935,930434.0,1.1516,0.8564801683389246,1279471.0
2026-05-21,0.7502,0.5964380007874692,1369297.0,0.8717,0.7902591991996618,1965344.0
2026-05-22,0.7199,0.5726907692739686,900326.0,0.9447,0.8293917752304116,1255372.0
2026-05-25,0.6870999999999999,0.5996883850643725,928938.0,0.8044,0.8734895359417653,1146344.0
2026-05-26,0.7424,0.6175095451805211,849644.0,0.7204,0.8974716164234362,1143673.0
2026-05-27,0.7988,0.6038648021923969,1296819.0,0.8426,0.7664734727037966,1307502.0
2026-05-28,0.7349,0.6153721224312872,1001164.0,0.7631999999999999,0.7883963487433174,1087622.0
