ma_window,val_window,q_threshold,val_coeff,is_cagr,is_mdd,is_sharpe,is_vol
200,1000,0.1,0.4,0.02464581030919999,-0.1683884549259257,0.3405907625600566,0.08447560263458859
200,1000,0.1,0.5,0.027949978640565254,-0.2256119311116029,0.32781922159422483,0.10332492158898274
200,1000,0.1,0.6,0.017550232079994954,-0.27174043983530266,0.20966461495029243,0.12080376568100293
200,1000,0.1,0.7,0.013896974395272155,-0.3039144171191041,0.17380675850065933,0.13436957249274498
200,1000,0.1,0.8,0.0019257196416575528,-0.33588161146997036,0.08685731810534175,0.14534234149854755
200,1000,0.12,0.4,0.0213655895204663,-0.18240566542161707,0.2989437004188774,0.08542574704429405
200,1000,0.12,0.5,0.024250339617993832,-0.24268083221359213,0.28902879560465766,0.10485047803926498
200,1000,0.12,0.6,0.014597896386177034,-0.2809760714937194,0.18387475535533446,0.12260249044115806
200,1000,0.12,0.7,0.012000021777812675,-0.30006010734848176,0.1592103469211442,0.13532765571562763
200,1000,0.12,0.8,0.00010334613462670283,-0.3302489026153468,0.07437941201912102,0.14631933887538376
200,1000,0.15,0.4,0.027205515180374507,-0.17794041456873697,0.3619744172774725,0.08728752972680145
200,1000,0.15,0.5,0.03217807850542931,-0.23072696935422593,0.35939739667907017,0.10720812055518751
200,1000,0.15,0.6,0.021502254441425395,-0.27269591523945874,0.23910042459516637,0.12470037938792762
200,1000,0.15,0.7,0.013388943814768517,-0.2981821375824328,0.16924057070729337,0.13713281574502614
200,1000,0.15,0.8,-0.0002827131481795142,-0.3355967153336409,0.07226252108748218,0.1475312538091237
200,1000,0.18,0.4,0.02654470456926039,-0.19139488876240837,0.35058627865207875,0.08853761757553995
200,1000,0.18,0.5,0.029871655069045433,-0.24102791968193765,0.33418604970558746,0.10892384252803737
200,1000,0.18,0.6,0.02012108405445301,-0.2766951875455526,0.22621385445695646,0.12675177155249412
200,1000,0.18,0.7,0.016086969416344576,-0.28860137727283075,0.1889818005582721,0.137941041976918
200,1000,0.18,0.8,0.0005544891112898576,-0.32937474053945204,0.07842481752494539,0.1481662541692943
200,1000,0.2,0.4,0.02691694671017686,-0.19139488876240837,0.35389804922881996,0.08884631356544233
200,1000,0.2,0.5,0.029764951927094385,-0.24102791968193765,0.33249065325243343,0.10927078260176966
200,1000,0.2,0.6,0.02018583485619385,-0.2766951875455526,0.22639898370801315,0.12717540265935287
200,1000,0.2,0.7,0.01637831743144602,-0.28860137727283075,0.19102497209379632,0.1382152813233379
200,1000,0.2,0.8,0.0013496143632263369,-0.32937474053945204,0.08406733637315579,0.14839340812678137
200,1100,0.1,0.4,0.018316314722562677,-0.15828878006248043,0.27329091151039964,0.08072409406116264
200,1100,0.1,0.5,0.02448652946829033,-0.203225250020574,0.2991189724322709,0.10073752357913805
200,1100,0.1,0.6,0.017122252611981192,-0.24737659981920845,0.20736514296312603,0.11913786208006288
200,1100,0.1,0.7,0.00964551462774299,-0.29138383835822607,0.14156305627626303,0.1341643021461777
200,1100,0.1,0.8,0.0034663282985532007,-0.32846582598414714,0.09839481691974494,0.14692641432551096
200,1100,0.12,0.4,0.02003159163469137,-0.15476980327499734,0.2915902283264763,0.08197289546294047
200,1100,0.12,0.5,0.025052036167415803,-0.21535653594079587,0.30088828340794893,0.10270297586630656
200,1100,0.12,0.6,0.019276613569632062,-0.2554220255047514,0.22384510655973955,0.12130906681828087
200,1100,0.12,0.7,0.008493797381036394,-0.2987856954418377,0.1327840687930328,0.13518931385928387
200,1100,0.12,0.8,0.0005535157833087556,-0.34301599035597014,0.07839427545808746,0.1478565284528367
200,1100,0.15,0.4,0.025739379469893908,-0.16209956871587733,0.35692763052995796,0.08348443397846604
200,1100,0.15,0.5,0.031335535140697424,-0.22023982380051785,0.354412344423077,0.10598947804837629
200,1100,0.15,0.6,0.02077010785825184,-0.25784823600391926,0.23433280368864515,0.12344357844939598
200,1100,0.15,0.7,0.010064877547714346,-0.2989085015092189,0.14457800675839858,0.1366360486839667
200,1100,0.15,0.8,0.0011846168909805943,-0.34057375330389716,0.08327562278444516,0.14894740895948938
200,1100,0.18,0.4,0.027895222592528413,-0.15927335826358804,0.37406990545715785,0.08604503724193392
200,1100,0.18,0.5,0.03451893489793578,-0.21886250461620288,0.37835494486030546,0.10838485587591244
200,1100,0.18,0.6,0.02414927380165177,-0.2470018445995978,0.2599328000258145,0.12533728638465805
200,1100,0.18,0.7,0.013040074114506917,-0.29084833394682097,0.16658327697982783,0.13784418014561464
200,1100,0.18,0.8,0.0037560798891584923,-0.32795405255392895,0.10132092956644285,0.14967998591752943
200,1100,0.2,0.4,0.026895731509003706,-0.17809898780055497,0.3613650417911206,0.086368120683301
200,1100,0.2,0.5,0.0308847248508195,-0.23482261114637196,0.34096075360679223,0.11018976130444127
200,1100,0.2,0.6,0.022549244179391303,-0.2593370560357109,0.2446132119978545,0.12794841704394042
200,1100,0.2,0.7,0.014625759042048658,-0.29314290500289925,0.1777437800653321,0.13995786843077773
200,1100,0.2,0.8,0.006762650394295244,-0.32400678719977516,0.12221087935031173,0.15081492226628399
200,1210,0.1,0.4,0.02601949152396199,-0.1372071909633485,0.37249273462445687,0.08001905991577138
200,1210,0.1,0.5,0.019109728727284114,-0.19176622846031943,0.2454028422145504,0.10061073646059829
200,1210,0.1,0.6,0.016636219192353474,-0.24182238490194793,0.20314119508936596,0.11938450903178006
200,1210,0.1,0.7,0.010518191676731403,-0.2791371576801703,0.14808740604495785,0.13696943801348793
200,1210,0.1,0.8,0.0052157502289797986,-0.30678740711523333,0.11078196793592511,0.1468616925743346
200,1210,0.12,0.4,0.028494626432818304,-0.13885913569956673,0.4001098898784172,0.08090137183975171
200,1210,0.12,0.5,0.02297659118553863,-0.19105862748055383,0.28159570819893565,0.1021342999229302
200,1210,0.12,0.6,0.0209030348201944,-0.2419303668581561,0.23813990805682597,0.1206723132306942
200,1210,0.12,0.7,0.011640216197011721,-0.28357899976906237,0.1563550890168056,0.13767090895580875
200,1210,0.12,0.8,0.003410420306159345,-0.3148956881437562,0.09833137325787257,0.14750835841178506
200,1210,0.15,0.4,0.0318529228049671,-0.15041712435041962,0.43546429306129136,0.08234933381014958
200,1210,0.15,0.5,0.027119262530284516,-0.1881918394570733,0.3190069391823761,0.10379714729829131
200,1210,0.15,0.6,0.02454107234012315,-0.24593830951241336,0.26489088747216044,0.12383958418405656
200,1210,0.15,0.7,0.012518557944587672,-0.2883674369933638,0.16251417051641537,0.13977929585966167
200,1210,0.15,0.8,0.002902134560122338,-0.33575297013252126,0.09571773286805915,0.15001731466598073
200,1210,0.18,0.4,0.03675950509863002,-0.15041712435041962,0.4855522210627278,0.08429528061085545
200,1210,0.18,0.5,0.03261534449005654,-0.1881918394570733,0.3666395414400264,0.10599696472486414
200,1210,0.18,0.6,0.03046469571412347,-0.24593830951241336,0.30984958080234315,0.12597668002167578
200,1210,0.18,0.7,0.02031003544478649,-0.2883674369933638,0.21828329343267472,0.1414854207992951
200,1210,0.18,0.8,0.006950581374524312,-0.33575297013252126,0.12364755113037082,0.15088174694196488
200,1210,0.2,0.4,0.035108179607410195,-0.1594903634892408,0.46390274983315904,0.08475891017738979
200,1210,0.2,0.5,0.031002757934538883,-0.19273076381125934,0.347789790531391,0.1075851135946143
200,1210,0.2,0.6,0.02941470042636407,-0.2456765021450312,0.29916578538463373,0.1276801620991206
200,1210,0.2,0.7,0.02207203248797618,-0.2855517306363978,0.23012708680063695,0.14275767570619485
200,1210,0.2,0.8,0.009990812552242323,-0.32918274637878125,0.1443795897008754,0.15199218128874212
200,1300,0.1,0.4,0.024598955765494424,-0.1387016041934569,0.34839478392667167,0.08186660393243364
200,1300,0.1,0.5,0.01305954440920809,-0.18892071191982707,0.1834190846103691,0.10154472581813526
200,1300,0.1,0.6,0.015213367130880728,-0.2405547823233098,0.19055790361143557,0.12012509483371096
200,1300,0.1,0.7,0.00894395577419016,-0.28011822240652506,0.13629735989489292,0.13802149665845156
200,1300,0.1,0.8,0.00252706025854188,-0.3094212590731482,0.09282684359023825,0.1492538501716694
200,1300,0.12,0.4,0.03297772276152222,-0.13465231848570003,0.4489981916290145,0.08237934292360018
200,1300,0.12,0.5,0.024406962989016456,-0.18619853709038195,0.295341368310292,0.10234529511293795
200,1300,0.12,0.6,0.024252204473018457,-0.23214116405638655,0.2644799179001773,0.12213042967949216
200,1300,0.12,0.7,0.015759292246792844,-0.2733986995365864,0.1863383761728328,0.13915237513513923
200,1300,0.12,0.8,0.0064398586793861234,-0.3147518407336277,0.12015515580142867,0.15095198117482692
200,1300,0.15,0.4,0.03457328902115675,-0.13662846184991143,0.46941284852941606,0.08216363434685404
200,1300,0.15,0.5,0.02896851161998404,-0.19043943391036763,0.3375472003216996,0.103519911724441
200,1300,0.15,0.6,0.029457999071507146,-0.23637284612621165,0.3051293642481949,0.12365682549191614
200,1300,0.15,0.7,0.01829035432127002,-0.2768617910807212,0.20408676640617768,0.14077682585140436
200,1300,0.15,0.8,0.009065589224116044,-0.30359451184903147,0.13805527269536938,0.15149323194118466
200,1300,0.18,0.4,0.03614946375398609,-0.1474802429403565,0.47140631346315626,0.08580402994087243
200,1300,0.18,0.5,0.031454195382771166,-0.18540666720727178,0.35494597899245217,0.1063048223922076
200,1300,0.18,0.6,0.03093856988563859,-0.24117301257004994,0.31158571678525604,0.12737296617055532
200,1300,0.18,0.7,0.021146466903931405,-0.2877475039332083,0.22286354179401938,0.14398789982345234
200,1300,0.18,0.8,0.010039989645490133,-0.32283396244439033,0.1448339297851215,0.15424461744506854
200,1300,0.2,0.4,0.03864611857769251,-0.1474802429403565,0.49495893175008404,0.08695139245707088
200,1300,0.2,0.5,0.03419105037000403,-0.18540666720727178,0.3775579814430359,0.10755114162565745
200,1300,0.2,0.6,0.033166693425144,-0.24117301257004994,0.32698236145285026,0.1287401713715009
200,1300,0.2,0.7,0.021624712003902813,-0.2877475039332083,0.22588336408024548,0.1446016106516205
200,1300,0.2,0.8,0.010714360154834734,-0.32283396244439033,0.14932670579951413,0.15469792352353784
200,1400,0.1,0.4,0.023338189868874926,-0.13212046712655137,0.3353742682897235,0.08105445380512756
200,1400,0.1,0.5,0.016677474335810016,-0.17913677848367354,0.2185833201807704,0.10253697721076079
200,1400,0.1,0.6,0.01369775620621616,-0.22357298958200808,0.17765940164193958,0.12026637951915821
200,1400,0.1,0.7,0.01031776354668601,-0.27851321021533243,0.14648885714309492,0.1387622268983224
200,1400,0.1,0.8,0.005162918927665405,-0.31411465938004496,0.11100710875736164,0.1491496338660113
200,1400,0.12,0.4,0.027575641492798342,-0.143462118890643,0.38214779662705795,0.08266028481626043
200,1400,0.12,0.5,0.02289345667055609,-0.18455661663185313,0.28060256747659673,0.10222712486730406
200,1400,0.12,0.6,0.01579920348124708,-0.23451501031142266,0.19469927754372907,0.12151184732500495
200,1400,0.12,0.7,0.014606742444514431,-0.2809524742609533,0.177751323014984,0.1397487600919702
200,1400,0.12,0.8,0.006483765154007948,-0.3186347658576075,0.12085676333257254,0.15285997882101313
200,1400,0.15,0.4,0.03270894496059684,-0.1429380905886107,0.43944433330515215,0.08383678921693147
200,1400,0.15,0.5,0.030594089823253512,-0.18223985977079182,0.35093395524061805,0.10452168225875001
200,1400,0.15,0.6,0.022699782579715055,-0.22883243269941927,0.25006431988658606,0.12366875157125284
200,1400,0.15,0.7,0.021589363271002693,-0.2655015937553446,0.22766444820610435,0.1411060992412033
200,1400,0.15,0.8,0.012880369549367776,-0.3032904435690247,0.16368365198858906,0.15346321275151478
200,1400,0.18,0.4,0.04095970708216634,-0.1326342278996555,0.5279745055489945,0.08565947983245122
200,1400,0.18,0.5,0.03170935912989248,-0.18385206785182148,0.35299325772652596,0.10819483676358471
200,1400,0.18,0.6,0.02343979677346031,-0.23552213511928172,0.251385702571319,0.12836662724143877
200,1400,0.18,0.7,0.023732407410547163,-0.27126723575220063,0.24127128515165794,0.14364837147827272
200,1400,0.18,0.8,0.015878689826602344,-0.309380221203991,0.18328020275367318,0.15526698595116867
200,1400,0.2,0.4,0.04186261812527703,-0.1361339603292372,0.5321249975612707,0.08687378688817714
200,1400,0.2,0.5,0.034720656932657024,-0.18385206785182176,0.376486101500155,0.10996435483058477
200,1400,0.2,0.6,0.024742362034850807,-0.23204599959336536,0.2599220842344961,0.13004757479458176
200,1400,0.2,0.7,0.022399309744385087,-0.271820252128731,0.2310149208868618,0.14509774401178896
200,1400,0.2,0.8,0.012440698947986384,-0.31378888659321674,0.16066581094764884,0.15645808844092596
220,1000,0.1,0.4,0.02513119268623476,-0.17788893549761114,0.3454231329672104,0.08478813197122344
220,1000,0.1,0.5,0.026447966309120163,-0.22312712891716252,0.31199266041380175,0.10392518385392784
220,1000,0.1,0.6,0.0177861205944001,-0.2677471035621898,0.21151692726597543,0.12099051174950105
220,1000,0.1,0.7,0.012093600643891644,-0.2995748646085873,0.15978597576769532,0.13631619527854
220,1000,0.1,0.8,0.004123021851726749,-0.3241300944191954,0.10287665138362617,0.1466304643119979
220,1000,0.12,0.4,0.021712952964453525,-0.19220374147581804,0.30225063631439675,0.08574446066246315
220,1000,0.12,0.5,0.022662231129658927,-0.24025079951343917,0.27279632137677434,0.10544242823346837
220,1000,0.12,0.6,0.014723576429519492,-0.2770333778553548,0.18483357419806606,0.12278724990670706
220,1000,0.12,0.7,0.010145053910559199,-0.29523471271729046,0.14509950148979464,0.13724620848193106
220,1000,0.12,0.8,0.002149051157668058,-0.31840048756490896,0.08937402666431457,0.14759751461053258
220,1000,0.15,0.4,0.029027500429711806,-0.18055981731732143,0.38234994199797506,0.08747173464333044
220,1000,0.15,0.5,0.032220085636576856,-0.2309228579786333,0.35695280394291456,0.10843862355153118
220,1000,0.15,0.6,0.023758058397321813,-0.2694820448846038,0.2565872548657619,0.12547685824615226
220,1000,0.15,0.7,0.013032462321874938,-0.28999830334469656,0.16629524639244325,0.13870169668348126
220,1000,0.15,0.8,0.0038870793914600466,-0.31185900118004656,0.10181294231556137,0.14858634398881299
220,1000,0.18,0.4,0.028647633590040966,-0.19139488876240837,0.3752987100772265,0.0882872417244589
220,1000,0.18,0.5,0.028869058699336758,-0.24102791968193701,0.3236354848570078,0.10959385985651438
220,1000,0.18,0.6,0.020951713370914282,-0.2772988680465972,0.2325010483597586,0.12718326967356663
220,1000,0.18,0.7,0.013536761733948355,-0.29027059861006915,0.16979430755251282,0.13961211815321642
220,1000,0.18,0.8,0.001289388099887212,-0.3250850282267386,0.08404495905195022,0.14922183185572757
220,1000,0.2,0.4,0.029078984774151495,-0.19139488876240837,0.379158692562312,0.0886069886767509
220,1000,0.2,0.5,0.028833269411165707,-0.24102791968193701,0.3226125819123562,0.1099515712131736
220,1000,0.2,0.6,0.02109834661278165,-0.2772988680465972,0.23330364555799438,0.1276214485743431
220,1000,0.2,0.7,0.01383715540889452,-0.29027059861006915,0.17192294382242707,0.1398957308846439
220,1000,0.2,0.8,0.0017697827094274032,-0.3250850282267386,0.08745668545624281,0.14943538538735146
220,1100,0.1,0.4,0.019294184532153924,-0.15453502066657795,0.2872908268731932,0.08005507780492042
220,1100,0.1,0.5,0.02070726204871054,-0.20486189450320486,0.26116310171092944,0.10075664263680802
220,1100,0.1,0.6,0.015057094558577955,-0.24653751432831109,0.18963222062047652,0.11933110939711197
220,1100,0.1,0.7,0.010353955611166032,-0.28134983925275403,0.14687832019361977,0.13562449434703103
220,1100,0.1,0.8,0.004601907002310002,-0.3093616422552339,0.10668447864442485,0.14787867761591691
220,1100,0.12,0.4,0.020525968454497168,-0.16182480719767253,0.2967856559498124,0.08232087467727202
220,1100,0.12,0.5,0.02209623505482039,-0.21449336615787262,0.27057776495033736,0.10346775783565784
220,1100,0.12,0.6,0.017720985764360764,-0.2546416280784138,0.21075629235550536,0.1214235121522734
220,1100,0.12,0.7,0.009083018646889318,-0.28886744596950154,0.13727745278425213,0.1366046293305649
220,1100,0.12,0.8,0.0025931026461345486,-0.3192152386890082,0.0929503755548863,0.14854894135248367
220,1100,0.15,0.4,0.02673366105812547,-0.1685192920604405,0.3674110517328369,0.08392998116343219
220,1100,0.15,0.5,0.02980698420237049,-0.21896534443163518,0.338414072377371,0.10669374974253391
220,1100,0.15,0.6,0.020507465243440937,-0.25786991000010373,0.23159364519899928,0.1241242755584212
220,1100,0.15,0.7,0.01100420525338408,-0.2882530076990462,0.15152847602564648,0.13784084949667882
220,1100,0.15,0.8,0.0031505185643176947,-0.31737559550376765,0.09714770567629415,0.1495161129015354
220,1100,0.18,0.4,0.02901679077904129,-0.16821971196799482,0.3862924281315623,0.08629714390789338
220,1100,0.18,0.5,0.03301926904255259,-0.21445067709293197,0.36311956347007396,0.10898427258934534
220,1100,0.18,0.6,0.02299365212029758,-0.2570124002058935,0.24955077912836804,0.12644121931320462
220,1100,0.18,0.7,0.014105603150631252,-0.284969054243899,0.17423535108439336,0.1388812775564887
220,1100,0.18,0.8,0.00515563025587773,-0.31145413224400675,0.1111686475585878,0.15031585807375317
220,1100,0.2,0.4,0.028045057460211575,-0.17851856450972736,0.3765672606469833,0.08582830294455297
220,1100,0.2,0.5,0.02865512676924742,-0.2348226111463718,0.31971814769389895,0.11068190479969253
220,1100,0.2,0.6,0.019689331681588707,-0.27079245607126057,0.221336340812416,0.12885074153168527
220,1100,0.2,0.7,0.014719847493559035,-0.28664165579745693,0.1782865479190582,0.1405841242045966
220,1100,0.2,0.8,0.006755054227474577,-0.31403672411470007,0.12233252966101751,0.15144706921254808
220,1210,0.1,0.4,0.02724096231805473,-0.13720719096334805,0.38918096244125644,0.07967791162641094
220,1210,0.1,0.5,0.020362979736417763,-0.18844220181141044,0.2590236777359064,0.09997255388713105
220,1210,0.1,0.6,0.016518378342676554,-0.2381037358740299,0.20186957029436975,0.11980980345687108
220,1210,0.1,0.7,0.010511202860806534,-0.27370760946296496,0.148025485131311,0.1375159388986729
220,1210,0.1,0.8,0.004690460940018459,-0.303589290851899,0.10768355328684678,0.1489592505348989
220,1210,0.12,0.4,0.029089610689318146,-0.14768799303387245,0.4091054935051971,0.08050594925048174
220,1210,0.12,0.5,0.024733946853864097,-0.19569998457750037,0.29924932530985815,0.10197684031218764
220,1210,0.12,0.6,0.022086747439812315,-0.2388752645762308,0.24741017414494376,0.1213161348889544
220,1210,0.12,0.7,0.01250271343567344,-0.2782802004263953,0.16281528686924795,0.13750065092652727
220,1210,0.12,0.8,0.003686128829679891,-0.3149779253076244,0.10084794509547323,0.14932365042030032
220,1210,0.15,0.4,0.03376255201264455,-0.15041712435041962,0.4596800378613418,0.08213108700610594
220,1210,0.15,0.5,0.02640070552907825,-0.20559044981222954,0.31048838340128065,0.1045610406512492
220,1210,0.15,0.6,0.025531429642808412,-0.24528786297123822,0.27214565405556673,0.12453405510108256
220,1210,0.15,0.7,0.013009016643169558,-0.279985313203335,0.16613136458745723,0.13975999344717724
220,1210,0.15,0.8,0.004095501438153182,-0.3115853583960621,0.10442013793086691,0.15167696995677302
220,1210,0.18,0.4,0.03831593639807718,-0.15041712435041962,0.504779940664228,0.08412907828851468
220,1210,0.18,0.5,0.03130346076532198,-0.20559044981222954,0.3526120637732056,0.10668354400417643
220,1210,0.18,0.6,0.030535332554732397,-0.24528786297123822,0.3098162327220039,0.12639488418867503
220,1210,0.18,0.7,0.020187762855141678,-0.279985313203335,0.21748694370447033,0.14138606742997017
220,1210,0.18,0.8,0.007916253248044791,-0.3115853583960621,0.13044248734535485,0.15253072993588326
220,1210,0.2,0.4,0.03850591853055696,-0.15041712435041918,0.5045853134085839,0.08461711833019883
220,1210,0.2,0.5,0.02988125117105178,-0.20315187468926899,0.3357760478712511,0.10830456350940298
220,1210,0.2,0.6,0.02970217807539899,-0.24550908196107277,0.3008137920541104,0.12814354439970926
220,1210,0.2,0.7,0.02324514484025153,-0.27998531320333536,0.23879744719681348,0.1422208001123757
220,1210,0.2,0.8,0.011341578968119714,-0.3106499918921866,0.15345725262747817,0.1537519536880249
220,1300,0.1,0.4,0.026688384276216004,-0.13465231848569925,0.37620276027755584,0.08128792723424969
220,1300,0.1,0.5,0.015153264768467123,-0.18619853709038217,0.20509672846973623,0.10089419765125766
220,1300,0.1,0.6,0.013902954804501766,-0.23686216918632444,0.1792040606421766,0.12067660191510388
220,1300,0.1,0.7,0.007645075047122862,-0.27551592795960006,0.12676308271486508,0.13881344613509874
220,1300,0.1,0.8,0.004145396710440563,-0.3118825627527631,0.10415486224965481,0.1497494793445879
220,1300,0.12,0.4,0.03558627452959362,-0.13465231848569933,0.4821444879044289,0.08207225865623229
220,1300,0.12,0.5,0.02712017347424922,-0.18619853709038323,0.3226683905422695,0.1020615769012293
220,1300,0.12,0.6,0.024443356419879825,-0.23177948510569504,0.2651846525521298,0.12290988584523437
220,1300,0.12,0.7,0.015437475535953649,-0.2718805155018168,0.18375847526849445,0.14001899765063774
220,1300,0.12,0.8,0.008265571191599097,-0.31970231967429125,0.13260925409268096,0.15125345124782963
220,1300,0.15,0.4,0.03547178010385288,-0.1502314336671669,0.4778706598471435,0.08267444517469578
220,1300,0.15,0.5,0.031354071788985305,-0.19340538233573604,0.3598477725506681,0.10384694872836474
220,1300,0.15,0.6,0.029779200197264544,-0.23609524503375925,0.30646409112633466,0.12453685239329212
220,1300,0.15,0.7,0.017864071913196833,-0.27795828997612243,0.2006541343098509,0.14170806938464603
220,1300,0.15,0.8,0.00943626364506156,-0.3131087514858926,0.1406061263413264,0.15191385877705793
220,1300,0.18,0.4,0.0390725207566176,-0.1474802429403565,0.5073697651325495,0.0853934173630704
220,1300,0.18,0.5,0.03153923467348285,-0.19864965668777457,0.3543538210154419,0.10688868327266315
220,1300,0.18,0.6,0.031383770543102374,-0.24090285153917285,0.3143794997718727,0.12786304589831066
220,1300,0.18,0.7,0.021000751139254703,-0.28336338659151245,0.22167753785419894,0.1443024172635278
220,1300,0.18,0.8,0.011042783419242141,-0.3219312535091178,0.1515033299731274,0.15479308601708508
220,1300,0.2,0.4,0.04209270566600942,-0.1474802429403565,0.5370639104789086,0.08642833954857716
220,1300,0.2,0.5,0.034969836967964074,-0.19864965668777457,0.3833935124741121,0.10808632946949565
220,1300,0.2,0.6,0.03418095348797756,-0.24090285153917285,0.33450277349514695,0.12897124800339077
220,1300,0.2,0.7,0.021974671568650184,-0.28336338659151245,0.22826050312172075,0.14474150453021112
220,1300,0.2,0.8,0.011969902205608784,-0.3219312535091178,0.15762143873082754,0.15519217999152932
220,1400,0.1,0.4,0.026364304731947286,-0.1315119932413148,0.3739775860452887,0.08079634818882163
220,1400,0.1,0.5,0.01944139623992247,-0.17585844229167677,0.24641510374007317,0.10220937595823987
220,1400,0.1,0.6,0.017006004875007363,-0.21980995843187903,0.20594346632243493,0.11986160571901538
220,1400,0.1,0.7,0.005533583746231585,-0.2768747562633783,0.11153349273348279,0.14060607265055933
220,1400,0.1,0.8,0.0076252795621969405,-0.3170284048103831,0.12818452582308154,0.1506295257939248
220,1400,0.12,0.4,0.029871531109572302,-0.14339992884835487,0.41057702914936833,0.08253137992326308
220,1400,0.12,0.5,0.02313419196333455,-0.18455661663185305,0.2815581302898001,0.10304028526833893
220,1400,0.12,0.6,0.018631538907155853,-0.22732424139916374,0.21870851824440413,0.12109507177446575
220,1400,0.12,0.7,0.00939097377980902,-0.27979458774356436,0.1396667883702168,0.14151457983581975
220,1400,0.12,0.8,0.008547617006132713,-0.3234614871857755,0.1348638064842606,0.15412438145481983
220,1400,0.15,0.4,0.03442512584884461,-0.14293809058861104,0.46047462490528046,0.08371346141554589
220,1400,0.15,0.5,0.03011657337565299,-0.18223985977079185,0.3445671523424026,0.1052968220984656
220,1400,0.15,0.6,0.02463065970133882,-0.2259429213678253,0.2664660359631913,0.1231052188472685
220,1400,0.15,0.7,0.015368553426818199,-0.2640484517972978,0.18246879702867566,0.14274336288859416
220,1400,0.15,0.8,0.014142455947002253,-0.3006936918832465,0.17192619514774335,0.15468729557283062
220,1400,0.18,0.4,0.043106539240396646,-0.1458725396170193,0.5508788027920899,0.0860209865095227
220,1400,0.18,0.5,0.03419648603556058,-0.19509300453103046,0.3763288681250612,0.10805926337450575
220,1400,0.18,0.6,0.027080724934027467,-0.23804030641853494,0.28040620376441155,0.1279944442305468
220,1400,0.18,0.7,0.018804255273225046,-0.2785962054929284,0.2055709549268507,0.14597878603239572
220,1400,0.18,0.8,0.018493975230741366,-0.30078254677741845,0.20031202706897075,0.15561246677220034
220,1400,0.2,0.4,0.04422877323363039,-0.14587253961701863,0.5571098955911233,0.08724616669898905
220,1400,0.2,0.5,0.03526674576550071,-0.1957397448756073,0.38178789626667775,0.10981916851781288
220,1400,0.2,0.6,0.02745983162762733,-0.23804030641853485,0.28120631022479115,0.12982902504032642
220,1400,0.2,0.7,0.01675301332760748,-0.27859620549292824,0.19086883039402194,0.1473825982211837
220,1400,0.2,0.8,0.01514586909768445,-0.3018459145866236,0.1782251025723649,0.15707949596624388
250,1000,0.1,0.4,0.022676234857297084,-0.17439781096909515,0.32036564430381986,0.08329210479325422
250,1000,0.1,0.5,0.02024933576117416,-0.22312712891716271,0.2535403882056942,0.10270011027766418
250,1000,0.1,0.6,0.013538515592085076,-0.26774710356219006,0.17637002167300575,0.11977544845629136
250,1000,0.1,0.7,0.012322258558977062,-0.3063032154280695,0.16160008337561463,0.1359935682176802
250,1000,0.1,0.8,0.006427882835225107,-0.3314240315181177,0.11914688699365461,0.1470349916505706
250,1000,0.12,0.4,0.022136069570329653,-0.188773405291395,0.3120564065386258,0.08393143085342804
250,1000,0.12,0.5,0.020010507929526078,-0.2402507995134392,0.24971889959563412,0.10373230416405582
250,1000,0.12,0.6,0.013012747921245849,-0.2770333778553548,0.17113407849597714,0.12158104310355751
250,1000,0.12,0.7,0.011247538107447497,-0.30111637940238717,0.15338902296433918,0.1369933732443945
250,1000,0.12,0.8,0.006228650270456049,-0.32575605824478676,0.11790083861133298,0.14784306484583346
250,1000,0.15,0.4,0.02917082025957174,-0.17859138974493136,0.38420459341322943,0.08741133742084448
250,1000,0.15,0.5,0.031793076726164715,-0.23092285797863293,0.35415257549893736,0.10793478543599322
250,1000,0.15,0.6,0.02366020689386983,-0.269482044884604,0.25637076509453194,0.12493729143882894
250,1000,0.15,0.7,0.0139419994509975,-0.29660373337801554,0.17312299444718363,0.13821621231184758
250,1000,0.15,0.8,0.0065438490434559515,-0.31925144505233144,0.12024527257670418,0.14872213493443487
250,1000,0.18,0.4,0.028732308112799698,-0.191394888762409,0.37670104957288325,0.08815369775468722
250,1000,0.18,0.5,0.02783520458575528,-0.2410279196819372,0.31490741664708993,0.10918982116926325
250,1000,0.18,0.6,0.02013282098941427,-0.2772988680465971,0.22631149804989056,0.12676139619841775
250,1000,0.18,0.7,0.01278478679767625,-0.3006293235467781,0.16427438860540805,0.13980949813276455
250,1000,0.18,0.8,0.0035286566708290223,-0.3322729150288168,0.09958893885412307,0.14937880434177958
250,1000,0.2,0.4,0.029351565973769977,-0.191394888762409,0.38171659340239483,0.08876857546883496
250,1000,0.2,0.5,0.028358598240058708,-0.2410279196819372,0.3181615847061756,0.11000904172317075
250,1000,0.2,0.6,0.0209657037439952,-0.2772988680465971,0.23212691183063544,0.1277729722577846
250,1000,0.2,0.7,0.014431400876483869,-0.3006293235467781,0.1761905263704857,0.14018029979266847
250,1000,0.2,0.8,0.004453247236668512,-0.3322729150288168,0.10605616603377883,0.14969995894315724
250,1100,0.1,0.4,0.017109874403514302,-0.15700953246792648,0.2618555603019796,0.07905882265880168
250,1100,0.1,0.5,0.019896576430402657,-0.2048618945032054,0.2555925944433281,0.09909463775118867
250,1100,0.1,0.6,0.013662364186872722,-0.24653751432831209,0.17845355464906393,0.1179275116646436
250,1100,0.1,0.7,0.009279531669010632,-0.2906715214645267,0.1388073959142223,0.13540874975234662
250,1100,0.1,0.8,0.005935759982604871,-0.32112063644123084,0.1161054542412799,0.14842850421829717
250,1100,0.12,0.4,0.02020560015037609,-0.164277983209554,0.2957740417261981,0.08119532497069602
250,1100,0.12,0.5,0.02244464324476314,-0.21449336615787332,0.27693706463835643,0.10172534594813515
250,1100,0.12,0.6,0.018690584144916533,-0.25464162807841373,0.2202046732203177,0.11983412922262372
250,1100,0.12,0.7,0.008869357259469135,-0.2968373250595601,0.13571817508155337,0.1366717083486458
250,1100,0.12,0.8,0.005619612252094397,-0.33080646289542637,0.11405225619411523,0.14899603870181688
250,1100,0.15,0.4,0.026856159804987678,-0.17095287461522846,0.3722672611195877,0.08294792927464285
250,1100,0.15,0.5,0.028230996265732777,-0.21896534443163576,0.3269981485437042,0.10504534462720491
250,1100,0.15,0.6,0.02170379309582038,-0.2578699100001039,0.24277261771852313,0.12268516011328012
250,1100,0.15,0.7,0.010831615665964023,-0.29801433243755776,0.15025136663802516,0.1382413166315368
250,1100,0.15,0.8,0.006243581899823436,-0.328968126675025,0.11856608345108359,0.15004469259239098
250,1100,0.18,0.4,0.027979221647137065,-0.16821971196799546,0.3791889773980684,0.08483200422328435
250,1100,0.18,0.5,0.03411697763299326,-0.21445067709293142,0.3779795497960296,0.10705863357689324
250,1100,0.18,0.6,0.0234749102609475,-0.2570124002058949,0.25413329350529745,0.1257439222273919
250,1100,0.18,0.7,0.013467945880166754,-0.2987202731573599,0.16939232914873867,0.13984472127825273
250,1100,0.18,0.8,0.008422307523534789,-0.32300030049338896,0.1335724117898377,0.15091419236484818
250,1100,0.2,0.4,0.02562680551838903,-0.19323437899809434,0.34622746689735423,0.08647307741488204
250,1100,0.2,0.5,0.029728372012538973,-0.23482261114637215,0.32955908386279076,0.11063462462235013
250,1100,0.2,0.6,0.023492271720528812,-0.270792456071261,0.25228719157905904,0.12772438408286146
250,1100,0.2,0.7,0.014455693277576565,-0.3013964827387393,0.17626406032370232,0.14106289690312168
250,1100,0.2,0.8,0.007929111583613313,-0.3255394590368287,0.13037245115570723,0.151935105520193
250,1210,0.1,0.4,0.024421438865082967,-0.152684753968376,0.3511710878459963,0.08036555422585417
250,1210,0.1,0.5,0.02176422841684089,-0.19485760901925123,0.2745525811158838,0.09920100218370546
250,1210,0.1,0.6,0.02142919348674166,-0.23653419155937838,0.24536347911844017,0.11800950032154688
250,1210,0.1,0.7,0.01382946729147605,-0.2823931208776546,0.17277390703436415,0.13732387551818362
250,1210,0.1,0.8,0.007151590496570215,-0.30912464599767314,0.12459162307119762,0.14839205674046302
250,1210,0.12,0.4,0.029373344534739276,-0.14768799303387245,0.41393217640417723,0.08019879831314328
250,1210,0.12,0.5,0.02670509522991482,-0.19569998457750037,0.3220549591641369,0.1004443832944168
250,1210,0.12,0.6,0.026574990765391382,-0.23887526457623165,0.2879739479685632,0.11899746296276348
250,1210,0.12,0.7,0.017006063256245874,-0.2770680341288001,0.19655149134085317,0.1367582697396005
250,1210,0.12,0.8,0.005209245069205615,-0.3167638439654164,0.11157917168037952,0.15014249470254123
250,1210,0.15,0.4,0.0333474093181334,-0.1528092325833331,0.45627661272111475,0.08176673793617915
250,1210,0.15,0.5,0.02779016226741704,-0.20559044981222954,0.3269140224780413,0.1031327184177659
250,1210,0.15,0.6,0.02952623998401016,-0.24528786297123822,0.307611143485661,0.12238777704068037
250,1210,0.15,0.7,0.01583402196613526,-0.28424023274248567,0.18690332630611495,0.1393790282500719
250,1210,0.15,0.8,0.004665103834723849,-0.328166817971477,0.10860345131876634,0.1527152589262385
250,1210,0.18,0.4,0.0374278983360794,-0.1528092325833331,0.4965925905935862,0.08365442186179402
250,1210,0.18,0.5,0.03457731186755253,-0.20559044981222954,0.3849370429318826,0.10606976754133499
250,1210,0.18,0.6,0.03527142270545469,-0.24528786297123822,0.3504384688659546,0.12465083875604446
250,1210,0.18,0.7,0.024275905334934178,-0.28424023274248567,0.24671854166657645,0.14146248666886926
250,1210,0.18,0.8,0.009615592609808266,-0.328166817971477,0.14194269840925053,0.15339695136941256
250,1210,0.2,0.4,0.037800571316568776,-0.1528092325833331,0.4961054635604578,0.08465164553125479
250,1210,0.2,0.5,0.03315834378210436,-0.20315187468926899,0.36769073369538213,0.10764638047999256
250,1210,0.2,0.6,0.03395643575443397,-0.24550908196107307,0.33794792152060554,0.12579880250158207
250,1210,0.2,0.7,0.02585444984621077,-0.28429621291583573,0.25719748419668015,0.1424173112728094
250,1210,0.2,0.8,0.012886817645985982,-0.3272539811189701,0.1636881309563592,0.15462447143834715
250,1300,0.1,0.4,0.02160985815598182,-0.15002032269196788,0.31220045552605596,0.08161253897587052
250,1300,0.1,0.5,0.013646099052443628,-0.1995962709906553,0.18939671851170192,0.1014410950731379
250,1300,0.1,0.6,0.015702768068721173,-0.24183406992369766,0.1951717633620693,0.11945713839680087
250,1300,0.1,0.7,0.009882246841096398,-0.28054290926510794,0.14333984999953386,0.13863708214168569
250,1300,0.1,0.8,0.006848948818634071,-0.30687218742001937,0.12258052744712516,0.14887447693417216
250,1300,0.12,0.4,0.03134975883762259,-0.15002032269196705,0.4309177592036871,0.08197312793099315
250,1300,0.12,0.5,0.025834120257187232,-0.19959627099065505,0.3086804883444618,0.10270387808917464
250,1300,0.12,0.6,0.025229071754051535,-0.24183406992369733,0.2736870734066695,0.12125368849975364
250,1300,0.12,0.7,0.01778851905331047,-0.2803474912979212,0.20095180875654656,0.13987263526905294
250,1300,0.12,0.8,0.011107040426272086,-0.3118133141366706,0.15186996239256453,0.15041656401887088
250,1300,0.15,0.4,0.034722051872624116,-0.1502314336671669,0.4671894612990992,0.0830223247455755
250,1300,0.15,0.5,0.030811406006180597,-0.19340538233573604,0.35337857578357434,0.10436100009546116
250,1300,0.15,0.6,0.032790928855814805,-0.23609524503375906,0.33264157780753995,0.12338448324556034
250,1300,0.15,0.7,0.022059308361493724,-0.27795828997612343,0.23078536398366145,0.14154445488630263
250,1300,0.15,0.8,0.013292772219925197,-0.3154578982707153,0.16651872672067006,0.15240255399240918
250,1300,0.18,0.4,0.03579440523283495,-0.1594003485364246,0.46900345739564153,0.0854151935709858
250,1300,0.18,0.5,0.032600927334286434,-0.19864965668777457,0.3645653840598596,0.10678153321690743
250,1300,0.18,0.6,0.034551791482012595,-0.24090285153917282,0.34139534627577683,0.12654294935696697
250,1300,0.18,0.7,0.024451120528055537,-0.28336338659151306,0.24612153137601103,0.14394676942731693
250,1300,0.18,0.8,0.014501617712665116,-0.32425022761040867,0.1742630070011517,0.1552656141282883
250,1300,0.2,0.4,0.038716607256998437,-0.1594003485364246,0.4984254905453657,0.08638812296518822
250,1300,0.2,0.5,0.03603506051266958,-0.19864965668777457,0.393516802469457,0.10798022998214167
250,1300,0.2,0.6,0.037357566315176616,-0.24090285153917282,0.36146051427799675,0.12766233638575733
250,1300,0.2,0.7,0.025428332223625727,-0.28336338659151306,0.25264465711408224,0.14438683891455031
250,1300,0.2,0.8,0.015581727716271754,-0.32425022761040867,0.18128653546320436,0.15566696340553976
250,1400,0.1,0.4,0.025224270562227424,-0.1380363208998952,0.3590158944912633,0.08100934160880653
250,1400,0.1,0.5,0.020448691562018784,-0.18303390987020754,0.257064437938196,0.10178488470479571
250,1400,0.1,0.6,0.020261667679597917,-0.21596910705148217,0.2354718692998679,0.11785598023823184
250,1400,0.1,0.7,0.010068026110032546,-0.26927110488953915,0.14466365998572056,0.13919761352871549
250,1400,0.1,0.8,0.003006334865894855,-0.3107199696035858,0.0969864532775226,0.15152623394533293
250,1400,0.12,0.4,0.02903459611188275,-0.1433999288483549,0.40604861252380114,0.08109230759420563
250,1400,0.12,0.5,0.025156102788727264,-0.1845566166318531,0.3035607751479923,0.10191951164509805
250,1400,0.12,0.6,0.019702475983423673,-0.23737861258295162,0.22879257791593968,0.119849276684593
250,1400,0.12,0.7,0.013239348500628356,-0.2784408746143798,0.16755953959115905,0.14110866497326155
250,1400,0.12,0.8,0.0054332932027816305,-0.3162927563234368,0.11395218039632997,0.15341540269307521
250,1400,0.15,0.4,0.03249661919712432,-0.15479454965519096,0.4330647524078334,0.08475722435779459
250,1400,0.15,0.5,0.031195368511846455,-0.19622211939918263,0.35405844244447954,0.1056280530889592
250,1400,0.15,0.6,0.028012707920445523,-0.23256689416693416,0.2952525436581088,0.12231790632801505
250,1400,0.15,0.7,0.0195600520613457,-0.2806155536237699,0.21209843236846349,0.14319371256817762
250,1400,0.15,0.8,0.010732543454710974,-0.29622169215087185,0.14941933510404248,0.15445093432990364
250,1400,0.18,0.4,0.04171370062651847,-0.1458725396170193,0.5371856464566479,0.08556979404682803
250,1400,0.18,0.5,0.03708665392328592,-0.19509300453103046,0.40538505255932994,0.10720462896014642
250,1400,0.18,0.6,0.03170689959387141,-0.23804030641853574,0.31956015675184835,0.12610000526989928
250,1400,0.18,0.7,0.022998630817731902,-0.2785962054929281,0.23506134103641488,0.1453453177072182
250,1400,0.18,0.8,0.015755242190572005,-0.30329968403027163,0.18223622375737736,0.1566764335229158
250,1400,0.2,0.4,0.04283443612388371,-0.14587253961701863,0.5436020372401141,0.08680142210063978
250,1400,0.2,0.5,0.038159904603538575,-0.1957397448756073,0.41036610838124155,0.10897820817620153
250,1400,0.2,0.6,0.03208771385897635,-0.23804030641853458,0.3197429664655546,0.12796166491098107
250,1400,0.2,0.7,0.020938943992728998,-0.27859620549292824,0.22000424399244228,0.14675540074535603
250,1400,0.2,0.8,0.012516385774696825,-0.3045115117322199,0.16112453903266188,0.15811953535901707
280,1000,0.1,0.4,0.02552297830115302,-0.17788893549761114,0.36051660062799185,0.08160038209138944
280,1000,0.1,0.5,0.0233539781607226,-0.22035666557598763,0.28727734973169644,0.10095196020155303
280,1000,0.1,0.6,0.015034962471532687,-0.2655800913702227,0.189905100780856,0.11844451856908847
280,1000,0.1,0.7,0.009229978198585842,-0.31160931714575363,0.13834411967175564,0.13547630755429643
280,1000,0.1,0.8,0.005087846720772671,-0.3314240315181176,0.10933182044061313,0.1454751431400013
280,1000,0.12,0.4,0.02298758863911754,-0.19220374147581804,0.3258201448563043,0.08271751144077981
280,1000,0.12,0.5,0.020123134206875504,-0.2379007609006663,0.252359503283364,0.10266055812579812
280,1000,0.12,0.6,0.012647312565194024,-0.27531401443851844,0.16857918071983455,0.12030746847934795
280,1000,0.12,0.7,0.007964926408903228,-0.3075521833845417,0.1288091933561729,0.13641782468770697
280,1000,0.12,0.8,0.003648159873994583,-0.32575605824478643,0.09942869977883609,0.14639153454510795
280,1000,0.15,0.4,0.033085509212134045,-0.18055981731732143,0.439211397465923,0.08491065138715041
280,1000,0.15,0.5,0.03151682256176658,-0.2283357230744035,0.3545125749787009,0.10665820107092525
280,1000,0.15,0.6,0.02279680419183938,-0.2675018732263904,0.24990309687476303,0.12444938328889414
280,1000,0.15,0.7,0.010564513915305662,-0.3025664730272339,0.14814268559317148,0.13892733950841862
280,1000,0.15,0.8,0.004648933211235162,-0.3192514450523311,0.10699362679959853,0.14825692990147035
280,1000,0.18,0.4,0.028462047529980827,-0.19139488876240837,0.3720415927530304,0.08865068596041897
280,1000,0.18,0.5,0.03186316688617641,-0.23927480218090438,0.35310032863609725,0.1086777861138906
280,1000,0.18,0.6,0.022319039526435214,-0.2762668848914822,0.24380890853505072,0.1267463097167419
280,1000,0.18,0.7,0.011674850011662352,-0.3038142796629261,0.15611818610461423,0.14041507900028186
280,1000,0.18,0.8,0.0009413627407743874,-0.33227291502881784,0.08208130605491515,0.15012740921493414
280,1000,0.2,0.4,0.028995795788347545,-0.19139488876240837,0.37639597236898176,0.08917439998874996
280,1000,0.2,0.5,0.03228216200104783,-0.23927480218090438,0.3550902716318807,0.10950403421561972
280,1000,0.2,0.6,0.023023658906008215,-0.2762668848914822,0.24845661745886913,0.12775858612573665
280,1000,0.2,0.7,0.012523820872511582,-0.3038142796629261,0.16219808057564222,0.14102480384712335
280,1000,0.2,0.8,0.0022057084666533555,-0.33227291502881784,0.09089010878416345,0.15041653045357206
280,1100,0.1,0.4,0.01809375769752064,-0.15700953246792648,0.2764742167979846,0.07826944431809271
280,1100,0.1,0.5,0.022218733762162657,-0.20486189450320536,0.2821804832360267,0.09754807763882355
280,1100,0.1,0.6,0.009530266256651432,-0.24653751432831142,0.14288978163128485,0.11665357335169636
280,1100,0.1,0.7,0.009754949800353296,-0.29067152146452696,0.14239427882839367,0.13499115367655085
280,1100,0.1,0.8,0.005098322204843964,-0.32112063644123134,0.10978542590975494,0.14668837884544636
280,1100,0.12,0.4,0.017312099202220876,-0.164277983209554,0.2592430809861215,0.08136676523825662
280,1100,0.12,0.5,0.025972199438064836,-0.21449336615787243,0.31630711397199485,0.09965731657773165
280,1100,0.12,0.6,0.012438539750755151,-0.2546416280784134,0.16750792399750303,0.11871753426966333
280,1100,0.12,0.7,0.009346507272478766,-0.29683732505955995,0.1392746501667271,0.13599609548766217
280,1100,0.12,0.8,0.0014653880463311175,-0.33080646289542665,0.0850000948519271,0.14825593063530476
280,1100,0.15,0.4,0.030972916994497446,-0.17095287461522846,0.42631126113258794,0.08194685870037198
280,1100,0.15,0.5,0.03184288800012891,-0.21896534443163515,0.3625609745477526,0.10462153460531581
280,1100,0.15,0.6,0.018717256758458145,-0.25786991000010345,0.218304253162485,0.12239963836273589
280,1100,0.15,0.7,0.010035633898690222,-0.29801433243755737,0.1443170948453817,0.1399522670524765
280,1100,0.15,0.8,0.0051760732905190565,-0.3289681266750251,0.11120201277400897,0.1499180000624328
280,1100,0.18,0.4,0.032048904383514376,-0.16821971196799546,0.43108112031764084,0.08392284481346314
280,1100,0.18,0.5,0.03565031156805354,-0.21445067709293167,0.3933378459796116,0.10666697586135648
280,1100,0.18,0.6,0.020421322300183675,-0.2570124002058938,0.22973079876469876,0.1255170696487077
280,1100,0.18,0.7,0.012463730846588694,-0.2987202731573595,0.16182599491828342,0.14155231572017812
280,1100,0.18,0.8,0.006135214676840528,-0.3230003004933889,0.11815349856654146,0.15148149720601659
280,1100,0.2,0.4,0.026135883462842457,-0.19019617433197464,0.350563345644209,0.08700377565081995
280,1100,0.2,0.5,0.03152064883414685,-0.23270589493904356,0.3463302520864141,0.1103955077351391
280,1100,0.2,0.6,0.018885641330255165,-0.27079245607126073,0.2155114173008502,0.1280737391744477
280,1100,0.2,0.7,0.01473138422251119,-0.30139648273873965,0.17801019313707153,0.1420329918674247
280,1100,0.2,0.8,0.008122222290623204,-0.325539459036829,0.13153628952548835,0.15112154192323707
280,1210,0.1,0.4,0.01661868848499437,-0.1526847539683762,0.2532884278156135,0.08012706625555482
280,1210,0.1,0.5,0.018445849189149044,-0.1948576090192509,0.24329851815650713,0.09735812091741895
280,1210,0.1,0.6,0.015791945988648193,-0.23757765691462107,0.19720325001269892,0.11745741041834172
280,1210,0.1,0.7,0.00951075940333479,-0.2802325861287482,0.1405895610213821,0.13652019279555436
280,1210,0.1,0.8,0.004981624808905627,-0.30603925841604357,0.10934776013172148,0.1475862065105327
280,1210,0.12,0.4,0.024085458032923723,-0.1476879930338722,0.35425198539126745,0.07822661571030139
280,1210,0.12,0.5,0.022467953061999335,-0.1956999845775006,0.2837908487144957,0.09808258893284677
280,1210,0.12,0.6,0.018598676735434916,-0.23887526457623115,0.2205413503766185,0.11857037762394598
280,1210,0.12,0.7,0.009562336492092482,-0.28184415771034105,0.14099248490730304,0.1373881729088672
280,1210,0.12,0.8,0.0030790417002277692,-0.3167638439654161,0.09678548413495192,0.1496072810717622
280,1210,0.15,0.4,0.030420819695817114,-0.15642045008597324,0.42377501718438043,0.08095600588121478
280,1210,0.15,0.5,0.024740499373312463,-0.20559044981222827,0.2969251102330606,0.10323399152294435
280,1210,0.15,0.6,0.02486856101781809,-0.24528786297123842,0.2676938581710881,0.12374798323260706
280,1210,0.15,0.7,0.012217551491796153,-0.28424023274248605,0.16028881015530408,0.14033150260866803
280,1210,0.15,0.8,0.0056675967182722164,-0.328166817971476,0.11526466715136612,0.15241468938898695
280,1210,0.18,0.4,0.031568933446876724,-0.15642045008597324,0.4277242727390944,0.0833700324807491
280,1210,0.18,0.5,0.03045141905577342,-0.20559044981222827,0.3452199186039872,0.10640420353345345
280,1210,0.18,0.6,0.02922395721106219,-0.24528786297123842,0.2996016144907009,0.1262499383267551
280,1210,0.18,0.7,0.01946117700593497,-0.28424023274248605,0.21168146742465854,0.142636935071138
280,1210,0.18,0.8,0.009208855007631467,-0.328166817971476,0.13927933106384952,0.15382109697407026
280,1210,0.2,0.4,0.03235763207351683,-0.15642045008597324,0.43301683236603583,0.08436546289246885
280,1210,0.2,0.5,0.0293243754061554,-0.2031518746892694,0.33255302084581273,0.10736325614530602
280,1210,0.2,0.6,0.028695317855325753,-0.24550908196107407,0.2942313939576683,0.12712947766081106
280,1210,0.2,0.7,0.02146176477630557,-0.28429621291583573,0.2256016130912837,0.14316016268189988
280,1210,0.2,0.8,0.013539834839535025,-0.3272539811189698,0.16802545235101152,0.1543509969155584
280,1300,0.1,0.4,0.022118633673465782,-0.15002032269196788,0.32124347284906546,0.0806862122523494
280,1300,0.1,0.5,0.012743213904379047,-0.1995962709906553,0.18101083859177725,0.10056881133659128
280,1300,0.1,0.6,0.010712235762379674,-0.2418340699236974,0.1526213740553108,0.11910690252654393
280,1300,0.1,0.7,0.003876585691422685,-0.27823844618513816,0.09888207690429979,0.13876698014197675
280,1300,0.1,0.8,0.002672729788133932,-0.3141357890819927,0.09386618190637942,0.14930048610789334
280,1300,0.12,0.4,0.0350659560379698,-0.15002032269196705,0.4807213547829907,0.081066306569127
280,1300,0.12,0.5,0.03123519509782957,-0.19959627099065505,0.3650415402016445,0.10134172249979936
280,1300,0.12,0.6,0.02268266528456042,-0.241834069923697,0.2512413418418741,0.12242415212193854
280,1300,0.12,0.7,0.015287051897448611,-0.2782343752249366,0.18235721153940163,0.14119671158433467
280,1300,0.12,0.8,0.010409523972414014,-0.31821206685929065,0.1471904439526747,0.1520943515856833
280,1300,0.15,0.4,0.03802901077455201,-0.1502314336671669,0.5084866880026147,0.08272181211174122
280,1300,0.15,0.5,0.03422958271658594,-0.19340538233573604,0.38650652605721464,0.1042448444648441
280,1300,0.15,0.6,0.028979206393488166,-0.23609524503375975,0.3007406760055738,0.1240259222735066
280,1300,0.15,0.7,0.01900619208990184,-0.27795828997612254,0.20839903746101474,0.14265669432668338
280,1300,0.15,0.8,0.011622190505378605,-0.3154578982707155,0.15531398876005878,0.15408008722105956
280,1300,0.18,0.4,0.03738980043143214,-0.1594003485364246,0.4890142989219127,0.08512564319660672
280,1300,0.18,0.5,0.03381191065305389,-0.19864965668777457,0.37660638759536014,0.10651065974981476
280,1300,0.18,0.6,0.031153936601513665,-0.24090285153917287,0.31351984690662804,0.12721188665171754
280,1300,0.18,0.7,0.020458356457398574,-0.28336338659151256,0.21761199633739492,0.14483889317072507
280,1300,0.18,0.8,0.01323823333751939,-0.32425022761040895,0.16590393695951788,0.15621065476960394
280,1300,0.2,0.4,0.04031650341356152,-0.1594003485364246,0.5182907610089645,0.08610162779768506
280,1300,0.2,0.5,0.037250071213055014,-0.19864965668777457,0.40548584714189967,0.10771221555917428
280,1300,0.2,0.6,0.03395049622110524,-0.24090285153917287,0.3337379602148598,0.12832574079863351
280,1300,0.2,0.7,0.02143175950298115,-0.28336338659151256,0.22418542132520822,0.14527637247297767
280,1300,0.2,0.8,0.014316998252978053,-0.32425022761040895,0.17290914200158122,0.1566096158238124
280,1400,0.1,0.4,0.02471422880634422,-0.13274139339442845,0.3556262553718347,0.08014213548923292
280,1400,0.1,0.5,0.020688475117558225,-0.1796241882347132,0.26184136114475415,0.10027241659012306
280,1400,0.1,0.6,0.017431902773651586,-0.22017554871862696,0.2124535003879623,0.11617570557076246
280,1400,0.1,0.7,0.008339601021979393,-0.27731121068403297,0.13187074064276075,0.13780656016249596
280,1400,0.1,0.8,0.004354080373516922,-0.3189170370372284,0.10561473091551428,0.14978988977005958
280,1400,0.12,0.4,0.031055443628738466,-0.14873782318124432,0.43055345721897137,0.08121242747098513
280,1400,0.12,0.5,0.027088409194845342,-0.19953070015301702,0.3227531039650761,0.10187949561914471
280,1400,0.12,0.6,0.021929255282205906,-0.22860492277322075,0.24837821686946948,0.1191487700673991
280,1400,0.12,0.7,0.015305891481123268,-0.28428292734238525,0.18261114711417648,0.1406954221506692
280,1400,0.12,0.8,0.008075785354811682,-0.3225487664146139,0.13168569840809283,0.15351989972558133
280,1400,0.15,0.4,0.03499215614616036,-0.15479454965519096,0.46541608494996184,0.0841139039765582
280,1400,0.15,0.5,0.033665467478177336,-0.19622211939918263,0.3787916281822385,0.1051217878651891
280,1400,0.15,0.6,0.02715946566326166,-0.23256689416693385,0.28785634636835145,0.12259343097683331
280,1400,0.15,0.7,0.020126927522824856,-0.27294228526660613,0.216185182535444,0.14304455812487737
280,1400,0.15,0.8,0.012317700008632082,-0.2937672633498827,0.15992850691373459,0.1546983289656117
280,1400,0.18,0.4,0.04323855628417261,-0.1458725396170193,0.5564662340724484,0.08528008461397499
280,1400,0.18,0.5,0.038319440070651245,-0.19509300453103046,0.4176987689847356,0.10691184373155126
280,1400,0.18,0.6,0.0293472087512483,-0.2380403064185348,0.3000471540197679,0.12663979965401945
280,1400,0.18,0.7,0.02313326938013649,-0.27859620549292863,0.2361522904605433,0.14510107260116034
280,1400,0.18,0.8,0.018043784155672427,-0.30329968403027185,0.19723968283599988,0.1561234603795693
280,1400,0.2,0.4,0.0441056709497325,-0.14587253961701863,0.5597936288256841,0.08649499234316568
280,1400,0.2,0.5,0.03831222508985177,-0.1957397448756073,0.41262708651739716,0.10866693049529273
280,1400,0.2,0.6,0.029221694973038614,-0.23937119920050307,0.29658418830280814,0.12848811264230106
280,1400,0.2,0.7,0.020498496327691296,-0.2785962054929283,0.21708277183535082,0.14650758627296306
280,1400,0.2,0.8,0.014278140742866041,-0.30451151173221935,0.17254909497011814,0.1575702635499677
300,1000,0.1,0.4,0.025969738689242572,-0.17957738787378053,0.36791862324925917,0.08106527335095765
300,1000,0.1,0.5,0.023783661896096486,-0.22421551559850258,0.29240158431705043,0.10052057903933864
300,1000,0.1,0.6,0.016711139038426914,-0.2699575858373244,0.20479949229554323,0.1177893119969539
300,1000,0.1,0.7,0.011628631240280685,-0.3141354944279601,0.1566344600987462,0.13446886315622275
300,1000,0.1,0.8,0.0054381864647787825,-0.3342472138699659,0.11171661689903156,0.14505194701259314
300,1000,0.12,0.4,0.023537528754333126,-0.19386279409176962,0.33408375980705884,0.08221085501108229
300,1000,0.12,0.5,0.021463188439790892,-0.24118391530498978,0.2662849318453325,0.10222604417936144
300,1000,0.12,0.6,0.01484565481220046,-0.2791071950054219,0.18766384727503707,0.11953423194376564
300,1000,0.12,0.7,0.010312125730377986,-0.3100932490715359,0.14652758285164727,0.13541619502741956
300,1000,0.12,0.8,0.003931101987316055,-0.3286031746338579,0.10129504293880262,0.14596828446654625
300,1000,0.15,0.4,0.034826263340255625,-0.1834361473206327,0.46401734357227775,0.08394931909056977
300,1000,0.15,0.5,0.03104648478278693,-0.23186655154585445,0.35075116463745487,0.10637186447202673
300,1000,0.15,0.6,0.022900927530661974,-0.27129242581119234,0.2512921052087597,0.12392661912510078
300,1000,0.15,0.7,0.012901646401276112,-0.3048996819390957,0.1655005519636443,0.13813540496471602
300,1000,0.15,0.8,0.005252454420844099,-0.32405786651785745,0.11109738388902698,0.14789621557424754
300,1000,0.18,0.4,0.029094158135032577,-0.19248177939941172,0.37912384216784395,0.08867778477193769
300,1000,0.18,0.5,0.03484091324260952,-0.24151944840067274,0.3825310679186954,0.10788033919335621
300,1000,0.18,0.6,0.024436598975102752,-0.27808968198233064,0.2612834403482864,0.1261907817030813
300,1000,0.18,0.7,0.014005370986235333,-0.30381427966292707,0.17307159087944657,0.14040983100101628
300,1000,0.18,0.8,0.0018593843737744198,-0.33227291502881695,0.08843140292146572,0.150208684537815
300,1000,0.2,0.4,0.02962465284909488,-0.19248177939941172,0.3833942150517853,0.08920178163671871
300,1000,0.2,0.5,0.03558740164260743,-0.24151944840067274,0.3872930338054406,0.10871122207760012
300,1000,0.2,0.6,0.025218789593392854,-0.27808968198233064,0.2664038284107366,0.1272103795045747
300,1000,0.2,0.7,0.014942378136832968,-0.30381427966292707,0.17969967106548268,0.1410231792157358
300,1000,0.2,0.8,0.0032200675010600754,-0.33227291502881695,0.0978770933160164,0.1505021215138119
300,1100,0.1,0.4,0.018823393604406657,-0.15683319030427004,0.28757506005606825,0.0776604773591163
300,1100,0.1,0.5,0.023164885209222996,-0.20688280774192772,0.2936622591823555,0.09671965650272336
300,1100,0.1,0.6,0.012285130928339827,-0.2472919522791719,0.16705409766188814,0.11667662480679207
300,1100,0.1,0.7,0.010197783164122676,-0.2925713990051198,0.145816146178939,0.13465967939575474
300,1100,0.1,0.8,0.004789395441304967,-0.32365525172288306,0.10775395751261672,0.14705666438543458
300,1100,0.12,0.4,0.02093130480948857,-0.164103161507136,0.3075693740090394,0.08021753883070666
300,1100,0.12,0.5,0.025625968653401054,-0.21648980016658417,0.3124714374536512,0.09982323369305371
300,1100,0.12,0.6,0.014731209679711421,-0.25538795142358584,0.18708581243083772,0.1189629449001775
300,1100,0.12,0.7,0.010057303332685175,-0.2987206880062452,0.1446843958252065,0.13567975923233822
300,1100,0.12,0.8,0.0036332935663296873,-0.3333049158703944,0.09988668344622044,0.14772615092783004
300,1100,0.15,0.4,0.03037341762223189,-0.17077944920949192,0.42010107421432485,0.08167304350057676
300,1100,0.15,0.5,0.03216955418562062,-0.2209504125153153,0.36536962791859257,0.10475845596067893
300,1100,0.15,0.6,0.02423327030824307,-0.2586130008838808,0.2638418132914322,0.12249043521331264
300,1100,0.15,0.7,0.010783344180791854,-0.29989454286753137,0.1498051929574599,0.13976713707568492
300,1100,0.15,0.8,0.004436864947845898,-0.3314734431302035,0.10647628189443177,0.15097690801096492
300,1100,0.18,0.4,0.03273063231808937,-0.16821971196799482,0.4398151439592913,0.08378281216641764
300,1100,0.18,0.5,0.03642867599183308,-0.21629656315104512,0.40128839812063855,0.10642655047772012
300,1100,0.18,0.6,0.024810289477302794,-0.257012400205894,0.26529597931403126,0.12533062683443572
300,1100,0.18,0.7,0.01338613343804651,-0.29872027315736016,0.1684776351004552,0.1415749758608912
300,1100,0.18,0.8,0.006347301291635521,-0.32433161385411885,0.1197043133018558,0.15199538625495712
300,1100,0.2,0.4,0.02821782211802204,-0.1860676510550849,0.3754944487503634,0.08675370150258856
300,1100,0.2,0.5,0.032557007996310894,-0.23579154507576566,0.3559046473480593,0.11032172076354475
300,1100,0.2,0.6,0.023705471633003627,-0.27197585142446457,0.25375994933427054,0.1279276066890355
300,1100,0.2,0.7,0.01617642935411623,-0.30264688756333796,0.1883568455155558,0.14209550954352834
300,1100,0.2,0.8,0.008941598818122953,-0.3268373779833725,0.13715478959312427,0.15167974679128804
300,1210,0.1,0.4,0.018073979591524347,-0.15268475396837564,0.27143050908194777,0.08026328057865137
300,1210,0.1,0.5,0.018493174594110817,-0.19485760901925117,0.24324453575068197,0.09773589780389233
300,1210,0.1,0.6,0.017437025691617425,-0.2365341915593781,0.21234689386803485,0.11636242497274311
300,1210,0.1,0.7,0.012438148217438938,-0.28475955469693576,0.16259005836200835,0.13635825998072176
300,1210,0.1,0.8,0.004584678735531034,-0.31253980761868183,0.10663871372502642,0.14775819927152242
300,1210,0.12,0.4,0.023854852282209293,-0.1485793426354885,0.3474037953524093,0.07936115920408976
300,1210,0.12,0.5,0.024611669751274157,-0.19569998457750057,0.3055359879717675,0.09824314158015701
300,1210,0.12,0.6,0.021858287538116805,-0.23887526457623087,0.24968572953639873,0.11741042089770605
300,1210,0.12,0.7,0.013909975663485286,-0.28851345220821006,0.17320963315189306,0.13787382771323292
300,1210,0.12,0.8,0.003362165240392123,-0.316763843965416,0.09854339052939658,0.14902668676970374
300,1210,0.15,0.4,0.03174436817776516,-0.15734930562790328,0.4369516937013543,0.08169146627439157
300,1210,0.15,0.5,0.025888677825565143,-0.20755261302804737,0.30665765439582177,0.10399368296037192
300,1210,0.15,0.6,0.02684330550680869,-0.24528786297123917,0.2847778125653322,0.1229833200292919
300,1210,0.15,0.7,0.015441362723427776,-0.2955721009782628,0.18330366949062465,0.14180066354583837
300,1210,0.15,0.8,0.005857992330618789,-0.33055732860309334,0.11651394366809593,0.15226723462806765
300,1210,0.18,0.4,0.03289395665078665,-0.15734930562790328,0.4405992764118835,0.08408429214595917
300,1210,0.18,0.5,0.03160599635234429,-0.20755261302804737,0.3543974338850977,0.10714113994152827
300,1210,0.18,0.6,0.031207093795348806,-0.24528786297123917,0.31650163892791994,0.1255002384004363
300,1210,0.18,0.7,0.022233181732394858,-0.2955721009782628,0.23073204359155342,0.14371221150778316
300,1210,0.18,0.8,0.009399921060233574,-0.33055732860309334,0.14053899878497106,0.1536749744435849
300,1210,0.2,0.4,0.0336719955169511,-0.15734930562790328,0.44559252662439436,0.08507390223359647
300,1210,0.2,0.5,0.030217574593560892,-0.20516753381294597,0.3393612344150461,0.10808362537089898
300,1210,0.2,0.6,0.030365598926339166,-0.24550908196107377,0.3085082872147595,0.12637365177791524
300,1210,0.2,0.7,0.0238780937926808,-0.2955721009782632,0.2419652849788095,0.14421874321791586
300,1210,0.2,0.8,0.013323730600922179,-0.3272539811189702,0.16660801620379614,0.15419085517713968
300,1300,0.1,0.4,0.021801431709951302,-0.1500203226919674,0.31668114202391706,0.08089154762974615
300,1300,0.1,0.5,0.015307331041952033,-0.19959627099065524,0.20793803415985418,0.09969316439778557
300,1300,0.1,0.6,0.013726517593065424,-0.24183406992369777,0.17923347307122522,0.11759327223153114
300,1300,0.1,0.7,0.009043380489240693,-0.28439805608769303,0.13711726532531188,0.13801106466665977
300,1300,0.1,0.8,0.003249300366913843,-0.3134523381136283,0.09796165522919627,0.14957559336551274
300,1300,0.12,0.4,0.03459417791226316,-0.15002032269196777,0.4718361982542782,0.08171063432996278
300,1300,0.12,0.5,0.03206283632002149,-0.19959627099065522,0.37503931668337476,0.10067423427208311
300,1300,0.12,0.6,0.027409261327925316,-0.2418340699236971,0.29173690164952615,0.12130311532809773
300,1300,0.12,0.7,0.019829971748230424,-0.2823443421618255,0.21510290754653302,0.14113373102071886
300,1300,0.12,0.8,0.011617349199147364,-0.3104884858873388,0.15532119757855156,0.15258528829446208
300,1300,0.15,0.4,0.038636194860464323,-0.15023143366716693,0.516731350744415,0.08254431584917322
300,1300,0.15,0.5,0.03448310388468867,-0.19340538233573568,0.3893601459017313,0.10409074881993839
300,1300,0.15,0.6,0.03019494598774153,-0.23609524503375987,0.3117578921954306,0.12325237492884558
300,1300,0.15,0.7,0.02248926952392627,-0.2779582899761223,0.23312573636272368,0.14268142373706572
300,1300,0.15,0.8,0.012088891092674858,-0.3154578982707154,0.15841181332481058,0.15416930454347416
300,1300,0.18,0.4,0.03798427829936202,-0.15937846808659,0.4967974333174229,0.08495594456452385
300,1300,0.18,0.5,0.03405019995080294,-0.1986496566877746,0.37922120683193483,0.10636360286765731
300,1300,0.18,0.6,0.032354395365977284,-0.2409028515391725,0.32413897109079404,0.12646250963395458
300,1300,0.18,0.7,0.023926064128854785,-0.2833633865915129,0.2418198444591392,0.14486890797527047
300,1300,0.18,0.8,0.013683041662434059,-0.3254013903051695,0.16880645901690378,0.15630580888213186
300,1300,0.2,0.4,0.04091265843326952,-0.15937846808659,0.5260320045130772,0.0859337764322194
300,1300,0.2,0.5,0.037489152992354,-0.1986496566877746,0.40810481863891673,0.10756677207007681
300,1300,0.2,0.6,0.03515421071139868,-0.2409028515391725,0.3443657439388495,0.1275828048435572
300,1300,0.2,0.7,0.024902774979393083,-0.2833633865915129,0.24831935487487292,0.145306196099774
300,1300,0.2,0.8,0.014762280152220031,-0.3254013903051695,0.17580030801556223,0.15670451384373102
300,1400,0.1,0.4,0.02134758217912025,-0.15248378301313859,0.3143869159313456,0.07972446755043577
300,1400,0.1,0.5,0.020251972795329642,-0.1800072155157393,0.25910665873152977,0.09923972446502771
300,1400,0.1,0.6,0.018688840774533144,-0.22177489426429994,0.22440084291801832,0.11515557603567825
300,1400,0.1,0.7,0.013040255976501047,-0.26996358604696313,0.16677254807598269,0.13777048986523444
300,1400,0.1,0.8,0.004941832588044814,-0.307151345427323,0.1098277865635308,0.15033008193717723
300,1400,0.12,0.4,0.031246130902163438,-0.14873782318124393,0.4348785635641659,0.08076025919519533
300,1400,0.12,0.5,0.02729201547885296,-0.1995307001530174,0.3252957660276111,0.10163769950884949
300,1400,0.12,0.6,0.021494901687378443,-0.22668638109239717,0.24482694624634715,0.1190291872548272
300,1400,0.12,0.7,0.017688385409305507,-0.2782880584940475,0.199383514687505,0.14182474015148275
300,1400,0.12,0.8,0.008247470278004876,-0.3130477239788281,0.1330002080259676,0.15463000777717636
300,1400,0.15,0.4,0.03519966882778802,-0.15479454965519057,0.46926459312651203,0.08381183909893654
300,1400,0.15,0.5,0.034123312965224084,-0.19622211939918283,0.383695089218211,0.10491550297820507
300,1400,0.15,0.6,0.02746532563937576,-0.23256689416693457,0.2904562262160638,0.1225293897973716
300,1400,0.15,0.7,0.022596363628488714,-0.2782880584940476,0.23295580983301686,0.1441977979872414
300,1400,0.15,0.8,0.012545691004162807,-0.3028178732786382,0.1614029101097935,0.15585439287419964
300,1400,0.18,0.4,0.04385828043838336,-0.14587253961701874,0.5663619474869629,0.08480309762100607
300,1400,0.18,0.5,0.03892015600304255,-0.19509300453103065,0.42402938893492464,0.10666434583180102
300,1400,0.18,0.6,0.030161692906599757,-0.2380403064185351,0.30676917939654774,0.12645635391080984
300,1400,0.18,0.7,0.026693214645804986,-0.2785962054929289,0.26041507380193485,0.14573569498898808
300,1400,0.18,0.8,0.01911506516236461,-0.303299684030272,0.2041461455973403,0.15634319355966272
300,1400,0.2,0.4,0.04362602474147059,-0.1466807542142627,0.5562759165535152,0.08613072836404963
300,1400,0.2,0.5,0.03891293684804231,-0.19593645105402782,0.4188281870860617,0.10842343519103845
300,1400,0.2,0.6,0.03003607981400669,-0.2385508425380116,0.3031981888026176,0.12830730683150185
300,1400,0.2,0.7,0.0240492740214171,-0.27859620549292835,0.24120542002523981,0.14713638707793342
300,1400,0.2,0.8,0.01534545918691732,-0.30451151173221885,0.17942878974805818,0.1577880838217952
