trade_date,nav,val_300,val_500,val_bond,w_300,w_500,w_bond
2015-01-05,999624.2561983471,190713.43763916395,184889.180609248,624021.637949935,0.1907851239669421,0.18495867768595042,0.6242561983471074
2015-01-06,1002142.9161246571,190688.26346539558,187034.26488267648,624420.3877765851,0.19028050829596022,0.18663432318211506,0.6230851685219247
2015-01-07,1003357.4285610847,190831.27966299464,187320.24027368208,625205.908624408,0.19019272118876507,0.18669343041822906,0.6231138483930059
2015-01-08,997578.5831720834,186404.18480609285,185811.56305851784,625362.8353074727,0.1868566426249529,0.18626258240997656,0.6268807749650706
2015-01-09,996918.2938161355,185747.66926720578,184617.72376586686,626552.9007830628,0.1863218584907057,0.18518842006516176,0.6284897214441325
2015-01-12,994220.7930730459,184011.6715502345,181995.22899977272,628213.8925230387,0.1850812946503273,0.18305313092199776,0.6318655744276749
2015-01-13,998170.2110131867,184035.96109087914,184482.37579928362,629651.8741230239,0.18437332537110532,0.18482055842162018,0.6308061162072744
2015-01-14,997385.2204512365,183427.5382035127,183616.9689744092,630340.7132733145,0.18390841817420003,0.18409834556334945,0.6319932362624504
2015-01-15,1006979.5748582142,188753.5402027899,185982.32276873753,632243.7118866867,0.187445252034399,0.18469324245720117,0.6278615055083998
2015-01-16,1014413.6408351037,190378.33067685552,188408.4621692557,635626.8479889925,0.18767327548960094,0.18573139652790033,0.6265953279824987
2015-01-19,993588.3470530738,175714.82051313206,180277.50657587932,637596.0199640624,0.17684871308554712,0.18144084228702168,0.6417104446274312
2015-01-20,1002275.0984039096,177865.5699162128,186783.54151069623,637625.9869770006,0.17746182679731135,0.1863595551841435,0.6361786180185452
2015-01-21,1015425.6919501852,185860.80514951647,191534.00732193777,638030.879478731,0.18303732771677245,0.18862434626219213,0.6283383260210355
2015-01-22,1019253.5860923963,186841.59261829045,194212.0358123131,638199.9576617928,0.18331217585861218,0.19054339220613503,0.6261444319352528
2015-01-23,1017830.3016259363,187057.39465776458,192271.08072640485,638501.8262417668,0.18378053233328695,0.18890288530343496,0.627316582363278
2015-01-26,1024786.3657300225,188956.02721354092,196561.03307957237,639269.3054369093,0.18438577398415634,0.19180683862782372,0.62380738738802
2015-01-27,1024160.0368558213,187225.00104823767,197067.37430078533,639867.6615067982,0.1828083447026695,0.19241853539392495,0.6247731199034056
2015-01-28,1019981.980437499,184626.87970869127,195910.39174626544,639444.7089825423,0.18100994257712238,0.1920724047127126,0.626917652710165
2015-01-29,1015414.3209883054,182347.47625180776,194588.97615393688,638477.8685825607,0.17957938201455392,0.19163505195056035,0.6287855660348857
2015-01-30,1008322.5653026591,179864.63301516316,192251.76796135193,636206.1643261439,0.17838005337228055,0.19066494649323398,0.6309550001344854
2015-02-02,1004183.5102140468,175652.38317458105,191455.26888668805,637075.8581527777,0.17492060105342683,0.19065765065777507,0.634421748288798
2015-02-03,1013208.1918728948,180024.54664417953,194803.05571844065,638380.5895102746,0.17767774489802318,0.1922636011838309,0.6300586539181459
2015-02-04,1011476.5076597424,178156.0718745596,193985.46729359037,639334.9684915924,0.1761346610874434,0.19178445156617172,0.6320808873463849
2015-02-05,1009873.203493519,176332.4663228516,192985.2782242246,640555.4589464428,0.17460852086465253,0.19109852361327964,0.6342929555220679
2015-02-06,1005472.7226757128,173476.93836321932,188908.8501922943,643086.9341201992,0.17253271466337877,0.18788063159941296,0.6395866537372084
2015-02-09,1007073.4711157061,175231.4841178249,187891.38712515862,643950.5998727226,0.1740006952260308,0.18657167775157404,0.6394276270223952
2015-02-10,1008897.08829951,178427.3559251658,190476.20893783943,639993.5234365048,0.1768538714150757,0.1887964700729645,0.6343496585119599
2015-02-11,1015709.6304134084,179850.84937073677,192560.97104466407,643297.8099980075,0.1770691583356701,0.1895826969429137,0.6333481447214162
2015-02-12,1019245.8332632537,180309.1093349334,193911.01601265822,645025.7079156621,0.17690443605508727,0.19024950574664193,0.6328460581982709
2015-02-13,1024800.3295780756,181720.7493519166,196912.17680748613,646167.4034186729,0.17732307856178534,0.19214687107737133,0.6305300503608433
2015-02-16,1028060.3478582974,183273.91659662744,200340.41780570446,644446.0134559656,0.17827155475690906,0.19487223510085067,0.6268562101422404
2015-02-17,1032004.2858638358,184469.96217633705,201753.01809165246,645781.3055958464,0.17874922100922,0.19549629866389145,0.6257544803268886
2015-02-25,1029601.8977881062,182186.9619244427,201597.4665147038,645817.4693489597,0.1769489375610466,0.19580137424745975,0.6272496881914936
2015-02-26,1035148.5097679035,186772.97213000478,203748.30988494918,644627.2277529496,0.1804310882618014,0.19683002773257408,0.6227388840056246
2015-02-27,1037293.5280565387,187115.88730683547,205417.61978783653,644760.0209618666,0.1803885614300647,0.19803229677206668,0.6215791417978686
2015-03-02,1040977.8077541256,188604.39419036134,209558.63358513953,642814.7799786247,0.18118003360443288,0.20130941507509675,0.6175105513204704
2015-03-03,1035076.8399477758,183714.63666658202,208837.3327683395,642524.8705128543,0.17748888737173488,0.201760221761774,0.6207508908664912
2015-03-04,1039868.7789830316,184915.02810256148,211969.47508519905,642984.275795271,0.17782534858235116,0.20384252260415053,0.6183321288134982
2015-03-05,1036932.6192329777,183109.33285313996,211920.51013645437,641902.7762433834,0.17658749416966601,0.20437249846881336,0.6190400073615206
2015-03-06,1033201.0834446852,182175.84147425464,209327.87461544498,641697.3673549856,0.17632176775007016,0.2026012922068832,0.6210769400430466
2015-03-09,1036910.0356989771,185277.74952703677,212031.34411610346,639600.9420558368,0.1786825695077218,0.2044838383429995,0.6168335921492787
2015-03-10,1037431.9156244218,184380.07883057828,214224.17227695222,638827.6645168912,0.1777274017250582,0.20649468080805325,0.6157779174668885
2015-03-11,1040520.0042555261,184591.74716107576,213760.16271980034,642168.09437465,0.17740336217096367,0.20543589920958993,0.6171607386194464
2015-03-12,1044015.2270228972,188163.0436934011,213666.10824820364,642186.0750812924,0.18023017176671344,0.204658038233304,0.6151117899999825
2015-03-13,1047165.1369405922,189462.49767314774,216036.09272089275,641666.5465465517,0.18092895856586977,0.20630565810476262,0.6127653833293677
2015-03-16,1058009.3524808134,184408.40697372195,89974.51435559978,783626.4311514917,0.17429752066115703,0.08504132231404961,0.7406611570247934
2015-03-17,1062432.8431535386,186968.7332961451,91372.98823222888,784091.1216251646,0.17598169569116484,0.08600354254958213,0.738014761759253
2015-03-18,1068200.2686292888,191394.47018199816,92891.88141561323,783913.9170316774,0.1791747070309156,0.08696111033075454,0.7338641826383299
2015-03-19,1068651.9241349187,191080.20046195932,93642.91227685845,783928.811396101,0.17880490003013852,0.08762714047669268,0.7335679594931689
2015-03-20,1072351.4732879722,193709.46402031588,94587.76926173194,784054.2400059244,0.18063990104510877,0.08820593958034419,0.7311541593745471
2015-03-23,1079119.1682718745,197665.01127561074,96883.22524617564,784570.9317500882,0.1831725513616405,0.08977991318727717,0.7270475354510824
2015-03-24,1079561.0620101015,197714.0321984071,97283.15919999185,784563.8706117024,0.1831429820470471,0.09011362360444375,0.7267433943485091
2015-03-25,1079098.0245406805,196090.0091379294,98370.39578721096,784637.61961554,0.18171658614739414,0.09115983307362874,0.7271235807789771
2015-03-26,1078664.5414309802,196567.09613016195,97674.0317554333,784423.413545385,0.18223190675146483,0.09055088769846534,0.7272172055500699
2015-03-27,1080256.9523238987,197646.83918920494,98799.33427528763,783810.778859406,0.18296280228886094,0.09145910522746087,0.7255780924836781
2015-03-30,1083586.40776265,203443.42568894595,100035.70914440858,780107.2729292953,0.18775007164311758,0.09231908819432194,0.7199308401625604
2015-03-31,1076746.4809212713,201603.4833470151,100140.7466390102,775002.250935246,0.18723393753237239,0.0930030869971631,0.7197629754704645
2015-04-01,1085499.335126793,205220.8546487106,102524.19654976529,777754.2839283171,0.18905663781428253,0.0944488800979227,0.7164944820877948
2015-04-02,1088889.191936252,205264.7719116054,104386.95867687798,779237.4613477685,0.18850841153690362,0.09586554761486624,0.7156260408482301
2015-04-03,1091907.5710232211,207541.97929119275,106021.13651496451,778344.455217064,0.19007284572329342,0.09709717134355304,0.7128299829331537
2015-04-07,1098352.4157460798,211996.03770876102,108565.32572791413,777791.0523094047,0.1930127659115295,0.09884379928656029,0.7081434348019103
2015-04-08,1098121.7886245623,213775.53244928838,107802.00292272116,776544.2532525527,0.19467379179958724,0.09816944171351623,0.7071567664868965
2015-04-09,1096138.4407216427,212100.17360148331,106948.1032575703,777090.1638625892,0.19349761464605436,0.09756806192031822,0.7089343234336275
2015-04-10,1103505.7117516822,216194.55535268635,109792.81585611841,777518.3405428774,0.19591611810463905,0.09949456055087885,0.704589321344482
2015-04-13,1110029.9697848277,97563.37792282349,4128.2106314312,1008338.381230573,0.08789256198347108,0.0037190082644628308,0.9083884297520661
2015-04-14,1112098.041577056,97940.94819538483,4126.720347393254,1010030.373034278,0.08806862752540745,0.003710752283621676,0.9082206201909709
2015-04-15,1110368.243539815,96668.30351453401,3965.505890301989,1009734.434134979,0.087059679594545,0.003571343032704263,0.9093689773727507
2015-04-16,1119908.6694230882,99604.0232239669,4021.074524342791,1016283.5716747785,0.08893941617156789,0.003590537902000718,0.9074700459264313
2015-04-17,1121919.5815651598,101426.57764091904,4055.9734301395624,1016437.0304941013,0.09040449895653087,0.0036152086983642653,0.9059802923451049
2015-04-20,1123527.8077259052,99788.74126517348,3984.385499097599,1019754.680961634,0.08881733107002711,0.003546316763767743,0.9076363521662051
2015-04-21,1126356.9502998872,101934.69814608105,4123.0221925386995,1020299.2299612676,0.09049946211007213,0.003660493408808783,0.9058400444811191
2015-04-22,1131277.2772050188,104597.13052695854,4230.125940034277,1022450.0207380259,0.09245932242657663,0.003739247685134633,0.9038014298882887
2015-04-23,1130341.3319338907,104620.87407558816,4274.483040641477,1021445.9748176611,0.0925568862430194,0.003781586074826002,0.9036615276821546
2015-04-24,1127713.9861999925,103776.79286354632,4278.748974716037,1019658.4443617301,0.09202403635450009,0.0037941792219266047,0.9041817844235733
2015-04-27,1132850.1579201096,106092.77954988208,4326.482698277969,1022430.8956719496,0.09365120250736983,0.0038191129409570856,0.9025296845516732
2015-04-28,1132412.3280860444,104642.2790678761,4201.187759335839,1023568.8612588324,0.09240651701905972,0.0037099452691728542,0.9038835377117673
2015-04-29,1133593.741127104,105358.66011037477,4283.405003786042,1023951.6760129433,0.09294216815772048,0.003778606786878656,0.9032792250554009
2015-04-30,1134327.7516979515,104819.32912926975,4304.453655974647,1025203.9689127071,0.09240656324626449,0.003794717752017792,0.9037987190017177
2015-05-04,1132143.1456370312,105654.73918243004,4325.192513689132,1022163.2139409119,0.093322774235391,0.003820358344576158,0.9028568674200328
2015-05-05,1127351.0126096194,101441.86211226982,4167.0678005811715,1021742.0826967683,0.08998249966303729,0.003696335705536062,0.9063211646314265
2015-05-06,1122382.7015430136,100481.7148873772,4107.937108490924,1017793.0495471454,0.08952535953132416,0.0036600146303426384,0.9068146258383332
2015-05-07,1122395.4893754644,98644.80865752105,4016.699825311341,1019733.9808926319,0.087887745087438,0.0035786849317671057,0.9085335699807948
2015-05-08,1128042.4069284732,100593.7341421677,4168.057108128723,1023280.6156781766,0.08917548979038174,0.0036949471779858453,0.9071295630316323
2015-05-11,1132755.3750118767,103509.54412001256,4349.455121531592,1024896.3757703325,0.09137855039436674,0.0038397126312342497,0.904781736974399
2015-05-12,1133933.8266368168,104764.90787110006,4444.72558651362,1024724.1931792032,0.09239067166893399,0.00391973983146479,0.9036895884996012
2015-05-13,1132875.4385389844,104125.318108547,4485.003689778607,1024265.1167406589,0.09191241558103905,0.003958955713227134,0.9041286287057338
2015-05-14,1134630.8964439551,103735.68116818482,4479.1417899560665,1026416.0734858143,0.09142680804242388,0.003947664217494991,0.9046255277400811
2015-05-15,1132900.357818261,101897.27742652224,4443.308655636418,1026559.7717361023,0.08994372428547553,0.003922064835598905,0.9061342108789255
2015-05-18,1132315.874476223,100963.1850843533,4524.985555344326,1026827.7038365254,0.08916521207569927,0.003996221953028306,0.9068385659712724
2015-05-19,1133893.973391162,104407.544143506,4637.422396423522,1024849.0068512325,0.09207875391669297,0.004089820128908772,0.9038314259543982
2015-05-20,1133461.4035839597,104930.52153212084,4714.9229995125515,1023815.9590523264,0.09257529299218722,0.004159756110445537,0.9032649508973674
2015-05-21,1134205.3823206977,106829.6590413307,4888.677341890589,1022487.0459374764,0.09418898967199973,0.004310222309021198,0.9015007880189791
2015-05-22,1137620.3246756394,109265.0547784959,4969.457846287989,1023385.8120508556,0.09604703116538445,0.004368292072932937,0.8995846767616827
2015-05-25,1140974.8756744808,112534.59301263283,5102.569744158659,1023337.7129176892,0.09863021124466799,0.004472114025422605,0.8968976747299093
2015-05-26,1143137.875399338,114728.67997260015,5272.056700780632,1023137.1387259574,0.100362941725224,0.004611916737461716,0.8950251415373144
2015-05-27,1141782.5931120561,114342.84742185229,5334.952337220945,1022104.7933529828,0.10014415013124177,0.004672476502448628,0.8951833733663095
2015-05-28,1134015.8013728694,106675.93081652225,5015.324672793364,1022324.5458835538,0.09406917495098177,0.004422623270964725,0.9015082017780535
2015-05-29,1128307.3030690064,106826.45055490437,5065.342505755132,1016415.5100083469,0.09467850670144155,0.004489328830875554,0.9008321644676829
2015-06-01,1128880.1008053757,112020.13892798271,5330.36122565624,1011529.6006517367,0.09923121051391047,0.004721813434264105,0.8960469760518254
2015-06-02,1132598.960029547,113911.15089322597,5532.680416337249,1013155.128719984,0.10057500926034249,0.00488494216540064,0.894540048574257
2015-06-03,1138218.754046964,113507.79150791306,5580.2448698765,1019130.7176691744,0.09972405664933336,0.004902611954016577,0.8953733313966501
2015-06-04,1139954.1252499693,114342.52780666227,5572.834304689304,1020038.7631386176,0.10030449934254085,0.004888647868586196,0.8948068527888728
2015-06-05,1144581.2732911538,115426.83799785284,5663.8609802221,1023490.5743130788,0.10084634502707877,0.004948413111754058,0.8942052418611671
2015-06-08,1148198.2454947922,118145.60174005428,5606.129245250696,1024446.5145094872,0.10289651826557344,0.004882544688817958,0.8922209370456086
2015-06-09,1145361.346210749,117344.81085146019,5597.40050201584,1022419.134857273,0.10245221845461903,0.004887017115195982,0.892660764430185
2015-06-10,1142924.3057845975,117160.57949842341,5696.155439072906,1020067.5708471013,0.10250948282878167,0.004983843120881566,0.8925066740503368
2015-06-11,1143398.9226305683,117104.92822316165,5776.573761561738,1020517.4206458448,0.10241826007124742,0.005052107053128777,0.8925296328756237
2015-06-12,1142876.6470434275,117734.36721236113,5867.849403568175,1019274.4304274981,0.103015813226156,0.005134280605652454,0.8918499061681915
2015-06-15,1136324.5234134106,115219.79659743952,5759.599317771149,1015345.1274982,0.1013969110262007,0.0050686218585425415,0.8935344671152569
2015-06-16,1132615.5854388038,111769.53978832919,5529.347815844611,1015316.69783463,0.09868267859392633,0.0048819280671494585,0.8964353933389243
2015-06-17,1132964.8698444604,113402.71630371627,5641.5161656368355,1013920.6373751074,0.10009376223579185,0.0049794272671590725,0.8949268104970491
2015-06-18,1128859.237353238,108806.39080921035,5453.896262516251,1014598.9502815114,0.09638614559625834,0.004831334219582277,0.8987825201841594
2015-06-19,1122740.9247056418,102329.5815899013,5075.793996324787,1015335.5491194158,0.09114264861836215,0.004520895145650409,0.9043364562359876
2015-06-23,1127915.1441890122,105618.55667178231,5106.020349572901,1017190.567167657,0.09364051650155263,0.004526954333292693,0.9018325291651547
2015-06-24,1132626.1717607428,107693.7500732695,5218.2047226733675,1019714.2169647999,0.09508322583244956,0.004607173004453288,0.9003096011630971
2015-06-25,1124251.9553360764,103862.54491441294,5034.471734388038,1015354.9386872754,0.09238369070335746,0.004478063578624657,0.9031382457180178
2015-06-26,1111786.3485206165,95690.32829291218,4613.645276582277,1011482.3749511221,0.08606899016186088,0.0041497588837292,0.90978125095441
2015-06-29,1109774.5428506401,92498.29032171721,4312.05589849737,1012964.1966304255,0.08334872242079008,0.0038855242501969266,0.912765753329013
2015-06-30,1115607.0911279307,98709.27302194957,4526.205530584445,1012371.6125753968,0.08848032054201978,0.004057168125391029,0.9074625113325893
2015-07-01,1112241.8161829591,93854.84968400311,4275.087121542089,1014111.8793774139,0.08438349315627995,0.003843666961033279,0.9117728398826868
2015-07-02,1106386.4503725902,90654.4931646283,3981.944397617948,1011750.0128103439,0.08193745786935405,0.0035990538353727814,0.914463488295273
2015-07-03,1102045.2512198703,85753.71126414849,3738.197635206561,1012553.3423205153,0.0778132396734403,0.0033920545740464777,0.9187947057525133
2015-07-06,1110999.7947637688,88239.02532400604,3677.4706146226304,1019083.2988251402,0.07942307977002665,0.0033100551700862993,0.9172668650598872
2015-07-07,1115982.0800170565,86682.48891729058,3437.3501708408457,1025862.2409289251,0.077673728341557,0.003080112335485091,0.919246159322958
2015-07-08,1115015.1066439932,80835.32162737474,3355.448428320221,1030824.3365882983,0.07249706407178229,0.003009330015643961,0.9244936059125738
2015-07-09,1118764.205773393,86012.17729503507,3504.853125039607,1029247.1753533182,0.0768814168804905,0.0031327898291282296,0.9199857932903812
2015-07-10,1117709.8747571001,90622.77404675813,3681.9323243291083,1023405.1683860128,0.08107897773243902,0.003294175355773128,0.9156268469117878
2015-07-13,1121619.816067616,92945.52636835059,3911.062654804433,1024763.2270444611,0.0828672291955543,0.003486977136795395,0.9136457936676504
2015-07-14,1118509.4810734661,90746.15637789632,3994.11798134186,1023769.2067142279,0.08113132513709637,0.0035709290345117043,0.9152977458283919
2015-07-15,1117489.614220028,87537.73527299942,3763.5055973351436,1026188.3733496935,0.07833427188860091,0.003367821543435059,0.9182979065679641
2015-07-16,1123674.302303707,88212.91382516007,3851.6619524471216,1031609.7265260998,0.07850398789427673,0.0034277387536144734,0.9180682733521088
2015-07-17,1134027.8053381147,91614.49199517207,4063.048863721325,1038350.2644792214,0.080786812778243,0.0035828476555827583,0.9156303395661743
2015-07-20,1132340.869515283,91815.67741959347,4124.94941316012,1036400.2426825294,0.08108483928421366,0.0036428513040652425,0.915272309411721
2015-07-21,1132120.939818518,91934.67053752927,4177.785890193288,1036008.4833907954,0.08120569746927093,0.0036902293237884975,0.9151040732069405
2015-07-22,1131555.8488560594,91739.4932319781,4228.491677542564,1035587.8639465388,0.08107376522751543,0.003736882878399096,0.9151893518940856
2015-07-23,1135021.175275491,93806.01705652164,4346.272084728835,1036868.8861342405,0.08264693126430275,0.003829243171321374,0.9135238255643758
2015-07-24,1129420.6962307848,92161.4099654867,4281.7690607193745,1032977.5172045787,0.08160060309949776,0.003791119708545204,0.914608277191957
2015-07-27,1121744.8399193378,84271.10301270153,3961.1373481455253,1033512.5995584907,0.07512501953542419,0.003531228499727587,0.9213437519648482
2015-07-28,1124132.1855806268,84102.56080667612,3887.7691621831736,1036141.8556117676,0.07481554383503058,0.003458462636380345,0.9217259935285892
2015-07-29,1130271.8740288161,86734.9709599251,4077.3212354545767,1039459.5818334364,0.07673814854010408,0.003607380957752317,0.9196544705021436
2015-07-30,1123271.7173997147,84197.88632437632,3964.387591874956,1035109.4434834635,0.07495771950823063,0.00352932200683571,0.9215129584849336
2015-07-31,1122440.8508362267,84226.26101206764,3927.0232388215345,1034287.5665853376,0.07503848505631139,0.0034986460408099663,0.9214628689028788
2015-08-03,1124659.0830462968,84502.94427949228,3832.059962860352,1036324.0788039443,0.07513649740915639,0.00340730806395186,0.9214561945268919
2015-08-04,1125469.93229843,87127.26771703619,4036.308758880808,1034306.355822513,0.07741412295138374,0.0035863319339308115,0.9189995451146854
2015-08-05,1125928.9787995957,85334.10142015187,3984.086996158408,1036610.7903832855,0.07578995036714523,0.00353848872457837,0.9206715609082764
2015-08-06,1127033.647339655,84560.63312487962,3960.043031136592,1038512.9711836389,0.07502937762726396,0.0035136866059715345,0.9214569357667646
2015-08-07,1129444.009792308,86217.76785222789,4072.508253220871,1039153.7336868593,0.07633646918724404,0.0036057637367697044,0.9200577670759862
2015-08-10,1133304.4004805628,90133.00290816542,4266.021627889168,1038905.3759445081,0.0795311505628547,0.003764232827544142,0.916704616609601
2015-08-11,1132265.848214114,89742.54673956725,4286.980592146987,1038236.3208823999,0.07925925424767975,0.003786196147228764,0.9169545496050915
2015-08-12,1130421.123829582,88627.13662614116,4236.672874898142,1037557.3143285428,0.07840187586542505,0.003747871289369896,0.9178502528452052
2015-08-13,1130741.8306507145,89936.60256979239,4337.3489324243465,1036467.8791484978,0.07953769828965827,0.003835843704418636,0.9166264580059232
2015-08-14,1130267.722612004,89894.15249337944,4383.502662414274,1035990.0674562104,0.07953350404949865,0.0038782870418383464,0.9165882089086631
2015-08-17,1127211.5550801854,89989.70997747991,4482.714478172696,1032739.1306245328,0.07983391367122598,0.003976817357815156,0.9161892689709589
2015-08-18,1117643.1879944731,84418.44703277413,4147.703294360937,1029077.0376673382,0.07553255631097855,0.003711115800565724,0.9207563278884557
2015-08-19,1119676.5889162486,85758.50546097237,4239.035720902765,1029679.0477343736,0.0765922109204581,0.003785946551767944,0.919621842527774
2015-08-20,1116662.6897885092,83007.02957176254,4090.906856671539,1029564.7533600751,0.07433491808299218,0.003663511724786236,0.9220015701922215
2015-08-21,1112905.3834671192,79213.19328518513,3869.016068765675,1029823.1741131685,0.07117693423173695,0.0034765004520979433,0.9253465653161652
2015-08-24,1107292.7706912614,72283.86077617698,3560.6748331653944,1031448.2350819191,0.06527980917914922,0.0032156579790027294,0.9315045328418481
2015-08-25,1103012.024270812,67150.69468701755,3293.97316681164,1032567.356416983,0.06087938590824525,0.002986343842433854,0.9361342702493209
2015-08-26,1103464.4017576938,66770.35315231027,3170.534816358541,1033523.513789025,0.0605097482491983,0.002873255187306666,0.9366169965634951
2015-08-27,1110204.2108266982,70741.38636533763,3281.088194870147,1036181.7362664904,0.06371925603908585,0.0029553915963144565,0.9333253523645997
2015-08-28,1114888.7884154627,73756.95018331925,3477.687718418572,1037654.150513725,0.06615632962651496,0.0031193135625314167,0.9307243568109538
2015-08-31,1117528.1358691384,74292.05685689923,3344.746150006585,1039891.3328622327,0.0664789140177843,0.0029929860758317875,0.930528099906384
2015-09-01,1120700.9224545856,74193.76846567755,3135.3048355854726,1043371.8491533226,0.06620300472598578,0.0027976284954941005,0.9309993667785202
2015-09-02,1120616.9973879242,74276.49451751678,3111.5956604187754,1043228.9072099886,0.0662817846692044,0.0027766807639645623,0.9309415345668309
2015-09-07,1117164.1732555793,71731.03905040148,3122.268433534012,1042310.8657716438,0.06420814484353429,0.0027948161141215853,0.9329970390423441
2015-09-08,1115491.715565349,73574.5267539968,3239.818717788134,1038677.3700935639,0.0659570355631983,0.0029043861756930596,0.9311385782611086
2015-09-09,1117289.879806013,75015.18956236682,3329.3413885980563,1038945.3488550482,0.06714031060174927,0.002979836700191096,0.9298798526980596
2015-09-10,1114237.660205739,74094.00303454096,3273.0821778135264,1036870.5749933847,0.06649748584234698,0.002937508123005972,0.9305650060346471
2015-09-11,1111779.4201045823,73865.05256516422,3300.02291721911,1034614.3446221991,0.06643858595459154,0.0029682352969878545,0.9305931787484207
2015-09-14,1111769.2566221023,72407.32575279071,3074.614851858458,1036287.3160174531,0.06512801583737482,0.002765515266360293,0.9321064688962648
2015-09-15,1109124.1101960738,69562.80396059233,2900.926784262122,1036660.3794512193,0.06271868343777581,0.0026155114270749093,0.9346658051351493
2015-09-16,1112513.1435260659,73027.7967886734,3092.425664071618,1036392.9210733209,0.0656421878821267,0.0027796756218720245,0.9315781364960013
2015-09-17,1110590.643226633,71433.38090138629,3031.7306255628846,1036125.531699684,0.06432017173658937,0.0027298362759069395,0.9329499919875037
2015-09-18,1110808.327407444,71748.40211116141,3068.0537901877537,1035991.8715060947,0.06459116333653857,0.00276200107119146,0.9326468355922699
2015-09-21,1112355.4087060331,73005.64936135529,3176.589261069436,1036173.1700836084,0.06563158572337989,0.002855732292221835,0.9315126819843982
2015-09-22,1112369.8233284578,73684.96692866269,3199.7053011222383,1035485.1510986729,0.0662414292291577,0.0028764761808694242,0.930882094589973
2015-09-23,1110809.6084522337,72007.74971143247,3163.4558397658243,1035638.4029010355,0.06482456504113765,0.0028478830356659245,0.9323275519231965
2015-09-24,1111283.548337997,72492.64989798925,3209.4556511318588,1035581.4427888759,0.06523326112980538,0.0028880618775755534,0.9318786769926192
2015-09-25,1109653.703433815,71322.03858743652,3104.3909109364063,1035227.2739354421,0.06427414099257364,0.0027976213672156387,0.9329282376402108
2015-09-28,1110168.1011844187,71560.39684039573,3160.962226506401,1035446.7421175165,0.06445906413997052,0.002847282517966447,0.932693653342063
2015-09-29,1109922.905414866,70150.29922065572,3101.9660275108854,1036670.6401666994,0.06320285749435453,0.0027947580975017676,0.9340023844081436
2015-09-30,1112969.3979812947,70681.96833844908,3112.193209503589,1039175.2364333421,0.06350755776991904,0.002796297198421169,0.9336961450316599
2015-10-08,1114089.5996339058,72746.09385983681,3238.6198342532534,1038104.8859398158,0.06529644822439906,0.0029069653242589076,0.9317965864513421
2015-10-09,1117813.6496714458,73709.03390425946,3288.1998652958364,1040816.4159018906,0.06594035949187455,0.0029416350983567994,0.9311180054097687
2015-10-12,1125910.5187773616,76083.05446824785,3414.5785389186167,1046412.885770195,0.06757469017241909,0.0030327263863086954,0.9293925834412722
2015-10-13,1124562.2885662438,76024.54659936177,3456.9398002724406,1045080.8021666097,0.06760367777963545,0.0030740314124172276,0.9293222908079474
2015-10-14,1126761.3248073843,75165.39319824238,3417.5099449105332,1048178.4216642315,0.06670924138356597,0.0030330380264824443,0.9302577205899517
2015-10-15,1126987.0801176217,76946.36202468154,3521.5628702032245,1046519.155222737,0.06827617049225691,0.0031247588657677293,0.9285990706419754
2015-10-16,1123892.3261453914,77989.06217647801,3581.697077774815,1042321.5668911386,0.06939193405115306,0.0031868685233032473,0.9274211974255436
2015-10-19,1124357.5938543219,77991.63581552982,3581.6003719537152,1042784.3576668383,0.06936550812822176,0.0031854637630683957,0.9274490281087099
2015-10-20,1130442.1233949538,78952.02481896225,3639.894499607634,1047850.2040763838,0.06984172226513714,0.003219885763524337,0.9269383919713384
2015-10-21,1127040.1704620933,76647.09940639746,3411.53479849125,1046981.5362572046,0.06800742459336803,0.00302698598319925,0.9289655894234328
2015-10-22,1127402.3723277305,77778.71718203352,3539.3820650647094,1046084.2730806322,0.06898931480997772,0.0031394133558163453,0.9278712718342058
2015-10-23,1129805.0373579718,78809.44074212984,3627.7781321397006,1047367.8184837023,0.06975490295779196,0.003210977126304192,0.9270341199159039
2015-10-26,1131433.9355308139,79207.11318011464,3652.436140103854,1048574.3862105955,0.07000595500342184,0.003228147950494616,0.9267658970460837
2015-10-27,1133331.642845575,79286.95395020019,3675.1433355868794,1050369.545559788,0.06995918136647636,0.003242778368350601,0.926798040265173
2015-10-28,1133573.103694934,77787.24121623214,3582.3716923666598,1052203.4907863352,0.06862128341143683,0.003160247610577345,0.9282184689779859
2015-10-29,1130970.8911473956,77972.29706308556,3612.904246300701,1049385.6898380094,0.06894279744369096,0.0031945156808017646,0.9278626868755073
2015-10-30,1131525.644404288,77989.37299614237,3600.7034686609436,1049935.5679394845,0.06892408791777872,0.0031821669146142938,0.9278937451676069
2015-11-02,1130466.8520540085,76706.8377572208,3525.214720440467,1050234.7995763472,0.06785412382313365,0.0031183707103267177,0.9290275054665397
2015-11-03,1129619.426754277,76475.79676189605,3516.91636498855,1049626.7136273924,0.06770049713259015,0.003113363918584215,0.9291861389488257
2015-11-04,1129852.8219280527,80073.83004794974,3693.7187844892546,1046085.2730956136,0.07087102717618271,0.0032692034863320146,0.9258597693374852
2015-11-05,1131430.9519497117,81782.60558117297,3698.0182731544,1045950.3280953842,0.07228245386096521,0.003268443617157439,0.9244491025218773
2015-11-06,1131806.3447798106,83711.44833380493,3784.6184650751297,1044310.2779809306,0.07396269575612843,0.0033438745793666807,0.922693429664505
2015-11-09,1123165.6808707258,84748.21462141912,3833.8941974904083,1034583.5720518162,0.07545477578670201,0.003413471638946634,0.9211317525743513
2015-11-10,1125794.08347171,84591.17617972563,3849.7550177854264,1037353.152274199,0.07513911950830687,0.003419590735379954,0.9214412897563131
2015-11-11,1129873.3358893238,84600.14284440067,3905.484071422888,1041367.7089735002,0.07487577603361341,0.003456568048266118,0.9216676559181204
2015-11-12,1129953.365343025,83754.47981652805,3904.3592920103183,1042294.5262344866,0.07412206767586584,0.003455327814192628,0.9224226045099415
2015-11-13,1128714.6989686876,82671.36688354072,3845.7392416000757,1042197.5928435468,0.07324381170820046,0.0034071845127151682,0.9233490037790844
2015-11-16,1129466.8418356765,83066.03998904274,3922.8578506118824,1042477.9439960218,0.0735444697553395,0.0034731943473756354,0.9229823358972847
2015-11-17,1130443.752367544,82939.36427805945,3888.0581786191046,1043616.3299108655,0.07336885546437447,0.0034394087901110986,0.9231917357455145
2015-11-18,1127534.8702366073,81994.68491893235,3825.324359907085,1041714.8609577679,0.07272030966255279,0.003392643953534103,0.9238870463839132
2015-11-19,1129512.707019445,83305.28796267656,3922.740070056479,1042284.6789867119,0.07375329860830192,0.0034729490387122733,0.9227737523529858
2015-11-20,1129650.6504505628,83292.37564304235,3967.28278355197,1042390.9920239686,0.073732862110796,0.003511955472224633,0.9227551824169795
2015-11-23,1129145.1955526958,82827.8540640811,3935.7309835743813,1042381.6105050404,0.07335447592595777,0.0034855844926550065,0.9231599395813873
2015-11-24,1131558.4793914822,82840.0297586285,3963.3362006931725,1044755.1134321605,0.07320879235793218,0.003502546508090801,0.923288661133977
2015-11-25,1132281.190465322,83451.72053836622,4026.2977595773846,1044803.1721673784,0.07370229342418991,0.003555916845993651,0.9227417897298165
2015-11-26,1133909.0442898674,82962.2761974087,4001.7494221372413,1046945.0186703216,0.07316484211426803,0.0035291626275398614,0.9233059952581922
2015-11-27,1128687.1343437904,78494.92354873064,3748.678788681282,1046443.5320063785,0.06954533383103279,0.0033212736059587797,0.9271333925630085
2015-11-30,1130214.2153170747,78702.77810628767,3765.083007060551,1047746.3542037264,0.06963527536610226,0.0033313003464606754,0.9270334242874371
2015-12-01,1129391.462796476,79260.70210028315,3783.147875328428,1046347.6128208644,0.07018000818248302,0.0033497223947142386,0.9264702694228028
2015-12-02,1133858.031418761,82135.24998335412,3763.793290798248,1047958.9881446087,0.07243874251221809,0.0033194572746366945,0.9242418002131453
2015-12-03,1134882.5985470123,82738.69766498182,3847.469943239275,1048296.4309387911,0.07290507209372317,0.003390192032343418,0.9237047358739333
2015-12-04,1133086.8703898261,81156.32007213905,3817.5712543103627,1048112.9790633768,0.0716240936091847,0.0033691779104253225,0.92500672848039
2015-12-07,1133884.2250382593,81377.30873169548,3863.592075781074,1048643.3242307827,0.07176862234673885,0.0034073955616153928,0.9248239820916457
2015-12-08,1132879.40745284,79951.98516925983,3762.9223206545225,1049164.4999629254,0.07057413582000176,0.0033215559360506492,0.9261043082439475
2015-12-09,1133013.9943828166,80237.09394837341,3747.7426920130024,1049029.1577424302,0.07081739002886785,0.003307763814563031,0.9258748461565691
2015-12-10,1133161.8667050302,79953.45582126592,3735.513807608964,1049472.8970761553,0.07055784188515969,0.003296540341999828,0.9261456177728404
2015-12-11,1132818.9475161005,79621.88883997513,3705.2710878225616,1049491.7875883027,0.07028650872635893,0.00327084137844534,0.9264426498951956
2015-12-14,1133929.4276991806,81900.66729857522,3781.6700723823747,1048247.090328223,0.07222730559586694,0.003335013608435614,0.9244376807956974
2015-12-15,1134298.6182306365,81526.95455369183,3810.7170802083438,1048960.9465967363,0.07187433118878664,0.0033595360330708895,0.9247661327781425
2015-12-16,1134898.503677844,81329.49626976279,3826.5849061303315,1049742.422501951,0.07166235218938066,0.003371741960826973,0.9249659058497924
2015-12-17,1136895.5384453344,82884.10959095931,3921.541610575956,1050089.8872437992,0.07290389203593893,0.0034493420705463663,0.9236467658935147
2015-12-18,1139844.7874236356,83149.50450986956,3912.965199073626,1052782.3177146923,0.0729480938346092,0.0034328930063522154,0.9236190131590385
2015-12-21,1146116.6056453881,85313.30406572988,3958.296900904894,1056845.0046787534,0.0744368449471066,0.003453659847006529,0.9221094952058869
2015-12-22,1145790.6086062896,85550.90161755294,3992.876582631199,1056246.8304061054,0.0746653890989863,0.0034848222289830355,0.9218497886720306
2015-12-23,1145925.438032811,85322.48071023407,3950.5281335958125,1056652.4291889812,0.07445727084713784,0.0034474565294384343,0.9220952726234237
2015-12-24,1146517.150261482,84506.45650472138,3940.2370078077956,1058070.4567489529,0.07370710197003882,0.0034367013235773753,0.9228561967063839
2015-12-25,1146267.7779134673,84700.65234176922,3960.1036828011624,1057607.0218888968,0.07389255283433724,0.0034547806010997496,0.922652666564563
2015-12-28,1148219.2146029642,82260.59594910753,3864.170171085304,1062094.4484827714,0.07164189111532324,0.0033653592641031287,0.9249927496205737
2015-12-29,1148364.1439959651,83016.24178349602,3900.2692488235825,1061447.6329636455,0.07229086890036833,0.003396369757115376,0.9243127613425163
2015-12-30,1148171.4987462086,83089.04702754015,3934.146987518864,1061148.3047311497,0.07236640790881199,0.0034264454324244346,0.9242071466587637
2015-12-31,1146177.9576080937,82335.01392576522,3871.4524211257635,1059971.4912612028,0.07183440702138993,0.003377706223913885,0.9247878867546963
2016-01-04,1136794.5773691232,76554.60193809295,3549.0959352807267,1056690.8794957495,0.06734251153384528,0.0031220204652052247,0.9295354680009494
2016-01-05,1136333.6553974454,76768.9548235196,3501.495460596742,1056063.205113329,0.06755846265652389,0.003081397302601281,0.9293601400408747
2016-01-06,1138107.732570678,78115.7125979886,3590.874633723934,1056401.1453389653,0.06863648349137064,0.0031551271737809195,0.9282083893348484
2016-01-07,1133504.878343834,72699.71589643226,3284.231894377079,1057520.9305530246,0.06413710014433634,0.00289741310966008,0.9329654867460035
2016-01-08,1137541.2775196666,74182.2085029923,3339.21650475274,1060019.8525119214,0.06521276191817997,0.002935468427162204,0.9318517696546578
2016-01-11,1134067.1091070608,70450.24995762376,3114.69760462268,1060502.1615448145,0.06212176456920148,0.0027464843831641705,0.9351317510476345
2016-01-12,1137402.2347812457,70963.550478815,3118.7685143919216,1063319.9157880389,0.06239090122102958,0.0027420101869166345,0.9348670885920538
2016-01-13,1137247.688247433,69643.20265860617,3010.712541673785,1064593.773047153,0.061238376985343033,0.0026473674756934207,0.9361142555389634
2016-01-14,1137458.0320693974,71092.89556514772,3112.751611136193,1063252.3848931135,0.0625015548360999,0.0027365858988864047,0.9347618592650138
2016-01-15,1136065.205523845,68823.3970600215,2995.282590835135,1064246.5258729884,0.06058049901131045,0.002636541086084928,0.9367829599026046
2016-01-18,1135224.9619124641,69088.1606685114,3038.597372381202,1063098.2038715715,0.06085856370892477,0.002676647778482786,0.9364647885125924
2016-01-19,1134586.341743429,71127.15955432116,3149.4849062915096,1060309.6972828163,0.06268994869533304,0.002775888260255227,0.9345341630444117
2016-01-20,1133123.511834556,70051.4323932216,3119.7065265025235,1059952.3729148319,0.06182153283520394,0.002753191945908561,0.9354252752188875
2016-01-21,1133393.2476210657,67998.43506407346,2991.8297559811854,1062402.982801011,0.05999544748197388,0.002639710234961151,0.9373648422830649
2016-01-22,1134294.1150369444,68707.1827527463,3039.462677526162,1062547.469606672,0.06057263441810988,0.002679607199960802,0.9367477583819294
2016-01-25,1133265.9720279316,69047.5581361034,3070.3193026284075,1061148.0945891999,0.060927937342498434,0.002709266296184823,0.9363627963613168
2016-01-26,1129468.1075747446,64890.48085096116,2840.594942086447,1061737.031781697,0.05745224713807771,0.0025149846401470574,0.9400327682217752
2016-01-27,1127285.1159673706,64666.349130101946,2802.4173460648053,1059816.349491204,0.057364679276022415,0.002485988066701239,0.9401493326572764
2016-01-28,1124766.5498867796,62976.03543019021,2678.94283779719,1059111.5716187921,0.055990316778650163,0.002381776767869613,0.9416279064534802
2016-01-29,1127387.6672617982,65013.62505653401,2779.515709813772,1059594.5264954504,0.057667497121411,0.0024654480357805104,0.9398670548428085
2016-02-01,1126065.832042122,223072.71069462533,116980.55792371466,786012.563423782,0.198099173553719,0.10388429752066115,0.6980165289256198
2016-02-02,1134648.4854400717,227708.38469557033,121035.22104190855,785904.8797025929,0.20068628092096205,0.10667199806375736,0.6926417210152807
2016-02-03,1135048.5302290057,226732.1988503804,121545.3844986002,786770.9468800251,0.19975551072220255,0.10708386580975297,0.6931606234680444
2016-02-04,1139979.5207681828,229509.6682862976,123956.96647243692,786512.8860094484,0.20132788712874505,0.10873613447801912,0.689935978393236
2016-02-05,1137347.6013673695,227897.13335691806,122715.7853671484,786734.6826433031,0.20037597396163676,0.10789646473920028,0.6917275612991629
2016-02-15,1137584.463776309,226583.53428024877,122798.98666962732,788201.9428264329,0.19917952600028074,0.10794713762350935,0.6928733363762098
2016-02-16,1149582.097043703,233529.2259400755,127879.30354713649,788173.5675564911,0.20314271293944614,0.11123981825742973,0.6856174688031241
2016-02-17,1153116.79677363,235550.42139058688,129371.527140228,788194.8482428151,0.20427282132187008,0.1121929083872543,0.6835342702908757
2016-02-18,1151588.253739391,234810.55751699905,129062.07044730858,787715.6257750834,0.2039014871457152,0.11207310427856781,0.684025408575717
2016-02-19,1152604.757560638,234648.0686111973,129547.08570804955,788409.6032413912,0.20358068719740866,0.11239506418680918,0.6840242486157823
2016-02-22,1160440.8474959887,239821.589227937,132238.03777237717,788381.2204956745,0.20666420847338018,0.11395500085827018,0.6793807906683497
2016-02-23,1157896.2222494364,237552.8769938407,131518.26613278213,788825.0791228137,0.20515903966967652,0.11358381140348016,0.6812571489268434
2016-02-24,1161536.6233657124,239104.80993924144,132396.676632283,790035.136794188,0.2058521488942831,0.11398407417292224,0.6801637769327947
2016-02-25,1135735.6853020987,224433.81701098947,121889.27918471512,789412.5891063941,0.19761095817931568,0.10732187141966339,0.6950671704010208
2016-02-26,1139077.4786216735,226685.33706324373,122385.12477243855,790007.0167859913,0.19900782986030194,0.1074423180770189,0.6935498520626792
2016-02-29,1127263.464332181,221259.39683529793,115918.05000921334,790086.0174876698,0.19628011005073911,0.10283137321219409,0.7008885167370669
2016-03-01,1135148.95199122,225352.25315795725,118587.17902872548,791209.5198045373,0.19852218756195467,0.10446838612739406,0.6970094263106513
2016-03-02,1150767.4242834852,234628.6533069514,124642.83332582733,791495.9376507065,0.20388885569387818,0.10831279257269127,0.6877983517334306
2016-03-03,1151313.4734053423,235173.69566858347,125159.10394146292,790980.6737952959,0.20426556372435156,0.1087098403975667,0.6870245958780817
2016-03-04,1150222.7683966104,237901.00501725206,121791.94856812574,790529.8148112326,0.20683037369263846,0.10588553097231895,0.6872840953350426
2016-03-07,1153644.8615273237,238742.9366740081,124629.82276171164,790272.1020916041,0.20694664765197632,0.10803135949196079,0.685021992856063
2016-03-08,1154274.97648108,238960.67023225478,124884.94000890484,790429.3662399204,0.20702230846305766,0.10819340499750656,0.6847842865394358
2016-03-09,1148898.875137131,236210.47187855176,121693.8800217973,790994.5232367819,0.2055972696903877,0.10592218571653846,0.688480544593074
2016-03-10,1143315.320435909,231692.00176198696,119633.7243269083,791989.5943470137,0.2026492583635198,0.10463755902553272,0.6927131826109474
2016-03-11,1145562.2832917701,232087.03662499116,119352.82434218872,794122.4223245903,0.20259661129737067,0.10418711062940086,0.6932162780732285
2016-03-14,1151244.8690293333,235732.19562222328,123287.40954945331,792225.2638576569,0.20476286319606338,0.10709051815657819,0.6881466186473585
2016-03-15,1150586.0016483706,236431.1415822432,122187.06941922444,791967.7906469031,0.20548758740635076,0.10619551189061477,0.6883169007030345
2016-03-16,1151414.8866289412,237604.0764756327,120518.84936044377,793291.9607928647,0.20635835026528,0.10467021988337605,0.688971429851344
2016-03-17,1158003.6175507023,240231.50235330025,124487.29403218447,793284.8211652176,0.2074531536105343,0.1075016451982145,0.6850452011912512
2016-03-18,1166073.1329393513,243903.92132977516,128891.53000774913,793277.681601827,0.20916691624217437,0.11053468806270225,0.6802983956951234
2016-03-21,1174533.7633860498,249861.2746082549,132146.04114044478,792526.4476373501,0.21273230484914518,0.11250935925373698,0.6747583358971178
2016-03-22,1173026.360228044,248043.03411293065,131626.3107606394,793357.015354474,0.21145563520389216,0.11221087200039596,0.6763334927957119
2016-03-23,1175619.7332064328,248835.28356388732,132568.22864044254,794216.2210021028,0.21166307142974192,0.11276454868520333,0.6755723798850547
2016-03-24,1171017.257923811,244664.555376073,130390.00007565143,795962.7024720865,0.20893334724191692,0.11134763317393816,0.6797190195841449
2016-03-25,1174389.3356437194,245892.28211495013,131668.3436363931,796828.7098923761,0.20937884452107094,0.11211643331572113,0.6785047221632079
2016-03-28,1171670.6863190236,243732.3643088524,130809.20769416564,797129.1143160056,0.20802121889263409,0.11164332198590891,0.6803354591214571
2016-03-29,1166821.0385174365,241093.47400048046,128297.93252485304,797429.6319921028,0.20662420889052016,0.10995510732979967,0.68342068377968
2016-03-30,1178147.9126586744,247311.51578842683,132969.77343981303,797866.6234304345,0.20991550647518428,0.11286339517399475,0.6772210983508209
2016-03-31,1178469.4190660473,247450.9994833315,133366.42227398398,797651.9973087318,0.20997659801765559,0.11316918378728795,0.6768542181950564
2016-04-01,1180317.811032904,247743.73401572029,132688.6541159876,799885.4229011962,0.20989578544012488,0.11241773433874633,0.6776864802211288
2016-04-05,1185929.445439948,251018.65843567412,136199.5959038966,798711.1911003772,0.21166407445305732,0.11484628906685947,0.6734896364800832
2016-04-06,1186422.156821856,250483.7376745477,136997.99793508527,798940.421212223,0.21112530327782678,0.11547154370588497,0.6734031530162882
2016-04-07,1180043.3440126714,246774.574487063,134951.52184193095,798317.2476836775,0.20912331376567903,0.11436149572526366,0.6765151905090574
2016-04-08,1176904.742530314,244962.50878660448,133646.5406257195,798295.69311799,0.2081413218370941,0.11355765322041525,0.6783010249424907
2016-04-11,1183275.0170666582,248374.34660898428,136583.4233559697,798317.2471017042,0.20990415839650273,0.11542829974941948,0.6746675418540777
2016-04-12,1181070.1384542459,247478.9570894589,135467.12703688134,798124.0543279056,0.20953790044455192,0.1146986301881929,0.6757634693672552
2016-04-13,1185007.2127862638,250780.32637703227,137448.46923692277,796778.4171723088,0.2116276792842313,0.11598956339999421,0.6723827573157746
2016-04-14,1186236.1229526948,251891.2832228825,138697.051131471,795647.7885983413,0.21234497782439182,0.11692195883079007,0.6707330633448181
2016-04-15,1185535.1165837892,251612.43957235478,138317.85339367756,795604.823617757,0.21223533242726322,0.11667124107824922,0.6710934264944876
2016-04-18,1180437.3744537183,248248.12964283282,136083.1901542493,796106.0546566361,0.2103018211853186,0.11528200741460407,0.6744161714000773
2016-04-19,1182109.9333711201,249005.53468637308,136668.75612148305,796435.6425632639,0.21064498965528825,0.11561425233246583,0.6737407580122459
2016-04-20,1170571.806325277,244601.3737943752,130472.194718935,795498.2378119669,0.20895888015810082,0.11146022312678147,0.6795808967151177
2016-04-21,1164477.8959827586,243031.03297461531,129355.74414872508,792091.1188594182,0.208703861029075,0.11108475703573195,0.680211381935193
2016-04-22,1166257.3645175407,244130.50536779247,130236.13934340132,791890.7198063468,0.20932815757076467,0.11167015386631889,0.6790016885629164
2016-04-25,1160288.1175468776,243141.04442953682,129515.93349283231,787631.1396245084,0.20955230063339292,0.1116239419625011,0.6788237574041059
2016-04-26,1164303.2816067818,244458.13946721161,131004.20108459843,788840.9410549717,0.20996087817415604,0.1125172480007166,0.6775218738251273
2016-04-27,1163334.5336981644,243439.72685819122,130352.58618840364,789542.2206515694,0.20926029427177087,0.11205081806866103,0.678688887659568
2016-04-28,1164836.9021993144,243029.53091843516,129781.25080313986,792026.1204777394,0.20863824837586623,0.11141581328519165,0.6799459383389421
2016-04-29,1164761.6917916792,242734.49306790018,129678.72361500538,792348.4751087738,0.20839841727153394,0.11133498339521176,0.6802665993332544
2016-05-03,1173519.8457328887,247101.77206717784,133618.7522746001,792799.3213911108,0.21056462995975786,0.1138615190535208,0.6755738509867214
2016-05-04,1173099.0144075383,246788.1999184246,133669.2601629599,792641.554326154,0.21037286442786968,0.11394542022564752,0.6756817153464829
2016-05-05,1174701.4736405849,247130.98872811132,134406.5798020188,793163.9051104549,0.21037769533242642,0.11441764807314972,0.675204656594424
2016-05-06,1162524.485800989,240705.3358901917,129156.52438837214,792662.625522425,0.2070539922643812,0.11110004646429639,0.6818459612713224
2016-05-09,1153457.1169790588,235727.30883864666,124437.01583069663,793292.7923097154,0.20436590608242466,0.10788178771361796,0.6877523062039572
2016-05-10,1154775.8268535775,235996.27369803155,124334.10641860464,794445.4467369413,0.20436544324022748,0.1076694744791968,0.6879650822805757
2016-05-11,1155959.1698357624,237049.52506754588,123998.65299948725,794910.9917687292,0.20506738581538797,0.10726905952664822,0.6876635546579638
2016-05-12,1157984.4675417896,237612.99178863145,124064.62028288298,796306.8554702752,0.2051953186324206,0.10713841485823358,0.6876662665093458
2016-05-13,1156995.8134810664,236443.93586903138,123801.47922326298,796750.398388772,0.20436023459552533,0.10700252998390726,0.6886372354205674
2016-05-16,1158700.3559328073,238010.6133880996,125929.62665111088,794760.1158935969,0.20541170300797057,0.1086817881830473,0.6859065088089822
2016-05-17,1157634.3879978508,237296.81955854868,125448.7014069303,794888.8670323717,0.20498425238469095,0.10836642614245078,0.6866493214728582
2016-05-18,1152001.1844116386,235913.61639734192,122000.74384876082,794086.824165536,0.20478591479732725,0.10590331459691184,0.689310770605761
2016-05-19,1151651.5110577666,235488.0282333611,122770.69054319034,793392.7922812153,0.20447854752265338,0.10660402853153743,0.6889174239458093
2016-05-20,1155331.386744437,236696.5527942547,124204.28389666317,794430.5500535192,0.20487329913301552,0.10750533164917604,0.6876213692178085
2016-05-23,1157009.8381054727,237388.8902111779,125863.2805166709,793757.6673776238,0.20517447855057702,0.10878324139642902,0.6860422800529938
2016-05-24,1153846.5327629405,235569.06697881903,124426.92875941466,793850.537024707,0.20415979100334744,0.10783663617852926,0.6880035728181234
2016-05-25,1153293.8220320572,235236.20788717797,123820.47190864127,794237.1422362379,0.20396901760273134,0.1073624687336611,0.6886685136636075
2016-05-26,1153808.8160256152,235619.64290603407,124453.19452009442,793735.9785994868,0.2042102986503816,0.10786292563510061,0.6879267757145179
2016-05-27,1153666.0533373025,235487.93152564962,124349.27610267013,793828.8457089828,0.20412140137471738,0.10778619665799734,0.6880924019672853
2016-05-30,1153069.2991169333,235811.72743149736,123736.73156858838,793520.8401168477,0.20450785361477533,0.10731075024142168,0.6881813961438031
2016-05-31,1166363.3034382998,243720.38114609494,128849.90452719716,793793.0177650077,0.20895751814862173,0.1104715007299724,0.6805709811214058
2016-06-01,1166336.2896826402,243027.24038211544,129423.15775243865,793885.8915480861,0.20836806891110546,0.11096555847340964,0.6806663726154849
2016-06-02,1166964.4966899878,243531.03585142756,130292.23425674628,793141.226581814,0.20868761349825646,0.11165055545932286,0.6796618310424207
2016-06-03,1168756.9213023735,245240.13666103286,130697.57339751902,792819.2112438218,0.20982989036570235,0.11182613853689921,0.6783439710973985
2016-06-06,1168478.0005115494,244429.86324950482,131114.76005180393,792933.3772102408,0.20918653422871084,0.11220986616299411,0.6786035996082952
2016-06-07,1168368.6546963793,244296.40454417057,130973.94279950828,793098.3073527005,0.20909188513590787,0.11209984303588161,0.6788082718282106
2016-06-08,1167636.0945915605,243291.6134322804,130508.59238074163,793835.8887785386,0.20836253226428725,0.11177163243347113,0.6798658353022417
2016-06-13,1154210.0471777266,235783.3909501468,124497.88865005418,793928.7675775256,0.20428118047203292,0.10786415259031604,0.687854666937651
2016-06-14,1156507.72624552,236524.69393129408,124851.46265382033,795131.5696604055,0.2045163111007883,0.10795558025292006,0.6875281086462917
2016-06-15,1163831.4710255573,239630.02663791802,128969.6881494566,795231.7562381828,0.2058975312179506,0.11081474539935729,0.6832877233826923
2016-06-16,1162288.638251845,237961.96202249147,128486.56769764873,795840.1085317049,0.20473568629252126,0.11054617886560483,0.6847181348418739
2016-06-17,1164554.8103908035,239167.95324602147,129217.27080814526,796169.5863366369,0.2053728610384264,0.1109585136355946,0.6836686253259792
2016-06-20,1164478.6689319112,239346.13337118976,129678.70568220115,795453.8298785203,0.20553930248522628,0.11136202761115897,0.6830986699036148
2016-06-21,1162600.2726605493,238857.3885668458,128188.82703261834,795554.0570610851,0.20545099995567118,0.11026044810678134,0.6842885519375475
2016-06-22,1167186.266399895,240982.98046770215,130183.82974772698,796019.4561844659,0.20646488688647563,0.111536464654669,0.6819986484588553
2016-06-23,1165627.9016924961,239703.11985843818,129518.46019388635,796406.3216401716,0.20564291529946077,0.11111475626640804,0.6832423284341311
2016-06-24,1162119.987571064,236615.02456530192,127903.23547680839,797601.7275289535,0.20360636345292432,0.11006026644816405,0.6863333700989115
2016-06-27,1170155.8312547177,239951.2964116727,130949.37893292407,799255.1559101209,0.20505926646913447,0.1119076412177612,0.6830330923131044
2016-06-28,1172574.3548800712,241170.48894874039,132320.5498797307,799083.3160516003,0.20567607328697451,0.1128461912279023,0.6814777354851232
2016-06-29,1173428.9280117985,242323.04271542645,132595.5119823808,798510.3733139914,0.20650849568367718,0.11299833233789816,0.6804931719784247
2016-06-30,1173759.529140784,242517.62811872695,132666.8483678273,798575.0526542298,0.20661611011265216,0.11302728120549714,0.6803566086818508
2016-07-01,1175604.831258995,242539.2121876295,132407.8826798133,800657.736391552,0.206310152645329,0.11262958364845543,0.6810602637062154
2016-07-04,1182094.8851247549,246422.02243554126,135015.1262976615,800657.736391552,0.20846213407778563,0.1142168264127227,0.6773210395094916
2016-07-05,1183166.9145344074,246628.52409034222,135830.21261512052,800708.1778289446,0.2084477862427331,0.11480224045021711,0.6767499733070498
2016-07-06,1185462.025896225,247352.87206559555,136434.5212310452,801674.6325995842,0.20865524720506634,0.11508974412562806,0.6762550086693057
2016-07-07,1186200.6022066143,246826.2578009679,136919.68238854277,802454.6620171035,0.20808137960966513,0.11542708892057524,0.6764915314697595
2016-07-08,1183672.1393988323,245467.23242551577,136487.7007906069,801717.2061827098,0.20737772247489458,0.11530870436802439,0.6773135731570812
2016-07-11,1184538.2810825594,246316.79451694046,136761.63160609367,801459.8549595252,0.20794329609325035,0.11545564528409,0.6766010586226596
2016-07-12,1191377.761523089,251687.97853817686,138552.11488708065,801137.6680978314,0.21125791219773338,0.11629570348027309,0.6724463843219936
2016-07-13,1192835.8964212267,252432.7232666713,139666.0738907728,800737.0992637825,0.21162401636639683,0.11708741689431222,0.6712885667392909
2016-07-14,1192776.6143686497,251963.45083411853,139861.46672814598,800951.6968063852,0.21124110566795917,0.11725704967998242,0.6715018446520584
2016-07-15,1193390.5450070328,251926.16024339508,139545.93925920728,801918.4455044304,0.21110118669652309,0.11693233186993694,0.67196648143354
2016-07-18,1191860.5571781495,250830.02952017606,138918.8198081764,802111.707849797,0.2104524963172215,0.1165562690799004,0.6729912346028781
2016-07-19,1191774.5008850554,249769.77098539428,139349.19031194213,802655.5395877191,0.20957804584668166,0.11692580283304964,0.6734961513202689
2016-07-20,1191133.6003213753,248952.52429473004,139045.5484262524,803135.5276003927,0.20900470293807605,0.11673379744198052,0.6742614996199433
2016-07-21,1193275.5547120795,250099.69752668013,139582.5423342746,803593.3148511249,0.20959090005579278,0.11697427453623978,0.6734348254079676
2016-07-22,1189906.7119711586,247995.85887108571,138460.5778589917,803450.2752410814,0.208416219839843,0.11636254881664013,0.675221231343517
2016-07-25,1190640.3152474063,248435.80352472301,138847.4367135297,803357.0750091535,0.20865730846103586,0.11661576962869616,0.674726921910268
2016-07-26,1195974.151628931,251411.81601514565,140703.9657898263,803858.3698239592,0.21021509174986747,0.11764799899578583,0.6721369092543468
2016-07-27,1186430.9369502903,247463.6448564438,134958.60075473032,804008.6913391162,0.20857821315124064,0.11375175457042627,0.6776700322783331
2016-07-28,1187164.0929852775,247686.11467316974,135261.8527306262,804216.1255814817,0.20863679767329468,0.113936947326711,0.6774262549999944
2016-07-29,1185488.5500551546,246362.97544858567,134386.70854345907,804738.8660631097,0.20781556720823974,0.1133597693011938,0.6788246634905664
2016-08-01,1183014.176332815,244277.51286141342,132358.5443381212,806378.1191332804,0.20648739275351785,0.11188246682589628,0.6816301404205858
2016-08-02,1185002.569165835,245218.95839598132,133641.76042547927,806141.8503443743,0.2069353812191307,0.11277761238910597,0.6802870063917633
2016-08-03,1186071.5026395489,245561.52928086053,134289.1211129803,806220.852245708,0.20703771124622283,0.1132217752590176,0.6797405134947595
2016-08-04,1187132.4547933545,246159.962727718,135152.33158349455,805820.1604821419,0.20735677955209078,0.11384772696406542,0.6787954934838437
2016-08-05,1187721.6475569103,246453.8777232149,134395.2082219638,806872.5616117315,0.20750137730516183,0.11315379196666886,0.6793448307281693
2016-08-08,1192367.7946845372,248689.4608480422,136290.1806578935,807388.1531786015,0.20856774390978713,0.11430213166227923,0.6771301244279336
2016-08-09,1196538.063690521,250442.47285756006,137390.58757652531,808705.0032564357,0.2093058971188198,0.11482341577397637,0.6758706871072039
2016-08-10,1196079.8363416095,249393.6197812326,136886.2267295319,809799.989830845,0.2085091748925729,0.1144457272586578,0.6770450978487693
2016-08-11,1192840.808435741,248626.23561316577,134893.98458571028,809320.5882368651,0.20843203372561292,0.11308632604765305,0.6784816402267341
2016-08-12,1198926.8943947463,253307.12175105483,136470.76037153264,809149.0122721589,0.21127820464727481,0.11382742434886083,0.6748943710038644
2016-08-15,1208487.472298284,260934.19918697912,139578.33605595282,807974.937055352,0.2159180009460406,0.11549837235011196,0.6685836267038474
2016-08-16,1208972.6782205778,259767.04051401577,140149.63018542982,809056.0075211321,0.21486593137601173,0.115924563648294,0.6692095049756942
2016-08-17,1209152.5130535513,259367.25903866472,140571.48057228795,809213.7734425988,0.21450334530891207,0.11625620346046643,0.6692404512306216
2016-08-18,1208065.678755542,258708.72556796556,140615.76058866823,808741.1925989082,0.21415120892637868,0.11639744681226269,0.6694513442613585
2016-08-19,1207353.0526658879,258749.8602553309,140813.88819533767,807789.3042152193,0.21431167932528103,0.1166302498547666,0.6690580708199524
2016-08-22,1204211.4825350042,256579.46642750918,139097.9301537893,808534.0859537058,0.21306844366521052,0.11550955307366119,0.6714220032611284
2016-08-23,1204335.6030458547,256966.6448423483,139278.75746298922,808090.2007405172,0.21336797167870852,0.11564779544069181,0.6709842328805997
2016-08-24,1202035.5587848146,256046.44728716786,139416.5041541201,806572.6073435266,0.21301070955506124,0.1159836771343618,0.671005613310577
2016-08-25,1199327.3921448728,254440.01187688817,138279.28372973495,806608.0965382496,0.2121522559589409,0.11529736136722164,0.6725503826738374
2016-08-26,1200701.8895820128,254295.2355101302,138889.51020883425,807517.1438630483,0.21178881928690496,0.11567360009501138,0.6725375806180837
2016-08-29,1201419.3241804987,254348.3832143518,139253.40072558142,807817.5402405654,0.2117065857816509,0.1159074087813326,0.6723860054370164
2016-08-30,1201267.3920960769,254671.91435780044,139214.96678698115,807380.5109512953,0.21200268652379428,0.11589007385280528,0.6721072396234005
2016-08-31,1202723.4720558757,255887.4634050302,139398.17368327282,807437.8349675727,0.21275668875708303,0.11590209796520601,0.671341213277711
2016-09-01,1198591.3131586919,253871.58196832536,138255.66625176472,806464.0649386018,0.21180829460484593,0.11534846342863479,0.6728432419665193
2016-09-02,1198952.1717282406,254835.5323650591,137724.34972635919,806392.2896368223,0.21254853894440517,0.11487059531977424,0.6725808657358207
2016-09-05,1200292.2713555936,255263.65605943237,138479.07916285962,806549.5361333014,0.21266791609941893,0.11537113290454104,0.6719609509960399
2016-09-06,1203160.7422451805,257028.0384501152,140671.2029860077,805461.5008090576,0.21362734788909687,0.11691804598237271,0.6694546061285304
2016-09-07,1203301.3075421485,256888.98628131367,140700.3219250258,805711.9993358091,0.21348683382222247,0.11692858724837499,0.6695845789294026
2016-09-08,1204032.7195371282,256792.65291145816,141213.0338981206,806027.0327275494,0.21327713835731818,0.11728338574752999,0.6694394758951518
2016-09-09,1202549.2976839407,255137.88105609672,140196.30005405413,807215.1165737899,0.2121641761776266,0.11658258029343686,0.6712532435289366
2016-09-12,1193440.1446555862,250874.7822015304,136309.2174387554,806256.1450153003,0.2102114490827105,0.11421537816468606,0.6755731727526033
2016-09-13,1194260.445949777,250700.17335311815,136924.3809370565,806635.8916596025,0.20992085453666695,0.1146520270359977,0.6754271184273355
2016-09-14,1192401.0786018192,249039.03400448037,136017.11998896755,807344.9246083713,0.20885508951107085,0.11406994041674128,0.6770749700721879
2016-09-19,1195900.1520767265,250914.79600860213,137447.47602277153,807537.8800453529,0.209812496112555,0.11493223391943609,0.6752552699680089
2016-09-20,1195850.5817380561,250474.94237119905,137400.88132839982,807974.7580384574,0.20945337669791264,0.1148980344423135,0.675648588859774
2016-09-21,1196469.195377048,251184.78835787904,137438.1169672398,807846.2900519292,0.20993836642716251,0.11486974967535907,0.6751918838974783
2016-09-22,1199230.917193856,253067.41834662136,138345.4834154575,807818.0154317773,0.21102476155200134,0.11536183851828923,0.6736133999297095
2016-09-23,1197881.2271680383,251879.0137500656,138019.40311104726,807982.8103069254,0.21027044087295987,0.11521960606841196,0.6745099530586283
2016-09-26,1191041.3590030777,247620.49526459325,135223.13000401744,808197.7337344672,0.20790251605692006,0.11353353011788066,0.6785639538251994
2016-09-27,1193727.463755658,249194.61875299027,136206.60782853668,808326.237174131,0.20875335980709037,0.11410193026807716,0.6771447099248326
2016-09-28,1193333.6228169461,248436.07033350616,136084.70291453015,808812.8495689098,0.20818660061471805,0.11403743287924197,0.67777596650604
2016-09-29,1195501.9954870015,249473.78779928925,136463.97098155296,809564.2367061593,0.20867701496195598,0.11414784040235984,0.6771751446356842
2016-09-30,1197271.6738220276,250157.8449254349,137098.66491058815,810015.1639860045,0.20893991764363787,0.11450923621447644,0.6765508461418857
2016-10-10,1202984.7151571694,125493.17824025927,158674.6781314746,918816.8587854356,0.10431818181818182,0.131900826446281,0.7637809917355372
2016-10-11,1204599.524141891,125976.57796284073,159627.83692301039,918995.10925604,0.10457963450764392,0.1325152747646343,0.762905090727722
2016-10-12,1204267.6928621356,125727.1443384743,159537.16831163812,919003.3802120232,0.10440132628623754,0.13247649941722875,0.7631221742965337
2016-10-13,1204654.9442211608,125827.60032680075,159588.6988170028,919238.6450773574,0.10445115502194813,0.13247668934790355,0.7630721556301484
2016-10-14,1205130.3644436123,125949.65309911773,159211.27154430057,919969.439800194,0.1045112270134082,0.1321112439298678,0.763377529056724
2016-10-17,1203473.9070302884,124883.99308424609,157824.70058042125,920765.213365621,0.10376958931532786,0.13114094095307147,0.7650894697316007
2016-10-18,1207616.827396471,126539.58018056395,160190.49284212178,920886.7543737853,0.10478454532086436,0.13265009993896834,0.7625653547401673
2016-10-19,1207434.9357686765,126345.59500414714,159845.282330047,921244.0584344824,0.10463967147324016,0.13238417872039324,0.7629761498063667
2016-10-20,1208678.087198989,126435.67941338509,159918.6513146365,922323.7564709675,0.10460657866842715,0.1323087205835217,0.7630847007480512
2016-10-21,1209719.221633146,126783.75683881014,159353.65871954188,923581.8060747939,0.10480428397892978,0.13172780581630433,0.7634679102047658
2016-10-24,1212775.8258520241,128301.48519192752,160933.17218476997,923541.1684753266,0.10579159186471294,0.13269820254844533,0.7615102055868417
2016-10-25,1212474.2151356635,128296.73803697542,161521.0610627609,922656.4160359273,0.10581399293726038,0.13321607919281678,0.7609699278699229
2016-10-26,1209930.7177817347,127814.59889543247,160709.90229410373,921406.2165921986,0.10563794853457847,0.13282570640800523,0.7615363450574164
2016-10-27,1207955.7372839116,127467.71007403027,160389.286039027,920098.7411708543,0.10552349406497412,0.1327774529219608,0.7616990530130651
2016-10-28,1207779.922533013,127255.60380446709,158875.2111788186,921649.1075497272,0.10536323831048676,0.13154317952696054,0.7630935821625526
2016-10-31,1206811.585179585,298910.2744448939,224407.112946617,683494.1977880741,0.2476859504132231,0.18595041322314046,0.5663636363636364
2016-11-01,1211019.7947250637,300950.6359782547,226345.99040247579,683723.1683443332,0.24851008818281056,0.18690527717910904,0.5645846346380804
2016-11-02,1206338.0048785903,298648.0626623851,224508.96634436928,683180.9758718361,0.24756582438306085,0.18610784492938576,0.5663263306875534
2016-11-03,1210585.8422505313,301491.192218931,225503.7655742412,683590.8844573591,0.24904569481702005,0.18627655941772783,0.5646777457652521
2016-11-04,1209668.2817282095,300513.7577737572,224768.62329846917,684385.900655983,0.2484265829839103,0.18581013216065345,0.5657632848554361
2016-11-07,1209396.4868541253,300730.4281931121,224985.0754827056,683680.9831783074,0.24866156918924928,0.18603086574853164,0.5653075650622189
2016-11-08,1211850.7806473519,302031.9894863319,226180.19620366974,683638.5949573504,0.2492319964715384,0.18664030243298418,0.5641277010954775
2016-11-09,1208676.049443997,300413.7020866641,224454.89366702814,683807.4536903049,0.24854774132808985,0.18570310363168,0.5657491550402303
2016-11-10,1214561.8763202373,303778.6359637368,227355.2998029935,683427.9405535068,0.250113758620595,0.18719120387000185,0.562695037509403
2016-11-11,1218680.4015883496,306162.69069878024,228987.2561449794,683530.45474459,0.25122475941989997,0.18789770956071183,0.5608775310193882
2016-11-14,1219195.1162309488,307329.78287572396,230069.6789047767,681795.6544504482,0.25207596289083833,0.18870620119937817,0.5592178359097836
2016-11-15,1218414.3992825039,307295.9765996076,230954.98702920228,680163.4356536939,0.2522097381486686,0.18955372422158367,0.5582365376297477
2016-11-16,1218597.2928512227,307271.08562550304,231084.55277692567,680241.6544487941,0.25215145924587035,0.18963159866886276,0.558216942085267
2016-11-17,1217775.911940969,307893.00230280904,230816.0325265989,679066.877111561,0.2528322323374499,0.1895390032462619,0.5576287644162881
2016-11-18,1213511.3008143315,306183.58035402384,229628.48403924954,677699.2364210583,0.25231209643334856,0.1892264900089158,0.5584614135577358
2016-11-21,1216390.8620972144,308302.98309723445,229948.8157744843,678139.0632254955,0.2534571680073956,0.18904188031963914,0.5575009516729651
2016-11-22,1221278.1699101664,310744.7427233645,231677.57097147685,678855.856215325,0.2544422314092636,0.18970090244757126,0.5558568661431651
2016-11-23,1221211.7123614252,311314.9593262619,230631.5467385406,679265.2062966228,0.2549230048934597,0.18885467966285258,0.5562223154436878
2016-11-24,1220937.2797139133,312570.1812422654,230349.0230937859,678018.0753778622,0.25600838506258566,0.18866572994458866,0.5553258849928258
2016-11-25,1223341.6882379851,315487.08617361815,231384.44195259243,676470.1601117746,0.25788958980709914,0.18914130383790176,0.5529691063549991
2016-11-28,1225328.4367598074,316721.9026289017,232009.87409919026,676596.6600317154,0.2584791906620759,0.18934504997917512,0.552175759358749
2016-11-29,1222490.7799895685,319316.48845523765,230270.49607306864,672903.7954612623,0.2612015515225091,0.18836174459739774,0.5504367038800932
2016-11-30,1218867.1003843467,316983.5621905837,229045.687304456,672837.8508893071,0.26006408909603757,0.18791686741912286,0.5520190434848397
2016-12-01,1222539.4152132426,319405.63358928193,230398.20208798882,672735.5795359719,0.2612640783721229,0.1884587107956772,0.5502772108321998
2016-12-02,1215870.0016947126,316172.92917172477,226798.69097676815,672898.3815462196,0.2600384323414793,0.1865320228812702,0.5534295447772505
2016-12-05,1209078.134284949,310837.82716488105,225582.8231944417,672657.483925626,0.25708663348602456,0.186574231058981,0.5563391354549944
2016-12-06,1207587.4418207824,309918.9905477817,225752.23589466073,671916.21537834,0.2566431049336605,0.1869448356917946,0.556412059374545
2016-12-07,1211149.7189351625,311405.67194543936,228087.1912705192,671656.855719204,0.25711575297166883,0.18832287016592172,0.5545613768624095
2016-12-08,1210101.242274797,310903.3745965914,227023.16452324222,672174.7031549636,0.2569234405644793,0.18760675271804111,0.5554698067174797
2016-12-09,1211434.6164718638,313014.0976067276,226552.99954951458,671867.5193156217,0.2583829893505421,0.1870121560578473,0.5546048545916107
2016-12-12,1189856.095634522,305441.6605574257,217342.03424682998,667072.4008302662,0.2567047071306055,0.1826624539255116,0.5606328389438828
2016-12-13,1188454.93180983,305070.24349818786,218354.19610031744,665030.4922113247,0.25669483573400115,0.18372947114435237,0.5595756931216465
2016-12-14,1182555.6567714326,302732.7952925048,217008.9158981434,662813.9455807843,0.2559987714396581,0.1835084164161987,0.5604928121441431
2016-12-15,1169413.8403076977,299282.5496245561,218431.40934185576,651699.8813412858,0.2559252672653579,0.1867870909449659,0.5572876417896762
2016-12-16,1174006.3982609643,299783.84789517726,219757.50642797016,654465.0439378169,0.2553511193288571,0.18718595295008036,0.5574629277210625
2016-12-19,1176405.4780716305,298256.44919015135,219834.42155521997,658314.607326259,0.2535320131958708,0.18686960036566103,0.559598386438468
2016-12-20,1173313.8734128322,296471.9808546467,219135.5679290959,657706.3246290896,0.252679174407352,0.18676636567135582,0.5605544599212923
2016-12-21,1181816.7410650323,299112.3603161382,220769.0044524394,661935.3762964546,0.25309538266193743,0.1868047699624616,0.5600998473756008
2016-12-22,1182954.2456104252,298855.72191098693,220566.55927535653,663531.9644240817,0.25263506430611954,0.18645400707069637,0.560910928623184
2016-12-23,1176721.3139138112,296340.5521553841,218487.05775450848,661893.7040039187,0.2518357988857585,0.18567442874627113,0.5624897723679704
2016-12-26,1178503.0991856782,297666.67612627946,218930.80496880788,661905.6180905908,0.25258030830123496,0.18577024118144844,0.5616494505173166
2016-12-27,1178463.8161542243,297127.6017758148,218725.6668045521,662610.5475738574,0.25213128965253695,0.18560236114702033,0.5622663492004426
2016-12-28,1177987.0949019727,295828.8570284527,218078.02010514383,664080.2177683762,0.25113081315468094,0.1851276818302423,0.5637415050150768
2016-12-29,1179660.690138082,295459.3667860242,217464.78471260818,666736.5386394497,0.2504613142203119,0.184345199031048,0.5651934867486401
2016-12-30,1181376.094456445,296562.90752097,217847.9576632718,666965.229272203,0.25103174925629385,0.1844018671831212,0.5645663835605849
