trade_date,w_hs300,w_zz500,w_chinext,w_div,w_gold,w_nasdaq,w_bond,w_cbond,w_cash
2024-02-06,0.04724921102870093,0.029176049679966707,0.02879690034036229,0.05184879688379976,0.09584682238188579,0.04574222257460674,0.6018565229910822,0.09948347411959557,0.0
2024-02-07,0.04754526202039843,0.030915776171162472,0.029381724753227246,0.05239654327349769,0.09571172643926489,0.045165417901357835,0.5995649856189884,0.09931856382210293,0.0
2024-02-08,0.04766532792319195,0.031042754379370784,0.029609645618414834,0.052000006488764655,0.09575682336388185,0.04601303773408465,0.5983399646958051,0.09957243979648621,0.0
2024-02-19,0.048087765653051326,0.026811181490754968,0.02907727524477243,0.050142269288831254,0.09947625607622082,0.0460906205757978,0.5986877143682765,0.10162691730229491,0.0
2024-02-20,0.048120121484293676,0.026770426118064874,0.02903263965767837,0.050529117758491386,0.0992947453926033,0.045955615555333375,0.5980401134290927,0.10225722060444235,0.0
2024-02-21,0.04870338283560832,0.026724238782306342,0.029098029981523527,0.05068470623308691,0.09916051701639174,0.0452928838200617,0.5976007615011253,0.1027354798298961,0.0
2024-02-22,0.04899395064720965,0.02684737486878504,0.029110707008879324,0.051295760948982236,0.09883561394905513,0.045948887429669356,0.596285218607353,0.10268248654006626,0.0
2024-02-23,0.04896629601864957,0.02691929529970701,0.029074043662661822,0.05120477754654157,0.09850151200725052,0.04648074604992541,0.5961606166826336,0.10269271273263055,0.0
2024-02-26,0.04559749941726034,0.02606403681935096,0.028386205876553175,0.045278562433995945,0.10101207653080643,0.0436187056817093,0.6135928293486307,0.09645008389169324,0.0
2024-02-27,0.046038559928659684,0.026566468137994664,0.029004515262864964,0.04543342881331177,0.10067175981675745,0.043451993813088424,0.6123563256811708,0.09647694854615214,0.0
2024-02-28,0.04560188282382992,0.026032617461456523,0.028370077654126757,0.04518181597060363,0.10098205846910227,0.04369543645667439,0.6144262495815993,0.09570986158260722,0.0
2024-02-29,0.046302069546264125,0.026751777263992756,0.02920483145834346,0.045455726878541325,0.10065643911967066,0.04323646697737818,0.6124131822794884,0.09597950647632114,0.0
2024-03-01,0.04650806022987973,0.02686691940589652,0.029428928690201982,0.04537942454889951,0.10091593791481257,0.043859405015798957,0.6109926872570046,0.09604863693750605,0.0
2024-03-04,0.04424001394010454,0.025106777407061614,0.02689765705445094,0.04556480407384413,0.10147008707005144,0.04301126675168355,0.6212636393471521,0.09244575435565168,0.0
2024-03-05,0.0444970342147984,0.024905935041959162,0.02684976200373803,0.04584117221836288,0.102727012905804,0.04264129075984829,0.620576886760817,0.09196090609467232,0.0
2024-03-06,0.04425984905244592,0.024866082201791807,0.02679963905873154,0.04577262735678367,0.1033454408671384,0.04242656047385048,0.6206127209457747,0.09191708004348348,0.0
2024-03-07,0.043976721034756965,0.024518057522151426,0.026165716126415686,0.04593773445419827,0.10461108301550574,0.04212157129065213,0.6209027640925249,0.09176635246379476,0.0
2024-03-08,0.04409540670362984,0.02481420656583032,0.02637721910052498,0.046152707359920164,0.10435834446706324,0.0427578163216484,0.6196667556870948,0.0917775437942883,0.0
2024-03-11,0.04544279077095252,0.025189211980204226,0.025726225588150894,0.0468375380249099,0.10166804390556065,0.043024025336884784,0.6187756614641884,0.09333650292914872,0.0
2024-03-12,0.045629697965713034,0.025154578694199056,0.025985979893223266,0.04575496666210062,0.10143689610027344,0.0432658097312844,0.6193147052875726,0.0934573656656336,0.0
2024-03-13,0.04534337737715404,0.025132643719225474,0.02585602499528236,0.045651743564559824,0.10132225293071961,0.04355878254139908,0.6195877811526207,0.0935473937190388,0.0
2024-03-14,0.045248418851920096,0.025048345101105974,0.025709735082592864,0.045833223605943156,0.10154353864352895,0.04339463313103075,0.6197132492270334,0.0935088563568447,0.0
2024-03-15,0.04528321773406693,0.025297003585996777,0.025688070436230778,0.045898725317941876,0.10185789512890121,0.04307167499782827,0.6192219817159275,0.09368143108310677,0.0
2024-03-18,0.04550866385910495,0.02475916256833244,0.025293304337518988,0.04455346974399692,0.10750289266549859,0.04325091165348269,0.617676580334735,0.09145501483733043,0.0
2024-03-19,0.04520150859751739,0.024545064739519663,0.025048853040378117,0.04437663011856902,0.10777161712761867,0.04303982313469917,0.6184351705207402,0.09158133272095778,0.0
2024-03-20,0.045251134501913495,0.024586870755587725,0.025052407535994345,0.044599830484919424,0.10787766474501914,0.043158144694277076,0.6176654557533323,0.09180849152895641,0.0
2024-03-21,0.04506267956877738,0.024390734220594974,0.02481903680861667,0.04465945889404331,0.10971721071219373,0.04378315256272522,0.6159404813679968,0.09162724586505198,0.0
2024-03-22,0.044705720505172415,0.02408043967615512,0.02450702443773722,0.0445885562884386,0.10924932778888896,0.043911313815178744,0.617432958499631,0.09152465898879798,0.0
2024-03-25,0.04593399969592972,0.02482051679488873,0.025480945012036595,0.044921649925778795,0.09395251435295761,0.04381647860405167,0.6284268197565898,0.0926470758577671,0.0
2024-03-26,0.04614645328618177,0.02476036503819211,0.025581327634038895,0.04493931297617255,0.0940975443355051,0.044025532429145704,0.6280596047087599,0.09238985959200412,0.0
2024-03-27,0.045691334022556526,0.024203303020325168,0.02490557530088096,0.04494167144440208,0.09471450606467227,0.04413395006904139,0.6293892172382993,0.09202044283982228,0.0
2024-03-28,0.04586020060924653,0.024481911537697996,0.02510584957456223,0.04475904482867016,0.09531290366234103,0.04396985338712396,0.6283788611317133,0.09213137526864489,0.0
2024-03-29,0.04588904978947744,0.024673966488879068,0.02516077462354178,0.04523302629656562,0.09675842319047889,0.04372661584401626,0.6265248933259304,0.09203325044111059,0.0
2024-04-01,0.04615831891296225,0.024226712203514047,0.025255031813103707,0.04427700011771564,0.08399203907798054,0.04359569590649607,0.6386199445005922,0.0938752574676356,0.0
2024-04-02,0.04596430796559978,0.024136075679219656,0.025097236283851753,0.04454693182631033,0.08405391118583391,0.04346424573177369,0.6388221692814393,0.09391512204597173,0.0
2024-04-03,0.04573327176231349,0.024071684986852852,0.024790671429084823,0.04486250900883323,0.08510453129489351,0.042980764483124906,0.6385519162556503,0.09390465077924696,0.0
2024-04-08,0.04674242440485618,0.024309965271059584,0.025433795424852208,0.04500879007555092,0.07424960953015852,0.044430200608505284,0.6439162792440711,0.09590893544094624,0.0
2024-04-09,0.04663703771277937,0.02447819598704846,0.025685970204190875,0.0446778257895955,0.07435119684473913,0.04443357893374068,0.643589731072106,0.09614646345579986,0.0
2024-04-10,0.04629277410012386,0.02418787949926649,0.025176351727324565,0.04482604280659548,0.07467174171249985,0.044635191883442116,0.6441513163521654,0.09605870191858215,0.0
2024-04-11,0.04629553466441404,0.024313284336844487,0.02507065679140425,0.04524599184505942,0.07413158389239838,0.04424186356945666,0.644393963953868,0.09630712094655462,0.0
2024-04-12,0.045782467551755225,0.024127899468539053,0.024726025165576856,0.045059741324041454,0.07606506250342848,0.044776916370826245,0.6432909960085184,0.09617089160731436,0.0
2024-04-15,0.046755168209403467,0.02488704974296805,0.025750812981575204,0.04504188956932633,0.0633565479875626,0.046071382590533554,0.6498019525415275,0.09833519637710335,0.0
2024-04-16,0.04642500036621593,0.024285373550803797,0.02533703345462743,0.04516495367234942,0.06400014888463226,0.04498806693103451,0.6518375742999312,0.0979618488404056,0.0
2024-04-17,0.04695438398582222,0.02487875484703158,0.025767801471772298,0.045895444368713734,0.06384956877441256,0.044773603439301396,0.64939954491636,0.09848089819658626,0.0
2024-04-18,0.046983864702201214,0.024910660907760736,0.0256114660091443,0.04606264294948742,0.0636239486303534,0.04464259638772086,0.6495139251474669,0.09865089526586529,0.0
2024-04-19,0.04667332271472062,0.024779585550657696,0.025192589498314568,0.046161294068837413,0.06400980892221904,0.04383294388889511,0.6507696992873279,0.09858075606902764,0.0
2024-04-22,0.047446133105832726,0.024471998597704013,0.025982379079044958,0.04358682429554801,0.06046716986768255,0.043061883517029664,0.6583399596299172,0.09664365190724097,0.0
2024-04-23,0.04719849160802388,0.02423961161688847,0.02606881691622878,0.043004857421373735,0.05908429539054639,0.04324172281260148,0.6604364653933943,0.09672573884094297,0.0
2024-04-24,0.047371714701597005,0.02447693442749477,0.026232118106436997,0.04287906112771491,0.059662535943926856,0.044240310281437795,0.6582201361048922,0.09691718930649942,0.0
2024-04-25,0.04747425223761054,0.024452517704655334,0.026214263656314428,0.04318376311580106,0.05965628316791224,0.04350676341574659,0.6584874047529443,0.09702475194901553,0.0
2024-04-26,0.04809079785886764,0.024920171478623937,0.02702936283049944,0.04258834109604459,0.059982249467699714,0.04416107361239532,0.6559070775387188,0.09732092611715053,0.0
2024-04-29,0.05943903220095553,0.015655294040448194,0.03132834938538245,0.057624963495890996,0.0675023321550192,0.05369242387318397,0.5885660643080247,0.12619154054109502,0.0
2024-04-30,0.05904541225143219,0.015529230300953684,0.030805738380965605,0.05779943711912925,0.06731656146099306,0.053666979114349506,0.5895033733398869,0.1263332680322898,0.0
2024-05-06,0.060568827927239464,0.03194514016745291,0.0316574979197607,0.06274168496150971,0.06778635096972031,0.05447215451157096,0.5603286693160808,0.13049967422666514,0.0
2024-05-07,0.060470535453006014,0.03187467893302868,0.031551872460356886,0.06268783364106954,0.06783574195173661,0.054909810528678216,0.5599316250204284,0.13073790201169555,0.0
2024-05-08,0.06006767772833351,0.031518845626042735,0.031132324106849487,0.06303115451694094,0.06782786557976239,0.055060118001165025,0.5607108928236217,0.13065112161728418,0.0
2024-05-09,0.06048870151858896,0.03200693183988833,0.031637934802346085,0.0633124846533959,0.06752177115040671,0.054801370766493086,0.55885956081718,0.13137124445170092,0.0
2024-05-10,0.06041505915463327,0.03183008755055582,0.031221506830033063,0.06355762774767369,0.06893595695213126,0.05500048374780336,0.5578193164481462,0.13121996156902335,0.0
2024-05-13,0.06215838709256083,0.03251542392940804,0.03221209753717015,0.06253207196582489,0.062273981075246204,0.058275016221385784,0.5578015701205289,0.1322314520578753,0.0
2024-05-14,0.06203551467436858,0.032492285146593074,0.03213305499257171,0.06226255756763152,0.06218743898347867,0.058281395298792775,0.5581711279301177,0.13243662540644593,0.0
2024-05-15,0.06155065005069812,0.03219417423441198,0.031864831626662725,0.06220332302185468,0.06270750076407898,0.05871589526569131,0.5585376786428348,0.13222594639376736,0.0
2024-05-16,0.06169069371604226,0.0320108778114666,0.03190392994252884,0.06216308537441151,0.06315111017995484,0.05962811521414549,0.5573460963245267,0.13210609143692384,0.0
2024-05-17,0.062241314613006624,0.03236247379373028,0.0322175853660529,0.06247172701955046,0.06305153039475753,0.059413571365599445,0.5561644713162827,0.13207732613102022,0.0
2024-05-20,0.06500292064652802,0.04305499280276826,0.034375907954921306,0.06334667823661781,0.056042080721928095,0.055893012785356064,0.5398787469190556,0.1424056599328248,0.0
2024-05-21,0.06484891585408611,0.04277780950310015,0.034167374119209504,0.0636227345686667,0.055436541975859906,0.05627386248661873,0.5404891111553585,0.14238365033710038,0.0
2024-05-22,0.06493376930077767,0.04265702144003581,0.034436656279131395,0.06342395610565989,0.0554953442500137,0.05642682308878312,0.540209248801522,0.14241718073407636,0.0
2024-05-23,0.06443509909518588,0.04199282285892919,0.03409641110841499,0.0630265339058996,0.05443602171042325,0.05714595824073464,0.5427151273565033,0.14215202572390925,0.0
2024-05-24,0.06393577671549013,0.04174999314282542,0.033591995425526225,0.0631865078131961,0.05414040855846269,0.05638288918900229,0.5445495135299441,0.14246291562555313,0.0
2024-05-27,0.06577353837457343,0.021242953472147576,0.034239959519292186,0.06837445573791771,0.0528272677395251,0.058088107999842147,0.5521613171107258,0.14729240004597594,0.0
2024-05-28,0.06535936971999326,0.02104571472974939,0.033812092175541715,0.06821850463114125,0.05284098821336359,0.058400673592999004,0.5530276823622257,0.14729497457498616,0.0
2024-05-29,0.06540687295769049,0.021083855500399127,0.03388600890522329,0.06817344383064841,0.05317220360080251,0.05811897519767198,0.5530565078944183,0.14710213211314582,0.0
2024-05-30,0.06518358740004211,0.021046290853770612,0.03398992291765562,0.06771736029020327,0.05274807538885545,0.05759442211400155,0.5543302625693852,0.14739007846608623,0.0
2024-05-31,0.06496289380293593,0.02105885008547162,0.033860081671317925,0.06775790568554496,0.05303886435137473,0.05737567972330931,0.5545800730271665,0.14736565165287904,0.0
2024-06-03,0.06935369012714475,0.023065517864027357,0.03617287815775236,0.06707788340668094,0.05126988994598783,0.05853497858902106,0.5406624699389885,0.15386269197039737,0.0
2024-06-04,0.06971766465773832,0.02331012954114807,0.036570750770045866,0.06708463366220631,0.05163814895241886,0.0582321454508425,0.5395797116827867,0.15386681528281335,0.0
2024-06-05,0.06943611290078451,0.02307103070466394,0.03643504089415688,0.06626360185815755,0.05151542776600477,0.05880735056897843,0.5406762034640568,0.15379523184319707,0.0
2024-06-06,0.0693294638569929,0.022837302425343424,0.03614477732969917,0.06632224941470985,0.052188218280320685,0.059920110671016526,0.5401256009015075,0.15313227712041,0.0
2024-06-07,0.06899706024612172,0.022756498756892472,0.03537190229252196,0.0668331708168623,0.052211117274573934,0.05997834776494287,0.5404571416010746,0.15339476124701001,0.0
2024-06-11,0.0677841174201685,0.04545439176271173,0.03792833763740886,0.06109800013092469,0.04646240566830184,0.05773890847793381,0.5339178241654086,0.14961601473714212,0.0
2024-06-12,0.06768526547753993,0.04550679753788325,0.03769269967434441,0.06167494252258989,0.0466439777847007,0.05817151364454206,0.5328812446086806,0.1497435587497191,0.0
2024-06-13,0.06739080562193751,0.04520617627597898,0.037685749609001014,0.06100995581512809,0.04669577859990976,0.059371638639175675,0.5333210577609175,0.14931883767795137,0.0
2024-06-14,0.06763445284127546,0.045333207486352556,0.03794498950092272,0.060828047549821275,0.04667852102041328,0.059285860366580116,0.5330035155313836,0.149291405703251,0.0
2024-06-17,0.06738300463219594,0.045316424463096715,0.03756755709966046,0.06258207238971636,0.046150061882828726,0.055575718408192434,0.5391577926777179,0.1462673684465914,0.0
2024-06-18,0.06744077571559368,0.04544158530958198,0.03760752832636373,0.0626823923212715,0.046110899847948986,0.056207473505675336,0.5383364571278249,0.14617288784574003,0.0
2024-06-19,0.06722792281138229,0.044974284878954364,0.03719219991993167,0.06280393354789147,0.04636828284908835,0.056374615162392366,0.5393053434984971,0.1457534173318623,0.0
2024-06-20,0.06687047473169207,0.04441302196289576,0.036725930615383734,0.0629131822910528,0.04685985382322388,0.05686884828367931,0.540792999545712,0.14455568874636054,0.0
2024-06-21,0.06686590793718142,0.04457515554649016,0.0366614078935586,0.06288612586883593,0.04717874782398265,0.05613783421515568,0.5416676123494808,0.14402720836531482,0.0
2024-06-24,0.07035032440680322,0.045695395202867806,0.03905601221742756,0.06334740819107489,0.04766324461235992,0.05611031842877666,0.5517240478775713,0.1260532490631186,0.0
2024-06-25,0.07004951656034437,0.04534308992939113,0.0383905465161331,0.06353812496909644,0.0478271655930918,0.055592328173163306,0.5525388661378718,0.12672036212090812,0.0
2024-06-26,0.07016790251044931,0.04578263962359739,0.03889646658717523,0.06325230155363455,0.04732184662168197,0.05637384792580413,0.5503189043477585,0.12788609082989882,0.0
2024-06-27,0.06978945153788124,0.045036164795556666,0.03836147204694643,0.06331765317671392,0.04716198343911715,0.056455424921470404,0.5520632736307327,0.12781457645158142,0.0
2024-06-28,0.06976833990852847,0.04505875027268504,0.0378221365393095,0.0636843475215877,0.047538613772690114,0.05708952198629997,0.5510806939849955,0.1279575960139037,0.0
2024-07-01,0.0730904305206138,0.04794827756959024,0.04057964182466509,0.06360067809633764,0.049674960997760705,0.054922892113644095,0.5512190196270302,0.11896409925035824,0.0
2024-07-02,0.07297540865409925,0.047446400275075594,0.040164512382680505,0.06377274620230444,0.04975380248091184,0.054974792967961025,0.5518617605494162,0.11905057648755121,0.0
2024-07-03,0.07277612229299964,0.047061745396282696,0.04003322673792816,0.06316405545434568,0.050056569402309195,0.05596387103721969,0.5525399213032516,0.11840448837566328,0.0
2024-07-04,0.07256956056812586,0.04643380271915578,0.03981162738061156,0.06299832341568046,0.05040434752706101,0.05642639369500137,0.5534908101154077,0.11786513457895631,0.0
2024-07-05,0.07223224157934485,0.04672168216839163,0.03999927272979755,0.06247758675349423,0.05053600900023589,0.05711533539944285,0.5528584417111094,0.11805943065818351,0.0
2024-07-08,0.07795526031365674,0.04955226359965976,0.043849699633907294,0.06425337153035751,0.053400758725094234,0.05456291510400241,0.5389179514836127,0.11750777960970941,0.0
2024-07-09,0.07845162385021115,0.05027779137589043,0.044266589796445426,0.06461082188501806,0.052929126671753486,0.05486270921487191,0.5370094984042145,0.11759183880159513,0.0
2024-07-10,0.07838425109258394,0.050055212892031235,0.044341403508600406,0.06335449952540191,0.05339720526401391,0.05428759003481272,0.5385839690444177,0.11759586863813806,0.0
2024-07-11,0.07896452413542436,0.05083937152121365,0.045074385304078944,0.06315172382760169,0.053381544788601014,0.05431579058966129,0.5364106142321494,0.1178620456012696,0.0
2024-07-12,0.07922977877960563,0.05073793409121019,0.04513075834498319,0.0631001452360972,0.053782012855500834,0.05222658775879305,0.5379808175568207,0.11781196537698922,0.0
2024-07-15,0.08312739937206977,0.04965491030043397,0.04469448785229717,0.0629906035946871,0.05822130101450069,0.04835815629171991,0.5367715039272085,0.1161816376470829,0.0
2024-07-16,0.08355055261875177,0.04974019798852472,0.045261481356017985,0.062428087150255114,0.058822256600643594,0.04820402441272018,0.5361017698428812,0.11589163003020542,0.0
2024-07-17,0.0837247529187936,0.049372128954910936,0.04531615588164076,0.062050128877532106,0.05964880306819252,0.04781909130464707,0.5368384591996459,0.11523047979463717,0.0
2024-07-18,0.08415527530609951,0.04956786794505375,0.045866540905641746,0.062292719158623736,0.05959401114622076,0.046952895079772995,0.5364735881437179,0.1150971023148695,0.0
2024-07-19,0.08474007200772703,0.049599872474507825,0.046157331263448016,0.06191089419787698,0.0581160113562182,0.04628244523149264,0.537802416138561,0.11539095733016838,0.0
2024-07-22,0.0860171251874235,0.05280335341769222,0.04533490367310046,0.068829754887486,0.058029205187478686,0.04689491904601355,0.5250074609474894,0.11708327765331619,0.0
2024-07-23,0.08465125890410793,0.0515362237796743,0.044200814456462054,0.06887033456319111,0.05806300875180781,0.04760837277756066,0.5285004835825832,0.1165695031846129,0.0
2024-07-24,0.0843665645082871,0.05109008462716847,0.0437873214670983,0.0691688621169929,0.05900186725199057,0.04681213805085564,0.5300768058571931,0.11569635612041411,0.0
2024-07-25,0.08422913460106086,0.05126167151115198,0.04378716321423481,0.0690129969726166,0.057737439897304454,0.045664992422868506,0.532232246805057,0.11607435457570577,0.0
2024-07-26,0.0741491420342897,0.04635620258483768,0.04349851848450983,0.030638476680316388,0.048149650676199085,0.040276921546478855,0.6228292917981059,0.09410179619526267,0.0
2024-07-29,0.06996271059359004,0.043769093285020454,0.041121798437219005,0.028889245876448397,0.045287316741714906,0.03731039549821935,0.644600169001416,0.08905927056637174,0.0
2024-07-30,0.06961292339459618,0.04373731506659976,0.04105665480379568,0.028699771156236252,0.04540544019034887,0.036917223933476497,0.6455366460261822,0.08903402542876458,0.0
2024-07-31,0.07062479151984692,0.04516550840143858,0.04220343538001389,0.028755592815234928,0.04544356680060339,0.03689513536544938,0.6415391599273876,0.08937280979002536,0.0
2024-08-01,0.07008431552440288,0.04481016612342008,0.0416062956818647,0.02874106681029418,0.04576417326622829,0.03773405203432304,0.6419303036332356,0.08932962692623118,0.0
2024-08-02,0.0695691729167798,0.04434319314904991,0.041033053632157604,0.02879403821404747,0.04610526078706778,0.03610960955831657,0.6447164240243716,0.08932924771820934,0.0
2024-08-05,0.06558287035503343,0.03983721762302132,0.03897116469064825,0.05740989493717314,0.04440387520265954,0.013242643229058907,0.6514788714679386,0.08907346249446677,0.0
2024-08-06,0.06557173376330128,0.04031762901741927,0.039455043802247784,0.05717115365356791,0.044078158413980086,0.013704742780537156,0.6504959731426275,0.08920556542631908,0.0
2024-08-07,0.06545868012097604,0.04027594038045361,0.0392345227343772,0.05735413411424428,0.04422839031890735,0.013707776839434698,0.6505639741171108,0.08917658137449606,0.0
2024-08-08,0.06555082649693207,0.04034803733876983,0.03905890807323706,0.05747075295524687,0.04424664490133866,0.01351541113382394,0.6506319153873984,0.08917750371325302,0.0
2024-08-09,0.06539812722652513,0.0400891726421049,0.038715216595023694,0.05755336709985709,0.04468262416940116,0.013900371379844309,0.6504469281771211,0.0892141927101226,0.0
2024-08-12,0.08489061650095689,0.04978660695704671,0.048669587706305396,0.03614937171094926,0.055240853134917056,0.03138876583868326,0.5827418720172303,0.11113232613391118,0.0
2024-08-13,0.08482676454667706,0.049808060382191856,0.04895924922479854,0.03616062516795528,0.05543285960221506,0.03160583152841101,0.5825294895840163,0.11067711996373496,0.0
2024-08-14,0.08430220390680626,0.04919366215744086,0.048329043260686794,0.0361344652204843,0.05532625789286743,0.032429453874136614,0.5838656308971822,0.11041928279039538,0.0
2024-08-15,0.08506432338128692,0.049482133245890146,0.04854406761447897,0.03647005033431976,0.055148195909271766,0.03260866785483301,0.5828009121036108,0.1098816495563086,0.0
2024-08-16,0.08518541138855924,0.04920311405180193,0.04852163444708255,0.03659182764197114,0.05526730082810861,0.03369730105862411,0.5828912923497079,0.10864211823414446,0.0
2024-08-19,0.08521331362852688,0.05017700233718022,0.04934843660269297,0.07028616720392386,0.06111908157219973,0.030075975804252326,0.5460132953545703,0.10776672749665372,0.0
2024-08-20,0.08488353027838932,0.04947637508509907,0.048851151661991436,0.06983523414705123,0.06132580805366065,0.030721837627168406,0.5477724489865701,0.10713361416006989,0.0
2024-08-21,0.0847423923902281,0.049398371573482494,0.04863731879067178,0.06942308298764843,0.06169523741672523,0.030793909045115843,0.5480978392328125,0.10721184856331553,0.0
2024-08-22,0.08456563815021793,0.04884268295395998,0.04828945566434633,0.06965695572058152,0.061568468000106076,0.030850449026681458,0.5494589764966036,0.1067673739875032,0.0
2024-08-23,0.0848689174668046,0.048850817840140275,0.048266420304036654,0.06949675615996341,0.06131661197468713,0.030536894378408265,0.5499013654799402,0.10676221639601949,0.0
2024-08-26,0.09241357419773957,0.05305619344420941,0.05268007988218242,0.03868412372645355,0.06558462252109677,0.03190493327536375,0.5556331435948957,0.11004332935805879,0.0
2024-08-27,0.09211798248827371,0.052614322636220026,0.052313904694751924,0.0390067947909709,0.06570095741632168,0.031590281200430795,0.5566577246834733,0.10999803208955762,0.0
2024-08-28,0.09165009599040838,0.05270245154431531,0.05237064595987738,0.03878786754134469,0.06567064743578704,0.03160997279061243,0.5571862970840495,0.1100220216536052,0.0
2024-08-29,0.09145443673006809,0.05340975422007604,0.05273981634298242,0.037993728377726355,0.06578986037193753,0.030859656498010524,0.5571926078954587,0.1105601395637404,0.0
2024-08-30,0.0922867273155915,0.05413355615524142,0.05384963800075874,0.03761049948976842,0.0653602129041992,0.030948710138568793,0.5546879321514798,0.11112272384439215,0.0
2024-09-02,0.08588860685497753,0.050721420888892275,0.049964018699222706,0.07484785590077954,0.06726734628711031,0.031359507619531324,0.5332115991347179,0.10673964461476833,0.0
2024-09-03,0.08597868277614572,0.05119648009964502,0.05051654387977174,0.07383800608489534,0.06728704939820045,0.0313555108399465,0.5331037112693513,0.10672401565204401,0.0
2024-09-04,0.08566777617928309,0.05118407324912721,0.05060826223498208,0.07380626460106844,0.067015930793227,0.02979826494844234,0.5348345640167348,0.10708486397713501,0.0
2024-09-05,0.08563643562585492,0.051289364312415785,0.050830444534059195,0.07347426810491181,0.06735381693714922,0.02982393914920021,0.5340528755007322,0.10753885583567663,0.0
2024-09-06,0.0851489961558793,0.050703131996939606,0.050086353214881564,0.07317964525400944,0.0677018618840455,0.03016036092600226,0.5355271639653157,0.10749248660292661,0.0
2024-09-09,0.08456535920155277,0.049988775296570524,0.04924815559846375,0.07760698947866407,0.07357946893811516,0.029847089083399798,0.5297448877059323,0.10541927469730168,0.0
2024-09-10,0.08457690192802028,0.04995753527476485,0.04924178740832777,0.07766527536307664,0.07400823677983853,0.02991245338114453,0.5298034319320665,0.10483437793276089,0.0
2024-09-11,0.08435931493344871,0.05005946759346758,0.04985041219848205,0.07577247516727612,0.07443030520407018,0.03012251579304754,0.5308282479531361,0.10457726115707162,0.0
2024-09-12,0.08403999538092709,0.049881350124295176,0.04966700363951297,0.07619054559306508,0.07431991951894981,0.031100684075686842,0.5302730787415154,0.10452742292604761,0.0
2024-09-13,0.083682720044424,0.049371125472368896,0.049130266301850786,0.07591425546413536,0.07538873107314757,0.031404525388737545,0.5309716032051925,0.10413677305014327,0.0
2024-09-18,0.0859915979571744,0.052352212666512986,0.05025053129373051,0.07213530255182661,0.07566410172018241,0.029756752195693004,0.5191710628602615,0.1146784387546187,0.0
2024-09-19,0.08649948024982836,0.052922503101066394,0.050576709025098324,0.07206790576521288,0.07539382173197033,0.030031811606422664,0.5174616116723334,0.1150461568480675,0.0
2024-09-20,0.08660122260914509,0.05264422301479702,0.05023406894659414,0.07190658600662435,0.07621210275278906,0.030082565900830336,0.5176280038418339,0.11469122692738602,0.0
2024-09-23,0.08565536509198082,0.05339105926290399,0.052242561924139355,0.07045133741278728,0.07480041388862156,0.029841827497725466,0.5115504332315122,0.12206700169032939,0.0
2024-09-24,0.08817266445281817,0.05496299744162728,0.054401963604495736,0.0725816594576717,0.07362143235428648,0.029281077662351437,0.5041719363596694,0.12280626866707973,0.0
2024-09-25,0.07251660178217699,0.05294422180079428,0.04858351639152654,0.0327711886959329,0.08290671613691833,0.033017377737744644,0.5574135355643712,0.11984684189053514,0.0
2024-09-26,0.07480036193379638,0.05468583655397946,0.05020764834267267,0.03340867799254122,0.08220658860631228,0.03301871739019705,0.5512245804655489,0.12044758871495198,0.0
2024-09-27,0.07743339751120025,0.05708157422363155,0.05472587079386832,0.03317712862119317,0.08085243691543946,0.032017527946063495,0.5439476098308802,0.12076445415772351,0.0
2024-09-30,0.0493708301294515,0.03961277129011544,0.02903158166596141,0.06007029750834163,0.09761656416909353,0.03893948045301142,0.5698360340551805,0.11552244072884466,0.0
2024-10-08,0.046107521592111414,0.03709407884064512,0.02339576423905079,0.0612009010144158,0.09976394908893835,0.03991743898574943,0.5834222091004021,0.1090981371386871,0.0
2024-10-09,0.04355966106585562,0.03513074581203828,0.0212604903309301,0.05775803256657394,0.10008804485707526,0.04126660559182844,0.5942024103488415,0.10673400942685676,0.0
2024-10-10,0.04381319628895781,0.03469286568766306,0.02053709047520625,0.05984761140922403,0.10025379718347885,0.04153328622671019,0.5928166625170073,0.10650549021175254,0.0
2024-10-11,0.04279563251159187,0.03350379044094908,0.019586469073234546,0.05892863747541097,0.10183000968042971,0.04178102438714977,0.5958369746233302,0.10573746180790385,0.0
2024-10-14,0.04226159364909894,0.03559487346995052,0.0223844380981238,0.04971563744315055,0.10147117093391869,0.04238437055487198,0.6114417236506355,0.09474619220024988,0.0
2024-10-15,0.041258377512234386,0.03483616309221891,0.021727080772232198,0.04878463325061296,0.10176886442370554,0.04339064506786427,0.613394996767115,0.09483923911401682,0.0
2024-10-16,0.04093074223660985,0.0347067492578578,0.021213115266775703,0.049541615681350605,0.10309306985655063,0.042821288542931595,0.612483767483883,0.09520965167404077,0.0
2024-10-17,0.04046890943751035,0.034440404537332,0.02114663361264052,0.04889869758909594,0.1034646428888742,0.043086966364397405,0.6133364494454255,0.09515729612472411,0.0
2024-10-18,0.04169937682918843,0.03564580345546303,0.022700348363059158,0.04891339743004018,0.10358618586825374,0.04258463705347714,0.6092483027108081,0.0956219482897102,0.0
2024-10-21,0.040955520031469496,0.034952902578864624,0.02174401308983443,0.04916943859054058,0.1016299379969343,0.044990583533976246,0.6116872228327406,0.09487038134563984,0.0
2024-10-22,0.041187434834856596,0.03525438473879086,0.02180787098357588,0.0494083362400548,0.10158868140430627,0.04492566785845522,0.6107850636201237,0.09504256031983667,0.0
2024-10-23,0.041319718172281354,0.03536817634454955,0.021678027537519688,0.049302128984749116,0.10216002479656175,0.04507947514080602,0.6097528997322362,0.09533954929129634,0.0
2024-10-24,0.0409901058843962,0.035177194348897795,0.021450098644149814,0.04920976244501049,0.10145741098423836,0.04473104139829977,0.611960325002629,0.09502406129237871,0.0
2024-10-25,0.041183673276236135,0.03560544991186537,0.022028872596447358,0.04892897962992221,0.1012763287388076,0.0448136987594179,0.6105096914614629,0.09565330562584046,0.0
2024-10-28,0.040140696737781166,0.03435315255798135,0.021147434550623966,0.047909415684603884,0.12185580224254268,0.04494284543546012,0.596213265998522,0.09343738679248485,0.0
2024-10-29,0.03978603588202778,0.03397623387895481,0.020679492473371617,0.04728298668165476,0.12302898313364022,0.04490251421931224,0.597485626105416,0.09285812762562257,0.0
2024-10-30,0.03939047092054344,0.034091229572658775,0.020414474811980752,0.04688407021768953,0.12436658267950347,0.04528564632682157,0.5970844620162279,0.09248306345457462,0.0
2024-10-31,0.039436773654875606,0.03448762474618295,0.020553064150088708,0.04684280787056808,0.12371186106215826,0.044556876212088474,0.5974947227558417,0.09291626954819622,0.0
2024-11-01,0.03947560356777601,0.0341241341323815,0.020191504456671835,0.04733754000208258,0.12281078278433241,0.0440926117935482,0.5991341303751371,0.0928336928880704,0.0
2024-11-04,0.04042309292344923,0.03495408455031789,0.021171598282463348,0.04781497139391615,0.1166679666968231,0.04575053410067269,0.5987116395766353,0.09450611247572233,0.0
2024-11-05,0.04126689482241336,0.03587771766099829,0.02208168799390689,0.04818825950369844,0.11616413840792164,0.045395120319988956,0.5960742523218584,0.09495192896921414,0.0
2024-11-06,0.04101652461509178,0.03592081461398681,0.021827079099392813,0.04799395250271943,0.11580957245833096,0.04695544771251442,0.5956636862099265,0.09481292278803734,0.0
2024-11-07,0.04213044873787765,0.03648099408687732,0.022578990458674265,0.048640626007393675,0.11288949356615638,0.04754135700020308,0.5944357962918164,0.09530229385100124,0.0
2024-11-08,0.0417183770536319,0.0363906709401032,0.02230475766464997,0.0479650100326991,0.11365201418838182,0.04796296048470364,0.5948221444944245,0.09518406514140594,0.0
2024-11-11,0.0384855697981212,0.03384334757289298,0.020289477055926052,0.04581450431557259,0.1170894375600689,0.05762020177126251,0.596010931677492,0.09084653024866374,0.0
2024-11-12,0.03816270313762969,0.03357455964624832,0.02032883392350382,0.04553033697183794,0.11544866048104184,0.05784687916742664,0.5983980616664611,0.09070996500585064,0.0
2024-11-13,0.0383930949173073,0.033548972126744576,0.020551323204859098,0.04576164041416712,0.1152164973823792,0.05750121517882146,0.5983237495327858,0.09070350724293542,0.0
2024-11-14,0.0379432877609542,0.03276239798704613,0.01996527359509321,0.045701294634691206,0.11355644102261425,0.05790589909328286,0.6017764513762798,0.09038895453003848,0.0
2024-11-15,0.037395436118466775,0.03203356114669486,0.019244476988746494,0.04574129437959046,0.1139731922659714,0.057365944664187145,0.604091211465423,0.0901548829709199,0.0
2024-11-18,0.034786070240775194,0.030197283610111116,0.018279028325530168,0.041742748358143116,0.0959441369828843,0.05523077979466901,0.6417170756065826,0.0821028770813044,0.0
2024-11-19,0.03489223386155984,0.03062172934099157,0.01875836607826779,0.04168897255955407,0.09725561359965207,0.055213612273898385,0.6392420392208651,0.08232743306521123,0.0
2024-11-20,0.034897624174122475,0.030845379038933963,0.018812761200624986,0.04168155922621981,0.09703732047783865,0.055721890814348404,0.638352021963484,0.08265144310442774,0.0
2024-11-21,0.034885220228838915,0.030770798585412335,0.018772986181441537,0.04152266277872541,0.098174751954551,0.05525040629243314,0.6379599988982608,0.08266317508033684,0.0
2024-11-22,0.03390549950907774,0.029650743875996727,0.018078805335120778,0.04059825381941596,0.09974637187335113,0.055819394924995706,0.6399881546990781,0.08221277596296402,0.0
2024-11-25,0.03374271303665054,0.02932377714927805,0.017885948951610314,0.04089827135564692,0.08694481680103887,0.05825539730466617,0.6503196032844659,0.08262947211664325,0.0
2024-11-26,0.03373027981559945,0.029142019373140697,0.017709548974544607,0.041077345975631646,0.08603184704357043,0.058353849022927014,0.6512922692777655,0.08266284051682074,0.0
2024-11-27,0.034199566020567604,0.029625969588759838,0.018130361962168415,0.04143557407337683,0.08654291162814867,0.0583046459717125,0.6487784264826618,0.08298254427260432,0.0
2024-11-28,0.03393691882093306,0.02941843793276537,0.01783106479221301,0.04133510298026333,0.08620258158381895,0.05803111676047869,0.6499872377339504,0.08325753939557723,0.0
2024-11-29,0.034213543557851896,0.029805325118966292,0.018218299027018194,0.041318463749690754,0.08671885297706525,0.05788419667700617,0.6482761949715323,0.08356512392086907,0.0
2024-12-02,0.03387264758232992,0.029386536588050568,0.017922562826028613,0.04167336533534103,0.08408113396812218,0.06152105356101088,0.6482468054956547,0.08329589464346214,0.0
2024-12-03,0.0338294193807443,0.029260670908045606,0.017801133340015637,0.04208973356198535,0.0847261792962244,0.06249225964549141,0.646596884281821,0.08320371958567224,0.0
2024-12-04,0.03365312996192865,0.02900546546513299,0.01755003398244187,0.04220806411576566,0.08471362530285488,0.06278308209330823,0.647278433404702,0.08280816567386559,0.0
2024-12-05,0.033540588600234164,0.029086544434232788,0.017595111970729015,0.04214133163259576,0.08459492220208881,0.06327372875064047,0.6467277194943686,0.08304005291511045,0.0
2024-12-06,0.03393413641522129,0.029425971868978208,0.01793130502972207,0.04259973132144841,0.08413493332156652,0.06298666819814187,0.6456277881122896,0.08335946573263214,0.0
2024-12-09,0.032957343666474154,0.028581060780887856,0.017376912392272004,0.04036253351529262,0.0815336681914771,0.06996971495739406,0.6480832807732022,0.08113548572299996,0.0
2024-12-10,0.03310144859187207,0.028712755890012175,0.017444766522707444,0.04026229890467074,0.08163685804060831,0.06920107390010827,0.6481952864044085,0.08144551174561253,0.0
2024-12-11,0.032997755573496504,0.028934872928240894,0.0174007976808477,0.04021839242575097,0.08220374168720085,0.06892887604231467,0.6473084820874199,0.08200708157472869,0.0
2024-12-12,0.033195076558375,0.029075215274621244,0.01756669372873271,0.0401739416116547,0.08243942825777853,0.06969258894273651,0.6455975340990268,0.08225952152707462,0.0
2024-12-13,0.03243807403045925,0.028565991340964977,0.017145766271615265,0.039466353638129066,0.08181649246511476,0.07027142991464981,0.6484260186247364,0.08186987371433044,0.0
2024-12-16,0.03461216273848702,0.030113341728922133,0.018309119566510816,0.04334335722342587,0.08483035122376056,0.07745187282265487,0.6263922536660269,0.08494754103021185,0.0
2024-12-17,0.03474381974068767,0.029820749428177536,0.018328078157047383,0.043356950153884105,0.08483181510291843,0.07820283185542005,0.6262525491450031,0.08446320641686184,0.0
2024-12-18,0.034868817844600365,0.02998324282960921,0.018309300239267415,0.043626625142574,0.08459403600408734,0.07860537662420068,0.6253038843062495,0.08470871700941143,0.0
2024-12-19,0.03500326091042105,0.030139475368979957,0.01845834283433335,0.04329261391929311,0.08417103778272295,0.07676479846738868,0.6273460952339679,0.08482437548289305,0.0
2024-12-20,0.034830705176266956,0.03020409973113779,0.01841786532889417,0.04295383069144148,0.08423398024330106,0.07517755099890308,0.6290129228639869,0.08516904496606846,0.0
2024-12-23,0.03585474259008086,0.031074621079044722,0.018985537262028403,0.044854235440321334,0.08950871996593861,0.06868593213187377,0.6235243271648312,0.08751188436588114,0.0
2024-12-24,0.03628098260132235,0.03145775857509858,0.01919152735216281,0.0452924502453101,0.08898249329608915,0.06846192933694448,0.6225231607636503,0.08780969782942227,0.0
2024-12-25,0.036314037747730656,0.031177624979092555,0.019093392144855774,0.04561224633192104,0.08924569947757288,0.06928058119808206,0.6216492045743507,0.08762721354639424,0.0
2024-12-26,0.03630396580522784,0.031404007368846125,0.01915334747761984,0.04538583255200194,0.08923967429196354,0.0695199369872018,0.6211972511386891,0.0877959843784497,0.0
2024-12-27,0.03620415256912683,0.0314328820501723,0.019088768730803483,0.045438760527066774,0.08921351238073966,0.06894333309904965,0.621773380169268,0.08790521047377332,0.0
2024-12-30,0.040226560767221704,0.03475658315021648,0.02018607547389163,0.046769396838613024,0.0780919670545093,0.06087742079342458,0.6328443336153521,0.08624766230677115,0.0
2024-12-31,0.03968467255378687,0.03382445796355517,0.019645359503622804,0.04652880469127112,0.07836194487101115,0.060663987271590745,0.6354553982911307,0.08583537485403127,0.0
2025-01-02,0.04869509834137745,0.039397841556165075,0.027781231462482542,0.05416634903711974,0.07337083643233218,0.05691901298915304,0.5904334721927426,0.10923615798862757,0.0
2025-01-03,0.04817286516151532,0.038602942790161486,0.027212228923684464,0.05362036160722638,0.07409263014398225,0.05663640638306565,0.5926710954770406,0.10899146951332395,0.0
2025-01-06,0.05004303126080489,0.040455080985649546,0.0288468249719233,0.06106965396290443,0.07286878666454953,0.05506010535324329,0.5797316704588433,0.1119248463420817,0.0
2025-01-07,0.050361442366278285,0.040850323548361156,0.029025585404666,0.0611290277653583,0.07292973003100295,0.05468468971229728,0.5783061598140299,0.11271304135800606,0.0
2025-01-08,0.05028975316037131,0.04069425759756739,0.028751884791956377,0.061379392088580544,0.07332312605412993,0.054145564234298504,0.5787169553746757,0.1126990666984202,0.0
2025-01-09,0.050248057386588066,0.04072365626756541,0.02883077235401007,0.06071769809078028,0.07386956224628792,0.054036132743370914,0.5784168312227839,0.11315728968861362,0.0
2025-01-10,0.04976232734350274,0.04018864065371558,0.028406201224439532,0.06016924697385374,0.07457302314745903,0.053994587815355446,0.5797338852178882,0.11317208762378575,0.0
2025-01-13,0.057578651789189715,0.04457040231046279,0.03405139347788456,0.07013645046259706,0.07509883958658387,0.054147968261502866,0.5440190346847285,0.12039725942705073,0.0
2025-01-14,0.058669468247138784,0.045816521712551926,0.035397226928454546,0.07063314443700451,0.07392470944826293,0.054399780848861504,0.5403782947230679,0.12078085365465793,0.0
2025-01-15,0.05831560048768587,0.045424537315125614,0.03476570087797142,0.07077056380701414,0.07436767383135089,0.05408303987067593,0.5411852749929803,0.12108760881719581,0.0
2025-01-16,0.05824549135707185,0.04550805525162639,0.03491244698777614,0.07123958441060958,0.07443629760312377,0.05516933406397381,0.5398230346879841,0.12066575563783428,0.0
2025-01-17,0.05838280107595816,0.045813823656629685,0.0351557796785518,0.07107339139878145,0.07458425627586261,0.05489019231949376,0.5391500210637066,0.12094973453101596,0.0
2025-01-20,0.055082176020865174,0.04263928261620087,0.0323421198046175,0.06825338562947734,0.07603990509558817,0.05217324641589024,0.5521392811038577,0.12133060331350304,0.0
2025-01-21,0.05510601587259581,0.04277380511309483,0.032449037854267185,0.0677530472624345,0.07601451243022649,0.052187534491810274,0.5520719148813017,0.12164413209426927,0.0
2025-01-22,0.054635543239803436,0.042602061088912985,0.032299038022738695,0.06678526677464149,0.0767425124885103,0.05254418635709939,0.5528458820520733,0.12154550997622035,0.0
2025-01-23,0.05474612932226524,0.04243947455242544,0.03218843635962383,0.06777651327563536,0.07683635837128881,0.05211335012622754,0.5523429750140406,0.12155676297849324,0.0
2025-01-24,0.05505410549669306,0.0428522092871606,0.03256132334939612,0.06782182472255724,0.07706578121815363,0.05204001274395426,0.5506754447171057,0.12192929846497944,0.0
2025-01-27,0.05710852788560642,0.04467426015266834,0.03356062981559753,0.06853216853765143,0.08100807110576057,0.054705000469602416,0.5325920224670558,0.12781931956605747,0.0
2025-02-05,0.05839601080187178,0.04564154107118359,0.0346010449335229,0.0678548578065483,0.07078383505903119,0.05525267190640821,0.537297886089077,0.13017215233235704,0.0
2025-02-06,0.05886798662049677,0.046519345237530714,0.03541284419357626,0.06758359026469093,0.07006444142818673,0.055519038647059656,0.5354210970281115,0.13061165658034726,0.0
2025-02-07,0.059460145848374855,0.04708001240580757,0.03620335324828559,0.0674656040865198,0.07005900427353169,0.0552229326393701,0.5335654287737817,0.13094351872432863,0.0
2025-02-10,0.06578281108817753,0.04779220233915591,0.03768336773100925,0.03634073380692663,0.07532181771650749,0.06108565496193895,0.539809025390673,0.13618438696561125,0.0
2025-02-11,0.0655081988995477,0.04756658688583452,0.037161656160913256,0.03674382224615653,0.07611666553271677,0.06114953077279682,0.5399106790496649,0.13584286045236937,0.0
2025-02-12,0.06598063990715539,0.048127099274839505,0.03775117544196097,0.03676930309887017,0.07541666071106361,0.0610894336952921,0.5387169096184513,0.13614877825236688,0.0
2025-02-13,0.06576300473517839,0.04780662030481507,0.03749963880748423,0.03682864084056269,0.0758205548179297,0.06145938054611618,0.5388764667609012,0.13594569318701258,0.0
2025-02-14,0.06623502630640565,0.04813663052026748,0.03811755063285848,0.036812249636899844,0.07611144615188804,0.06178550822771812,0.536930924869508,0.1358706636544545,0.0
2025-02-17,0.06502121510461713,0.04767955660771543,0.03757487875386102,0.0717629692657467,0.07510970128308127,0.05900975741937005,0.5044720339816068,0.13936988758400168,0.0
2025-02-18,0.06461234363465373,0.04693099839476118,0.036923862706837764,0.07193789188528253,0.07600494699865522,0.05962921982872843,0.50503411763024,0.1389266189208412,0.0
2025-02-19,0.06478986781991686,0.0475584429997091,0.03751616544605083,0.07163395972128328,0.07618069867406894,0.05912463923928955,0.5035466168265522,0.1396496092731292,0.0
2025-02-20,0.06466883908462885,0.04771515314158107,0.0375298662647018,0.07157794617795159,0.07649913286630577,0.0586769662561459,0.5032093262582973,0.1401227699503878,0.0
2025-02-21,0.06540002628675383,0.048449745349917285,0.03842343409662683,0.07080913284214008,0.07581192647820964,0.05820394888711358,0.5020857110357361,0.14081607502350257,0.0
2025-02-24,0.0672138195746975,0.04976455807449028,0.04029157716218901,0.07518009465535912,0.07998327680390016,0.060633597390081284,0.4836284084038811,0.14330466793540153,0.0
2025-02-25,0.06664434253248012,0.049360236164586506,0.03994131429863046,0.07471483785058373,0.0802080530735726,0.059838878703300055,0.4855679867511298,0.14372435062571673,0.0
2025-02-26,0.0670583538609522,0.049827780133036854,0.04033266965779471,0.07507658366610542,0.07924162898769162,0.059536661721494175,0.4843952820358383,0.1445310399370867,0.0
2025-02-27,0.06720598403984201,0.04964724007558952,0.04013001923053783,0.07573969218234311,0.07892423982916924,0.05992627642061892,0.4842611907741765,0.1441653574477228,0.0
2025-02-28,0.06649866791384687,0.048704996339079536,0.038958737622070326,0.07607626485173606,0.07907182887279844,0.05817550453412762,0.48894455046082336,0.1435694494055176,0.0
2025-03-03,0.07268453785082596,0.05271220330419646,0.04177457285140465,0.08083947292244395,0.08570662494395587,0.054217444723526485,0.4757320426560101,0.13633310074763652,0.0
2025-03-04,0.07258906116330341,0.05315128656562243,0.04163209751161138,0.08078725911621228,0.08630318378817434,0.05324268968667207,0.47548468338491084,0.13680973878349328,0.0
2025-03-05,0.07271180577588567,0.05312116077241965,0.041522477327623424,0.08125989921235952,0.08670042740194006,0.05372642435646277,0.4740093648528842,0.13694844030042483,0.0
2025-03-06,0.0734881492690086,0.05382391274562564,0.04223426903790129,0.08061336993445557,0.086278999823269,0.05359837977270484,0.47213773513731444,0.13782518427972063,0.0
2025-03-07,0.07350168389883761,0.053697042122963425,0.041815818127220905,0.08074961479870696,0.08644308482450377,0.05258250529665681,0.4727433790475035,0.138466871883607,0.0
2025-03-10,0.07485382539354003,0.05495518014735557,0.043683424507670404,0.0837956939589559,0.09015237554648899,0.0273060791511215,0.4845970667629485,0.140656354531919,0.0
2025-03-11,0.0752597534774715,0.055363516924318026,0.043862396664502964,0.08453757838046635,0.08981265641729662,0.02612235083980105,0.4845407359682621,0.1405010113278813,0.0
2025-03-12,0.07487685700474514,0.05523983838411281,0.043543280519938624,0.08429107395989092,0.08996795456970491,0.02615638231596153,0.485522265608669,0.14040234763697712,0.0
2025-03-13,0.07464821695065435,0.054865642200336226,0.04308156458435488,0.08480128527712114,0.09072829289926693,0.026034596982968894,0.48603949476125596,0.13980090634404158,0.0
2025-03-14,0.07590945029394751,0.05543345974089929,0.043969805706268565,0.08490411471451054,0.09141667531210555,0.026100982099974628,0.4824491443291087,0.13981636780318527,0.0
2025-03-17,0.07440392964337533,0.056204432424990174,0.04429512901400649,0.08582404621498398,0.09037238976145723,0.026017614974391402,0.47666100874048706,0.1462214492263083,0.0
2025-03-18,0.07446416294440325,0.05632869184028676,0.044479798855918955,0.08557315934727168,0.09087417478150121,0.026183576769818175,0.47608921191175796,0.14600722354904208,0.0
2025-03-19,0.07451711091542146,0.05604172344992549,0.04435857832940645,0.08613363296137783,0.09186961843589557,0.025970263322065083,0.4758378024974893,0.145271270088419,0.0
2025-03-20,0.07393481053241155,0.055710153382067515,0.04395560088120215,0.08584120478371343,0.09205300411728724,0.026571827668985033,0.47688719305045585,0.1450462055838772,0.0
2025-03-21,0.07319984983185435,0.055196682030217444,0.04322979006268325,0.08602862759660461,0.0920930595456129,0.02658611470036012,0.47923722625145876,0.14442864998120855,0.0
2025-03-24,0.07353480172268946,0.05519260212325096,0.04300066369343887,0.08974574253676991,0.08937063253130957,0.024894774989182022,0.48224525941251206,0.1420155229908473,0.0
2025-03-25,0.07338503048522335,0.05491164456484185,0.04279980431258127,0.09023573956771878,0.08916754565044878,0.02510913032355177,0.4821713029999948,0.14221980209563945,0.0
2025-03-26,0.0730974054282056,0.054891237279231585,0.04266161088369115,0.08989162884302136,0.0893874834681078,0.02501034127824088,0.48241422487961305,0.14264606793988857,0.0
2025-03-27,0.0732998296052135,0.05494444046007385,0.04274120657192556,0.09003472718637014,0.08956095802830447,0.02456537622057086,0.482319623493512,0.1425338384340296,0.0
2025-03-28,0.0730101632696081,0.054584778044349566,0.04242319839652786,0.0897871066229708,0.09125725647120594,0.02445999203380933,0.4824262228298973,0.14205128233163114,0.0
2025-03-31,0.0725305630794908,0.05523404094003122,0.04212097020059429,0.08981616419819535,0.08482682995546313,0.024096963012057136,0.4920204495599537,0.1393540190542144,0.0
2025-04-01,0.07239810643478307,0.05545792953322578,0.042003563620862,0.08986002342028328,0.08519497001375503,0.024476752737926967,0.49104972487099385,0.13955892936817,0.0
2025-04-02,0.07225528406479502,0.055454109489525324,0.04201111745238125,0.09042398203209145,0.08477339268687933,0.02455134823677615,0.49085403647204445,0.13967672956550714,0.0
2025-04-03,0.07182612333462042,0.0549477385646412,0.041226186580628266,0.09062292350092963,0.0855531175702637,0.024056422207091515,0.4926216155745996,0.13914587266722586,0.0
2025-04-07,0.06443221115969812,0.047890520138818206,0.03600377018751591,0.08107886223500922,0.08726732056351884,0.020835125014798343,0.5503398182005421,0.11215237250009924,0.0
2025-04-08,0.06514836718868176,0.047968622655705395,0.03644818715923606,0.08235654080886502,0.08736079774732854,0.021478207370486464,0.5466689703263289,0.1125703067433679,0.0
2025-04-09,0.06553977456140146,0.048797503908037006,0.03666476924184389,0.08182351788850191,0.08811993168421256,0.02108783668529722,0.5448903840171325,0.11307628201357331,0.0
2025-04-10,0.0658290549254573,0.04930635301325375,0.03717509002773674,0.0815876985945032,0.08925767252154992,0.022981521967659055,0.5407280305293608,0.1131345784204793,0.0
2025-04-11,0.06599019647101254,0.049554883970274806,0.03761773650725639,0.0810615188148604,0.09046455894862745,0.022686288380562088,0.5400057267856122,0.11261909012179425,0.0
2025-04-14,0.06217685282497913,0.04674416525222807,0.035122363455294445,0.07798044397337787,0.08206627850917135,0.0165404693478664,0.5715103452057064,0.10785908143137639,0.0
2025-04-15,0.06220890316942187,0.04653786807133768,0.035075248481966394,0.07885780390324039,0.08204046908537704,0.016354983822376185,0.5714986252000227,0.10742609826625787,0.0
2025-04-16,0.06229853462278844,0.046083061338591795,0.03459543883575439,0.07941010096808684,0.0838967279941411,0.016016910068459927,0.5710411306001532,0.10665809557202446,0.0
2025-04-17,0.06224715576348804,0.046053575397433155,0.03460262057250319,0.07944896460890648,0.08453364445366507,0.016017770089223456,0.5703053947852496,0.10679087432953104,0.0
2025-04-18,0.062243480584609226,0.0460779320527782,0.034691950389962825,0.07959242552422906,0.08472296927125263,0.015911842487382845,0.5699877503759875,0.10677164931379793,0.0
2025-04-21,0.06467388979293548,0.048208570710067206,0.03637381197548267,0.0791446901241244,0.07755643587474806,0.016596395909609332,0.5696985804103846,0.10774762520264823,0.0
2025-04-22,0.06446005979540084,0.047906150269148275,0.03596613390931373,0.07935145883906403,0.07990156347386855,0.016569750330157514,0.5681591775195123,0.10768570586353488,0.0
2025-04-23,0.06478573683123363,0.048202844623938465,0.0365081807041623,0.07931638517737577,0.0753975859539242,0.017174633640107014,0.5700665836810274,0.10854804938823116,0.0
2025-04-24,0.0647364080455065,0.04794963556813942,0.03625555021235192,0.08013267303588872,0.07621470652072661,0.016966694472526855,0.5695356246753979,0.10820870746946225,0.0
2025-04-25,0.06471560918220029,0.04808286636621896,0.03643060901213594,0.0799028772419843,0.07561500366233792,0.017507133599282507,0.569464725537071,0.10828117539876923,0.0
2025-04-28,0.066461312274761,0.04926685028151869,0.037248422204544704,0.08323935853494424,0.05778821929139306,0.016372302151155302,0.5800891277061332,0.10953440755554988,0.0
2025-04-29,0.06626945937676045,0.049267882012175454,0.03715689599202551,0.08290595263709823,0.05812334696678731,0.01633074777879026,0.5801771793724717,0.10976853586389103,0.0
2025-04-30,0.0662474110101592,0.04954720447270661,0.03749860947360873,0.08140211746867174,0.05781750454551278,0.016344830138670812,0.5811176323331936,0.11002469055747648,0.0
2025-05-06,0.06431939751658244,0.047500185639328785,0.036320416720657174,0.08157301208031398,0.058374430390802874,0.015880903306005008,0.5905136931877479,0.1055179611585617,0.0
2025-05-07,0.06459775513416287,0.04750062229559463,0.036442214379228295,0.08214786091890434,0.05872554256399223,0.015907952757967338,0.5893377709429509,0.10534028100719939,0.0
2025-05-08,0.06477757663038754,0.047563595517387515,0.036941566716876616,0.08235417219324756,0.05769361059443894,0.016113749058889144,0.5888813467595625,0.10567438252921024,0.0
2025-05-09,0.06471443958727328,0.047171085738803964,0.036648063125240916,0.08297635275767333,0.05753968480203211,0.016137101173982687,0.5891713489100878,0.105641923904906,0.0
2025-05-12,0.06392086152597547,0.04777236374230787,0.0361792821534685,0.08018192331309305,0.05588729165812229,0.031039963316404476,0.5805670106932448,0.1044513035973836,0.0
2025-05-13,0.06399417261825396,0.047658855536308824,0.03612529211076698,0.08098552252823467,0.05553699925851156,0.031153325624978155,0.5800041794007863,0.10454165292215938,0.0
2025-05-14,0.06465179695123194,0.047718865457162744,0.03642707171896879,0.08131975931746892,0.05502375970799901,0.03199772886821342,0.5785117634620033,0.10434925451695186,0.0
2025-05-15,0.06437929346482152,0.04726256092406688,0.035906759489567806,0.08138520964718098,0.05366311823730851,0.032012806314774364,0.5809796630630193,0.10441058885926079,0.0
2025-05-16,0.0640993316984251,0.04728079178776765,0.03585028428083779,0.0809072285648328,0.054552713704865134,0.03206313295126518,0.5807603522786507,0.10448616473335556,0.0
2025-05-19,0.06314107434664186,0.04788924439850715,0.0362189243965142,0.07787037583211891,0.05314952288643469,0.030317895042022997,0.5876362712069165,0.10377669189084361,0.0
2025-05-20,0.06336807210238633,0.048024220379015194,0.036432359020352786,0.07800575115714518,0.05295739907414743,0.03059533316905876,0.586763244956939,0.10385362014095532,0.0
2025-05-21,0.06349986556252664,0.047988351947299175,0.0366387315438745,0.07823941277669584,0.05450606238392981,0.030223740375117304,0.58518786142666,0.10371597398389663,0.0
2025-05-22,0.06351892834139675,0.04757775688582321,0.03632128471074796,0.07867106867621153,0.05463814155996027,0.030056927101332107,0.5857354805551822,0.10348041216934614,0.0
2025-05-23,0.06312771140070762,0.04724963782911382,0.035963186526755425,0.07820568271924287,0.05477290881581666,0.030017048784736582,0.5873063975480789,0.10335742637554807,0.0
2025-05-26,0.06066416660364502,0.04634909547029034,0.03501316308399175,0.07442630427828202,0.048754620110117025,0.028871094302932034,0.6057100285148533,0.10021152763588853,0.0
2025-05-27,0.0604212617486463,0.04627076878209802,0.03482300516167884,0.07458932563092666,0.04843339431620153,0.029041764541712624,0.6063155846647843,0.10010489515395171,0.0
2025-05-28,0.060336794494482184,0.046122150407491486,0.034693580680749826,0.07490847538690286,0.048464675065008234,0.02936212051129337,0.60599698114724,0.1001152223068322,0.0
2025-05-29,0.06061928372201336,0.04674390423655051,0.0351272413120493,0.0746833646898325,0.047915840687979494,0.02972063421763103,0.604611681943403,0.10057804919054082,0.0
2025-05-30,0.06034772101940554,0.04635906347062062,0.03480002071648748,0.07496064255866326,0.04838362259762123,0.02911235019139706,0.6053686290089764,0.10066795043682833,0.0
2025-06-03,0.06074368444535367,0.04653528962868343,0.03525609051497277,0.07293600886782008,0.047378342532227405,0.02884830964121731,0.6060918021893175,0.10221047218040788,0.0
2025-06-04,0.060860625000626,0.04678331951627908,0.035561685934129415,0.07305153738193798,0.047238997654684645,0.029018386757845408,0.605018454189177,0.10246699356532042,0.0
2025-06-05,0.0609583397291613,0.04700415820868548,0.0359534416859621,0.07242127935946097,0.047264141545719014,0.02892526042050851,0.6048997246934485,0.102573654357054,0.0
2025-06-06,0.06088366093632009,0.046925616919084145,0.035781440576972204,0.07246150059949061,0.047237140570548335,0.028842835443988087,0.6052078562315638,0.10265994872203267,0.0
2025-06-09,0.05939085337674881,0.04515762834080992,0.034125262033430435,0.07067749161527939,0.045482565036329414,0.02807811226821347,0.6172757096009274,0.09981237772826108,0.0
2025-06-10,0.05915756306281627,0.04483923558542647,0.033767024535216,0.070843108115451,0.04556651174389946,0.028110932763825505,0.6180670766504872,0.09964854754287812,0.0
2025-06-11,0.05950110760935567,0.04503369524616825,0.03411578635403948,0.07079001840350026,0.04562925364472907,0.02816964809928486,0.6169708544226472,0.09978963622027519,0.0
2025-06-12,0.059430624773056426,0.04506267032320937,0.034184039956969586,0.07097855156233956,0.04602722592086585,0.02804669391155095,0.6164934458431873,0.09977674770882086,0.0
2025-06-13,0.05912580045902626,0.04469182591869805,0.033868671775704594,0.07043383580836304,0.046682985780307634,0.027801015302991408,0.6179048146249293,0.09949105032997957,0.0
2025-06-16,0.054118089561581324,0.04004583650360424,0.03039642044899919,0.06203039185635867,0.040150156199956946,0.025514770343411732,0.6590030578606788,0.08874127722540914,0.0
2025-06-17,0.05406394996299036,0.03992381063777158,0.030283799373799825,0.06187933374673249,0.039805687966906866,0.02560943127146143,0.6596425339899833,0.08879145305035414,0.0
2025-06-18,0.05410182005943063,0.0398694531323966,0.03033976116451174,0.06221132907334583,0.03980759009057532,0.02551563891597768,0.6593971396482426,0.08875726791551945,0.0
2025-06-19,0.05377816228434488,0.039479531563783116,0.029995359167147656,0.0621843384954263,0.03969560234216326,0.025426595620418484,0.6609172691914852,0.08852314133523119,0.0
2025-06-20,0.053840338466151445,0.03922905085431755,0.02975176740643031,0.062425103035183234,0.039550516882500164,0.02548139987881375,0.6611869152785018,0.08853490819810182,0.0
2025-06-23,0.05420427253829142,0.039463011836358336,0.030101527104645753,0.06119108062686719,0.03942051117433886,0.02545192547638568,0.6611287620712057,0.0890389091719071,0.0
2025-06-24,0.05471049441107868,0.03999676048909876,0.030715581807014256,0.061181765951727196,0.03883385494545732,0.02597227321918377,0.6591712026318507,0.08941806654458914,0.0
2025-06-25,0.05530596993588515,0.040528630950822334,0.03156350862042029,0.06133648131321194,0.038806085261728934,0.02588347884000854,0.6567507616207124,0.0898250834572104,0.0
2025-06-26,0.05511512627473169,0.040364500283426606,0.031359419615261994,0.0614980354582566,0.03887810254897563,0.02601582467530201,0.6569909226162461,0.0897780685277993,0.0
2025-06-27,0.054805327570637,0.0405621909674213,0.03152323527225474,0.060541974777239875,0.03848374893092562,0.026289423103864357,0.6577804143733205,0.09001368500433664,0.0
2025-06-30,0.05276389227040364,0.03853387907677989,0.028978187885501248,0.05950785012619602,0.03935994062828755,0.02621720030272441,0.6667705035266998,0.0878685461834075,0.0
2025-07-01,0.052760963509336796,0.038591824734482645,0.028859018195842145,0.06001815124246656,0.03973691441231765,0.026058848086122532,0.6658382567138988,0.08813602310553277,0.0
2025-07-02,0.05279225442446987,0.038334280716780064,0.028544106879375974,0.060173885607337954,0.039735040407126686,0.02608428691427416,0.6664536166172361,0.08788252843339901,0.0
2025-07-03,0.053014255798389934,0.038451830150354235,0.029029527299685838,0.06006773556130912,0.039930448788142635,0.026081123137798805,0.6652280699878563,0.08819700927646314,0.0
2025-07-04,0.05315952799921763,0.03834753787596392,0.028900495001828848,0.06058722573091193,0.039694114193238095,0.026220034556547266,0.6648382288832242,0.08825283575906806,0.0
2025-07-07,0.07128364081171033,0.04783230640438417,0.03453304812396021,0.06246842267553612,0.027458980855050708,0.02339688336782622,0.6271018834151965,0.10592483434633565,0.0
2025-07-08,0.07170864705849006,0.04834242940982404,0.03527280914439409,0.06218559890209826,0.027552926943221267,0.023354767612456195,0.6251047442302881,0.10647807669922796,0.0
2025-07-09,0.07162506921223917,0.04817512133200093,0.03535215626141115,0.06255938286306066,0.027256422475183405,0.02328307640024346,0.6254707614456464,0.10627801001021471,0.0
2025-07-10,0.07186937499837444,0.04835387622532816,0.035387222894980655,0.06271428408974543,0.02743451570127609,0.023382374753736175,0.6242833295159543,0.10657502182060472,0.0
2025-07-11,0.0719696925623875,0.048719580509810526,0.03567758252917336,0.06200117539356106,0.02745867803465954,0.02330149157694126,0.6242424613599932,0.10662933803347359,0.0
2025-07-14,0.07225390989900517,0.05028447943673509,0.03359589728555767,0.060340378517103076,0.027235492567086753,0.03614112252773247,0.6130507652097686,0.10709795455701111,0.0
2025-07-15,0.07222176376939785,0.0502270871158753,0.034149580135066006,0.059735628676757586,0.027199263839065832,0.03666875259862938,0.6131712824560038,0.10662664140920422,0.0
2025-07-16,0.07203870083430386,0.0502350427325697,0.03408966786506698,0.05954166520123922,0.027086239701898458,0.03646149942637078,0.6134671551048959,0.10708002913365511,0.0
2025-07-17,0.07234309734281655,0.050649587068984626,0.03459879349315264,0.059215937308590795,0.026998471414475672,0.03663433179940733,0.611857470081871,0.10770231149070146,0.0
2025-07-18,0.07266720236798986,0.05071749522178471,0.03466691219433096,0.05942547290018762,0.026980536449889844,0.0368463778624167,0.6109035997277159,0.10779240327568437,0.0
2025-07-21,0.0696908187059183,0.05074107132887791,0.033314207095926494,0.059438075397216655,0.02996924524200134,0.03703601077824885,0.61833482080858,0.10147575064323049,0.0
2025-07-22,0.07014669551915098,0.05108783313420953,0.033462947172285346,0.05945729980893391,0.030033544274095873,0.03699869996169803,0.6170173901757096,0.10179558995391678,0.0
2025-07-23,0.07016707001683618,0.05095567845006835,0.03346339656886678,0.05953724336172625,0.030333740429472626,0.03693540512360475,0.616839319857295,0.10176814619212997,0.0
2025-07-24,0.07062753459989361,0.05172418276340965,0.033947616869812534,0.05904090634135233,0.029819372947886287,0.036982248506310544,0.6153430151635979,0.10251512280773707,0.0
2025-07-25,0.07029306035334834,0.05180133490304789,0.03388898500635192,0.05867612056936318,0.02977518077298065,0.03706893733940636,0.6158101910409339,0.10268619001456779,0.0
2025-07-28,0.06786903601079239,0.0496466266571274,0.03351400766745757,0.059570678122240706,0.03815888656301269,0.04493521954162185,0.6076488714895159,0.09865667394823148,0.0
2025-07-29,0.06813266636336462,0.04990182805603635,0.03413696337972151,0.05921836023108825,0.03802852188497389,0.04490706962910147,0.6068805391609791,0.09879405129473488,0.0
2025-07-30,0.06813081415022189,0.04958444194051904,0.03359047253276136,0.05944619941359311,0.038106980538888224,0.04483425535870562,0.6075766339405968,0.09873020212471403,0.0
2025-07-31,0.06710182942426264,0.04904612238764672,0.033136900203277905,0.058892354379005404,0.03808816349666302,0.04561926883993373,0.6099822189495078,0.09813314231970277,0.0
2025-08-01,0.06684142355587594,0.04900108727130882,0.03309549182390856,0.05895119192197994,0.03814406277843224,0.04478927894849785,0.6107461434222173,0.09843132027777922,0.0
2025-08-04,0.06171912298621364,0.04920209213597208,0.032079693115074845,0.062150020533409525,0.0392414611248551,0.04095182632250175,0.6229186269056353,0.09173715687633784,0.0
2025-08-05,0.06200182656855582,0.04935798188446198,0.032093417047479006,0.06267197625845955,0.039153873416951805,0.04157877768413871,0.620970801949642,0.09217134519031105,0.0
2025-08-06,0.062071548375437,0.049716291911697734,0.03226418524666461,0.06267429184584818,0.03917045263773909,0.04130139744670058,0.6202135939462816,0.09258823858963107,0.0
2025-08-07,0.06205070365065859,0.04953031835893385,0.032024127081453024,0.0628365781397113,0.03922991445427277,0.04162169562440941,0.6202656427603838,0.09244101993017718,0.0
2025-08-08,0.06188261007830612,0.04940312346139313,0.0318911801297477,0.06292012586920306,0.039341839979704495,0.041779971719591524,0.6202966901647655,0.0924844585972885,0.0
2025-08-11,0.06525234761227297,0.049805095283123116,0.03294165726503946,0.060979875709885875,0.04591391891793815,0.04327535826811249,0.613812761000654,0.08801898594297393,0.0
2025-08-12,0.06555609199092328,0.04998516320022962,0.033334031884593156,0.0611632277917864,0.04570508575979658,0.04312658052678284,0.613376751087152,0.08775306775873623,0.0
2025-08-13,0.06583429666751138,0.050501538947595834,0.03441372712102815,0.060584545192605484,0.045637561873965504,0.0434241575448492,0.6115727808622174,0.08803139179022709,0.0
2025-08-14,0.06589419270788889,0.04997878569345447,0.03410124753409175,0.06065799252025523,0.045770329730386694,0.04339659141898021,0.6123785213103871,0.08782233908455585,0.0
2025-08-15,0.06615750041514847,0.050906837147387765,0.034889786564703235,0.06028542125189942,0.0454942664680496,0.043394891377401046,0.6105203597579542,0.08835093701745626,0.0
2025-08-18,0.06910568612836662,0.04842983483475258,0.030943758545297514,0.06579743483927024,0.057440192545421334,0.04736017324058281,0.5931708663936048,0.0877520534727042,0.0
2025-08-19,0.06888196988931927,0.04836289074630989,0.03090773472405156,0.065872581547812,0.057301080476426826,0.047192116794761534,0.5935420781305383,0.08793954769078073,0.0
2025-08-20,0.06957409987072097,0.048827688586119654,0.030937466392866125,0.0663171144903218,0.05709456309136336,0.04660459862791599,0.5925054532962413,0.0881390156444509,0.0
2025-08-21,0.06975928863114755,0.0485939980971249,0.030754760951522925,0.06656907569919314,0.05717856195826512,0.046712775848555634,0.592032654675584,0.08839888413860676,0.0
2025-08-22,0.07098779212041559,0.04929148545136596,0.0316820844316695,0.0661249132230936,0.056867039078477975,0.046173331903082586,0.5899294549231235,0.08894389886877116,0.0
2025-08-25,0.059062338722773326,0.046705780906648085,0.029374088209331836,0.06373173559742301,0.05961447905865145,0.04939589961259228,0.6050481088691968,0.08706756902338315,0.0
2025-08-26,0.05887694220461506,0.04681489492281445,0.02916931454824821,0.06361464528036737,0.059825985675044664,0.04919191551212823,0.6054275960121493,0.08707870584463265,0.0
2025-08-27,0.05827661574716974,0.0463541145948315,0.029107074320411985,0.0627712471313996,0.060121348809184925,0.049837617302139925,0.6084987399892133,0.08503324210564896,0.0
2025-08-28,0.059133545292848116,0.047218195998494375,0.03012931910668784,0.06270503090803414,0.06008891901100827,0.04936992856803393,0.6064122820407155,0.08494277907417774,0.0
2025-08-29,0.059511834718180626,0.047392330687904494,0.030769915773457293,0.06235369583481856,0.060174491714880554,0.049292222907474245,0.6059533785028114,0.08455212986047278,0.0
2025-09-01,0.05494758985172813,0.04492708682853423,0.028067866174250056,0.06331977398422096,0.06021079009998437,0.04967233215295821,0.6330258641273419,0.06582869678098226,0.0
2025-09-02,0.05464901328024751,0.044073156761809666,0.027321607827397187,0.06397244359675394,0.06050860328781678,0.049857551763645425,0.6342402209231739,0.06537740255915564,0.0
2025-09-03,0.05428273362858878,0.04348807766893151,0.02758314459841826,0.06326939222939962,0.06128897781129665,0.049863455177174304,0.6349661260363935,0.0655543603616541,-0.0002962675118566204
2025-09-04,0.05328755999595235,0.04253653373557083,0.02648959039543205,0.06362161514223239,0.061327069610971854,0.05018935673987565,0.6372235109553509,0.06562192810080338,-0.0002971646761895565
2025-09-05,0.05416576545599681,0.04367691880095379,0.028078838702031133,0.06300488094674735,0.06120521029743611,0.05049255197334208,0.6329760329813537,0.06669544579999082,-0.0002956449578518383
2025-09-08,0.05175703322530005,0.03967320806509345,0.0241307558922494,0.06693473823191447,0.06458594157347769,0.05418203417255235,0.634767235493432,0.06396905334598074,0.0
2025-09-09,0.0514221491052113,0.0393362076165798,0.023606525302847667,0.06725219418892427,0.06560095600725845,0.05437124272426627,0.6350214051332894,0.06338931992162287,0.0
2025-09-10,0.05154195731945865,0.03936494087812445,0.023911918796629246,0.06715096858571502,0.06546258186248659,0.054706003874929084,0.6348551432920061,0.06300648539065101,0.0
2025-09-11,0.05248921782447878,0.040260774772726646,0.02502670691829403,0.06703176186057024,0.0649639440484918,0.05435829335043333,0.6323802434009403,0.06348905782406492,0.0
2025-09-12,0.05219844319310309,0.040409861229947226,0.024758203664036037,0.06653766783765389,0.06523030232972164,0.054559420096684116,0.6326998637217588,0.06360623792709522,0.0
2025-09-15,0.049617603389941915,0.039115890698278095,0.022892045389903734,0.0670631192531652,0.06404360126974896,0.05493768812085712,0.6413483444731456,0.060981707404959375,0.0
2025-09-16,0.04943998411438358,0.039353102770845784,0.023014617718221476,0.06668456217844994,0.06476587399446976,0.055144509506730985,0.6408104373198683,0.060786912397030005,0.0
2025-09-17,0.04966207541500545,0.03966660947860143,0.023426220871895515,0.06678079358165687,0.06411360101236939,0.054833250547465316,0.6404831446478132,0.06103430444519279,0.0
2025-09-18,0.04927126332383579,0.039487525774155346,0.02313054858470924,0.06570551557860681,0.06353305766510489,0.055519256194685285,0.6425002212975288,0.06085261158137378,0.0
2025-09-19,0.04932639953475037,0.03933623676974371,0.023100603267087783,0.06612993937076075,0.0638413231237866,0.05575726139650276,0.6419711262175013,0.06053711031986685,0.0
2025-09-22,0.05387472402937514,0.04243615317587914,0.02476708474785104,0.03471214918759741,0.06404344916258498,0.062250704433824154,0.6533812653967103,0.06453446986617786,0.0
2025-09-23,0.053783594553415956,0.04213033191559292,0.024793747469903416,0.03491002937808913,0.0647303305504428,0.06320260279568504,0.6521017995737972,0.06434756376307366,0.0
2025-09-24,0.054223014125040554,0.04288119156290482,0.025307086705103548,0.03480746264482207,0.06497043532871087,0.06254739632784284,0.6502158397204507,0.06504757358512447,0.0
2025-09-25,0.05454646217447252,0.04298266056797376,0.02570485758707549,0.034520708044312606,0.06461891816116123,0.06233476676811144,0.6499488543162348,0.065342772380658,0.0
2025-09-26,0.05410073819378386,0.04244976440275096,0.02506820053046381,0.03454359511113422,0.06481400584499969,0.06245074356133188,0.6512765592304823,0.06529639312505327,0.0
2025-09-29,0.053282018940422296,0.04170417829592473,0.02488982835261629,0.036799888057247473,0.06538078840403999,0.060434487143517734,0.6530591345798029,0.06444967622642844,0.0
2025-09-30,0.053371298976251064,0.04193795761521374,0.02482177721889334,0.036418243588534294,0.06583054984257299,0.060701725836529795,0.6522074928273502,0.06471095409465431,0.0
2025-10-09,0.05487977217541337,0.04316583811459454,0.026064785159300195,0.03823269648903985,0.05406889197099438,0.05999722382802253,0.6565269859827623,0.06720512538077485,-0.0001413191009019627
2025-10-10,0.0540043750403157,0.04246472643440755,0.024972112784420523,0.03866280276265063,0.05348453015351146,0.060517817767682267,0.658878466103701,0.06715703629698785,-0.00014186734367694807
2025-10-13,0.052514421797741954,0.04201399102921328,0.024648301545774104,0.0386677228878155,0.049771258806957104,0.0583473766997149,0.6667414489085953,0.0672954783241879,0.0
2025-10-14,0.05200166041138409,0.04106979828805254,0.023717777259601946,0.03943993756669989,0.05054030115825532,0.0578691770970686,0.6684423196930367,0.06691902852590102,0.0
2025-10-15,0.05256677690127732,0.04147401856392587,0.024184186492479786,0.03949052563764647,0.05152737792220652,0.05812204345983198,0.6656508723677904,0.06698419865484154,0.0
2025-10-16,0.05268654388955736,0.04110425072195074,0.024268080360961997,0.03967338823147282,0.05182866426011389,0.05851528475681342,0.6654433869944851,0.06648040078464472,0.0
2025-10-17,0.05163729146838083,0.03998738351705434,0.023515991248153865,0.03963124960939525,0.05379037068508792,0.05768398160660235,0.6677198395031267,0.06603389236219878,0.0
2025-10-20,0.048165455560270055,0.0374191735318937,0.02280189102443874,0.07316420353388407,0.041220584143229565,0.05254597869377366,0.6594112787000475,0.06527143481246284,0.0
2025-10-21,0.04868934133361906,0.03786558935008185,0.02338599792691627,0.07310024123923495,0.04202207312502038,0.05270856739736562,0.6566013635444472,0.06562682608331455,0.0
2025-10-22,0.04861379340000653,0.037631131115533026,0.02324217917691241,0.07368469860359798,0.0403710886506438,0.05308404962832121,0.6578893488282479,0.06548371059673713,0.0
2025-10-23,0.04875675586587641,0.03770537116856834,0.023262420791744443,0.07406680162950942,0.03989412993097989,0.05308096830983663,0.6576636733806691,0.06556987892281585,0.0
2025-10-24,0.04922034103912402,0.03822880483630074,0.02403903636796532,0.0734086312576853,0.03960916119429558,0.05349526438413491,0.6561339171917151,0.06586484372877904,0.0
2025-10-27,0.04552972150075741,0.0354207559215363,0.021324238788244094,0.0702555335325942,0.03529392459938582,0.047368962723659654,0.6825899547360414,0.06221690819778105,0.0
2025-10-28,0.0453192790659516,0.035253494254026296,0.021302266967880092,0.07018166838222459,0.0340551187232213,0.04751280238011813,0.6842761627971664,0.06209920742941135,0.0
2025-10-29,0.04568734084642505,0.03579113699838473,0.021844865457670868,0.06935934985937393,0.03430265615558028,0.048276507746112425,0.6822801061630295,0.06245803677342335,0.0
2025-10-30,0.04538895128477697,0.03538730238621488,0.021473864296838983,0.06952261540732306,0.03440047491953072,0.047984801556232706,0.6838314683856344,0.062010521763448345,0.0
2025-10-31,0.04476779459665879,0.035161436998136716,0.020998714280845765,0.06955977269828345,0.034792043378439594,0.047961740873509386,0.6846152034617482,0.06214329371237824,0.0
2025-11-03,0.046093256739586176,0.03555551567025474,0.021394372941188004,0.07124320954193851,0.03364145225649934,0.04928834240417196,0.6795995957213544,0.06318425472500677,0.0
2025-11-04,0.04585026227783501,0.03503724959014447,0.021020428641119186,0.07214983310766913,0.033485578032465664,0.04849694397990306,0.6810624449880772,0.06289725938278634,0.0
2025-11-05,0.045931372837478134,0.035124281123205564,0.021234234299727716,0.07216557342525531,0.03336397462694351,0.047792981570687336,0.6810298791828284,0.06335770293387387,0.0
2025-11-06,0.046464802547622405,0.03559539802428552,0.021568666300108553,0.07199120780901423,0.03346305016101574,0.048589033820674345,0.678910959762949,0.06352322383751073,-0.00010634226318038079
2025-11-07,0.04634895146908799,0.035531152579679,0.02147219962278929,0.07204590043624579,0.03362917160645945,0.04799559910006405,0.6794729316125555,0.0636105107355811,-0.00010641716246219087
2025-11-10,0.04544842378587138,0.03490502425546746,0.021116229129045438,0.07133846945746215,0.03339426618368233,0.04643524878812151,0.6840462173463163,0.06331612105403345,0.0
2025-11-11,0.045040010667976464,0.034662120307252374,0.020823663257619977,0.07151827208639414,0.03387017336388546,0.046632583450935565,0.6842309650524485,0.06322221181348768,0.0
2025-11-12,0.0449606781207177,0.03441788494018161,0.02073336549484287,0.0720288344624411,0.0337327477876697,0.046970057269128604,0.6842281512296846,0.06292828069533377,0.0
2025-11-13,0.045388507911079845,0.034861429929810145,0.021208770172539256,0.07177686443086424,0.03419104991261542,0.046874383594956125,0.6822167895782761,0.0634822044698587,0.0
2025-11-14,0.04485879834880213,0.034434694484776415,0.02069583838494766,0.07183043580070461,0.03403625783650061,0.04582818302160194,0.6849433988909321,0.06337239323173442,0.0
2025-11-17,0.043028461877220966,0.03450178935300796,0.020776101129637518,0.06967731097936719,0.03171752455446103,0.04322016027023835,0.6949692392387815,0.06210941259728538,0.0
2025-11-18,0.04290260193936174,0.0342221322495595,0.020609116575798014,0.0694163712541298,0.03145515151644736,0.041898529920487,0.6975055252259025,0.06199057131831404,0.0
2025-11-19,0.043065040687408705,0.03406602203173033,0.020647704912585715,0.06948945924433778,0.03206986654909838,0.041691281400866566,0.696870859979095,0.062099765194877525,0.0
2025-11-20,0.04279560513775199,0.03373556696607813,0.020392183681489137,0.06967937048120305,0.031849746503652215,0.04325266689151479,0.6964136675400284,0.06188119279828216,0.0
2025-11-21,0.042021323723555715,0.0327775905457554,0.019699022505808485,0.06918492434909132,0.03178529897832573,0.042185025928341786,0.7007196955375029,0.06162711843161866,0.0
2025-11-24,0.040212092411365676,0.031252395822209005,0.019441778700747096,0.06367618791417443,0.02926202735105053,0.033673301176384215,0.7235695668993067,0.058912649724762164,0.0
2025-11-25,0.04047744205757091,0.03155036318786619,0.019728895280651217,0.06388176924029183,0.029681273209863364,0.034317483121504955,0.7214887809710652,0.05887399293118644,0.0
2025-11-26,0.040739685221939444,0.031610809238230626,0.020159243604164528,0.06351634617841286,0.0296968642872495,0.034874620187320585,0.721007396107754,0.05839503517492832,0.0
2025-11-27,0.04073794055061883,0.031562523987461566,0.020079542390588647,0.06365939807785909,0.029706912113180255,0.03485407658676964,0.7212902982320198,0.05810930806150208,0.0
2025-11-28,0.040769830286972425,0.0318725107796845,0.020186085893057634,0.06346062004994979,0.029843839083720902,0.03511998190978244,0.7203420799573025,0.05840505203952986,0.0
2025-12-01,0.04239929091980266,0.03204769987673233,0.019986566902365773,0.06687973801944025,0.02891929895414455,0.03296262103361587,0.7112761966932117,0.06552858760068697,0.0
2025-12-02,0.042248424886570796,0.03181095883780846,0.019874144879379517,0.06690527589124225,0.028801658824295882,0.03307326581823444,0.7120149940165449,0.06527127684592364,0.0
2025-12-03,0.04206087246039832,0.0316338023126453,0.01966508098332926,0.06661181327468217,0.028770552950276498,0.03352216638358529,0.7125577230567958,0.0651779885782875,0.0
2025-12-04,0.042244083364998256,0.03173758822939801,0.0198823024873081,0.06634997363092592,0.02869593394412323,0.03355326402521519,0.7125033859177788,0.0650919269382779,-5.845853802531347e-05
2025-12-05,0.04252034848326576,0.032064706157431316,0.02011711746831651,0.0658489710344028,0.02887193948684949,0.03345889763039413,0.7115883992599431,0.06558797883304798,-5.8358353651311794e-05
2025-12-08,0.04297437915992474,0.03324589990436052,0.021278945962859584,0.06476163249081494,0.027550552111012018,0.031227757485744925,0.7111632361206378,0.06779759676464536,0.0
2025-12-09,0.042814499707290433,0.033054798040268535,0.02143738939645376,0.06440383573513701,0.027394698419384914,0.03088630480864702,0.7125332388798152,0.06747523501300326,0.0
2025-12-10,0.04273066015445082,0.03319684244922584,0.021421206557179488,0.06402874730272186,0.02752745116733793,0.03112494140206164,0.7122346308976532,0.06773552006936931,0.0
2025-12-11,0.04242489474994676,0.03290670198569954,0.02115008198575067,0.06379174460502289,0.027613933559368788,0.0307544391435696,0.7137732127823084,0.06758499118833318,0.0
2025-12-12,0.04263586936095666,0.03326587658076382,0.02132665080672232,0.06372973006939534,0.027931167113493093,0.030761336043034826,0.7126209827137563,0.06772838731187775,0.0
2025-12-15,0.04577011480613588,0.035139665389389535,0.023236798152095558,0.03310172716927664,0.02819860898034361,0.03122423954424376,0.7298896194618816,0.07343922649663347,0.0
2025-12-16,0.04536782428928631,0.034694733532062934,0.022821077611666827,0.033060145847198484,0.027953703054053355,0.030847271781031107,0.7321067523516557,0.07314849153304534,0.0
2025-12-17,0.046008200890068136,0.035225746861390045,0.02349776947905842,0.032957899916630076,0.0280496493899936,0.031146841997363145,0.7295786149600769,0.07353527650541969,0.0
2025-12-18,0.04575829798492177,0.03506013829464319,0.022999538382861145,0.03329766006567911,0.028087336204443564,0.03081733349826173,0.7303676165797984,0.07361207898939107,0.0
2025-12-19,0.0458289891292799,0.035334707176267514,0.023069620974697624,0.03318810197250398,0.028020938855052933,0.03138341929943576,0.7294160180837803,0.07375820450898196,0.0
2025-12-22,0.04230918795528904,0.032580602171645164,0.021463517656724326,0.03428448978815127,0.026997701897835073,0.028765345543418003,0.7432087767837819,0.07039037820315515,0.0
2025-12-23,0.04232684081125517,0.03253495894676657,0.02151758339578126,0.03429499480454398,0.02731847164058851,0.028572942961598468,0.743302189828934,0.07013201761053199,0.0
2025-12-24,0.04240998892781142,0.03293178910547656,0.021662634419445596,0.034296818752779734,0.027301910889819474,0.02851722636657213,0.7423154199622541,0.07056421157584104,0.0
2025-12-25,0.04247139331164044,0.03318195660986391,0.02171987621706983,0.03432206623116696,0.027076412663613714,0.028462135697242864,0.7417851828441175,0.07098097642528486,0.0
2025-12-26,0.042563343197004326,0.03336408111368462,0.021728537016267722,0.03422856854143799,0.02728688781089395,0.02841897755714242,0.7415303737596639,0.07087923100390514,0.0
2025-12-29,0.044464712790638884,0.034339163331810564,0.022839343434416008,0.036791359190108695,0.027857553616906942,0.03004885042239288,0.7292413056727187,0.07441771154100729,0.0
2025-12-30,0.044591538586692694,0.03447983830359278,0.022989702621203416,0.036758659598479404,0.02728270180384083,0.03002602087308911,0.7293291811168822,0.07454235709621966,0.0
2025-12-31,0.04442078287808629,0.034536828143203545,0.02272534009787154,0.03679164203696218,0.027122692029731076,0.02989190018292423,0.729900379335659,0.07461043529556227,0.0
2026-01-05,0.04368916612589662,0.03348529361965462,0.022167199185370776,0.036473771530897856,0.028390545298015095,0.02972008593222901,0.7349607650525091,0.07134338651245403,-0.00023021325702715135
2026-01-06,0.04426812182335203,0.03412395865407491,0.02228504024414136,0.036437035282515934,0.028573396228996312,0.029578558716540655,0.7328109954031565,0.07215262479612439,-0.00022973114890205857
2026-01-07,0.04415814326681578,0.03440542669837048,0.022364827897074568,0.036258842011769425,0.028409990344002864,0.02949948168899075,0.732733085811175,0.072400054639264,-0.0002298523574627923
2026-01-08,0.04380168476325855,0.03449373507783755,0.02218299464647662,0.03603747711797313,0.028391819118005923,0.02919482485796279,0.7334376423287942,0.07268971538748566,-0.0002298932977942792
2026-01-09,0.043911013936644795,0.035132323155266064,0.02230998309177564,0.03598539716187084,0.028576792214537693,0.029198262020919602,0.7319246097315408,0.07319107481809138,-0.00022945613064677783
2026-01-12,0.0464405571206009,0.03429939470056646,0.02515052297420489,0.04159111106501473,0.030465127964168632,0.03079423160371621,0.7215824818132694,0.06967657275845866,0.0
2026-01-13,0.0462188991652247,0.03390212057809721,0.024688454644304823,0.04174919431635117,0.03055356079390585,0.031191519843148933,0.7227016912869378,0.0689945593720295,0.0
2026-01-14,0.045996306259370824,0.03422589717112373,0.02487087962852914,0.041273890135609816,0.030931052129028667,0.031068694881902326,0.7225876332301845,0.06904564656425106,0.0
2026-01-15,0.046077451455173404,0.03419933011645372,0.025004369315269837,0.0411691862446299,0.030752269604799345,0.030931111641332037,0.7226993101659522,0.06916697145638948,0.0
2026-01-16,0.045876578144305784,0.034230083628229976,0.024947034889532725,0.04080107812034675,0.030713606942463473,0.03097234705074662,0.7229864861784662,0.06947278504590859,0.0
2026-01-19,0.04873943322016853,0.03543403392548216,0.02592409730735651,0.03961306260236222,0.03726766901973218,0.0312630514670781,0.7133013390498142,0.06845731340800612,0.0
2026-01-20,0.04858385807762021,0.03526589484285721,0.02546344138429149,0.04020083314989271,0.03755440995541305,0.031083875836386568,0.7138244807859094,0.0680232059676294,0.0
2026-01-21,0.04853360812740009,0.03559210144814767,0.02555055521346358,0.03979601453728383,0.03857901503270618,0.031007640642575714,0.71243855678741,0.0685025082110129,0.0
2026-01-22,0.04847253709477879,0.03574486033996122,0.02577141066290783,0.039812940840057466,0.038391625039184675,0.03139382669389403,0.7113798681360295,0.06903293119318636,0.0
2026-01-23,0.048128594773765354,0.03651235432323404,0.025865044477979125,0.03954457997923431,0.03931317020106124,0.03114698958825732,0.7097563294920363,0.06973293716443235,0.0
2026-01-26,0.04714168383658739,0.03277888497262136,0.025566143129475805,0.03367940708794327,0.0332734553695164,0.030236459001815204,0.7377641191237412,0.05955984747829939,0.0
2026-01-27,0.04710394827086798,0.03292415282613181,0.0257331063201727,0.03347808093056329,0.03328622904588141,0.03041310046240018,0.7374412263803038,0.05962015576367869,0.0
2026-01-28,0.04712772956281651,0.03305563589253736,0.0255327315614521,0.03348465998805018,0.03426730069940654,0.030525390170963018,0.7360054555690997,0.06000109655567458,0.0
2026-01-29,0.04738765126677128,0.032667533754182444,0.02533372743378992,0.03389859839229567,0.03608793277572992,0.030238215681708612,0.7349292401650699,0.05945710053045233,0.0
2026-01-30,0.04713629820988992,0.03225472097915498,0.025776162025670714,0.034034762122159105,0.03353289795224089,0.03022092372077463,0.738339855370363,0.05870437961974686,0.0
2026-02-02,0.04756163985382275,0.030617086918543084,0.026718814807354965,0.0338289480970475,0.01802186284177753,0.031225521477399987,0.7605684054043225,0.05168499566247374,-0.00022727506274221546
2026-02-03,0.047873155956320045,0.031405827172916734,0.027076403793674337,0.03359412319359195,0.018859310297209133,0.03172593413599082,0.7569217587692684,0.05276961181850959,-0.0002261251374808523
2026-02-04,0.048210377166200497,0.03141416109868414,0.02693447227712832,0.034060700870967284,0.01964049937996061,0.03136548338736858,0.7559145366518689,0.052685636235601505,-0.0002258670677796488
2026-02-05,0.048003590430565596,0.03088873372943774,0.026563781837942814,0.034505697793144594,0.01905179949856643,0.03119949738391155,0.7576797661232332,0.05233341111718481,-0.00022627791398669174
2026-02-06,0.04776378866868388,0.03091313119287833,0.026389585323600768,0.03441854879228008,0.018765354956857345,0.030764788207222792,0.7584435177859729,0.05276775182176806,-0.00022646674926412843
2026-02-09,0.046935805249350544,0.029445445168128054,0.026748145717001872,0.03250074270456727,0.016696678036330417,0.030738277009275804,0.769113334723535,0.04782157139181107,0.0
2026-02-10,0.04699904223682843,0.029435283749753776,0.026656297264437273,0.03258958792363313,0.016622727432467534,0.030695632566600364,0.7692794939190255,0.04772193490725399,0.0
2026-02-11,0.04688456639024636,0.029497459944044003,0.0263631356423244,0.03266031674306841,0.016757737057945334,0.03063900419251277,0.769461590709224,0.04773618932063476,0.0
2026-02-12,0.04690250506056065,0.029818799195622334,0.026688472027622423,0.03233101565553355,0.01668454930239301,0.03053017184585418,0.7691332557711131,0.04791123114130062,0.0
2026-02-13,0.04640846246440898,0.029439539190053092,0.026323968232615794,0.03205318022143971,0.01649228656106579,0.030492174726203667,0.7709905877968327,0.04779980080738019,0.0
2026-02-24,0.04720431975173166,0.029526500466797903,0.027034631281712105,0.03144294031813087,0.016542508238715767,0.03732712050881131,0.7634473829391847,0.04747459649491569,0.0
2026-02-25,0.0474612680188902,0.029982967355338713,0.027399320292919284,0.03137693072902962,0.016546599307268126,0.037346610809272776,0.7623802755754309,0.047506027911850254,0.0
2026-02-26,0.04743144958043295,0.030125674392013566,0.02735387624346289,0.03135504980611756,0.016498197216410628,0.03753775303161008,0.7626219018980999,0.047076097831852466,0.0
2026-02-27,0.04725997990838289,0.030476491061345853,0.027065351989110222,0.03144606422632799,0.01652541813148081,0.037264574448225944,0.7629598602781292,0.04700225995699711,0.0
2026-03-02,0.05227227691151888,0.031937162989056946,0.029903491458728573,0.03295073245109663,0.016437920524750228,0.04339888210843458,0.7444723554268442,0.04862717812956994,0.0
2026-03-03,0.05168557727287637,0.030676862078761663,0.02925806750835541,0.03339064535243515,0.016279025777768567,0.04319554243935017,0.7475640540462364,0.04795022552421633,0.0
2026-03-04,0.05119641344341648,0.030616973972602882,0.028904558348577924,0.0330365542616067,0.015907393397203057,0.042700339395912335,0.7497031242765171,0.04793464290416357,0.0
2026-03-05,0.051604203957083455,0.030784715886715126,0.02933156187950624,0.03306127538311282,0.015855480679109902,0.04354230112061972,0.7480333021397416,0.04778715895411106,0.0
2026-03-06,0.051703220534263544,0.030948797294535584,0.029420080585669497,0.033203300476332395,0.015710955541540114,0.04353070002555614,0.7476097760382896,0.04787316950381313,0.0
2026-03-09,0.05365548569005197,0.03139781808598525,0.031279811164141545,0.03440896235355138,0.017573627796200236,0.021631525454430235,0.7590270223261916,0.05102574712944775,0.0
2026-03-10,0.054181710813088056,0.03179819099343724,0.03213414951871422,0.034206730802157644,0.017662739140082408,0.02195959663003302,0.7567915953922479,0.05135992958321965,-9.464287298011043e-05
2026-03-11,0.054454817872677225,0.031730111664613606,0.03251309786711776,0.03453458870458044,0.017668528507324196,0.02197982126343428,0.7557442136104802,0.05146934692151583,-9.452641174340998e-05
2026-03-12,0.05432190591530051,0.031601234785184104,0.03223989995845482,0.034762473112863644,0.017631064111867892,0.02190716080603103,0.7566446419375606,0.05098626357895421,-9.464420621697723e-05
2026-03-13,0.05418667658433887,0.031193881343558195,0.0322160140044389,0.03488401097257603,0.017437021801947953,0.021729789376262482,0.7579162705233597,0.05053112431461183,-9.478892109417553e-05
