trade_date,Strategy_Pure,Strategy_Hedged,Benchmark
2022-01-04,1000000.0,1000000.0,1012861.39747006
2022-01-05,991869.3585034551,991869.3585034551,1000828.9914888899
2022-01-06,999199.3153076787,999199.3153076787,1009825.2344941255
2022-01-07,986992.8556493595,986992.8556493595,996674.7009201066
2022-01-10,997731.201463229,997731.201463229,1003895.5437134068
2022-01-11,997531.2287288893,997531.2287288893,1001119.8837280107
2022-01-12,1004008.6517569968,1004008.6517569968,1013083.0660975159
2022-01-13,1000628.1701456263,1000628.1701456263,1005133.7611536733
2022-01-14,988653.137074437,988653.137074437,996496.3317638484
2022-01-17,989690.8563763893,989690.8563763893,1007304.5787474366
2022-01-18,983069.3691220597,983069.3691220597,997167.7092929048
2022-01-19,983496.7436721602,983496.7436721602,997866.6437316347
2022-01-20,964696.0184294074,964696.0184294074,977757.3931295397
2022-01-21,965813.0253811415,965813.0253811415,968852.8688676858
2022-01-24,965536.041354968,965536.041354968,965853.6984455577
2022-01-25,933117.4555885044,933117.4555885044,928556.4426384439
2022-01-26,940336.8335827806,940336.8335827806,935519.1657453066
2022-01-27,912195.8569220525,912195.8569220525,908469.8838426643
2022-01-28,927459.6847639224,927459.6847639224,918042.3548664597
2022-02-07,935477.8827488339,935477.8827488339,933043.422300364
2022-02-08,959735.6854199045,959735.6854199045,948871.7008021948
2022-02-09,964500.815167403,964500.815167403,961309.413091037
2022-02-10,961992.4324854164,961992.4324854164,962066.2627436658
2022-02-11,945747.6030607735,945747.6030607735,946174.4103413961
2022-02-14,948025.0168223901,948025.0168223901,946085.4156047943
2022-02-15,949084.0507113914,949084.0507113914,948431.8414849956
2022-02-16,960639.8122698199,960639.8122698199,959650.9982926169
2022-02-17,961329.87364359,961329.87364359,956288.4368800833
2022-02-18,974524.2897337301,974524.2897337301,964488.1364147526
2022-02-21,979498.9539122543,979498.9539122543,976262.3968434591
2022-02-22,978646.9030514497,978646.9030514497,966482.9474661148
2022-02-23,991754.031362442,991754.031362442,977894.9908103459
2022-02-24,977177.0686954784,977177.0686954784,955847.1695863997
2022-02-25,988490.937835211,988490.937835211,964318.2056975239
2022-02-28,993043.3010162368,993043.3010162368,964464.1648540496
2022-03-01,1001828.2478753004,1001828.2478753004,972858.2173403671
2022-03-02,1006225.741825309,1006225.741825309,978272.8619864006
2022-03-03,1007100.7035136337,1007100.7035136337,979791.3384719212
2022-03-04,998041.5362504077,998041.5362504077,968213.7456000417
2022-03-07,984804.9776166433,984804.9776166433,954584.2867442915
2022-03-08,960978.7927526456,960978.7927526456,924513.6390104764
2022-03-09,938609.6423875551,958095.8563743875,911365.3676843967
2022-03-10,956167.325731086,958095.8563743875,927005.1605706958
2022-03-11,961596.9968756374,958095.8563743875,933256.784232329
2022-03-14,952874.5180072291,958095.8563743875,909800.5324172338
2022-03-15,915063.8419867778,958095.8563743875,861754.2784962856
2022-03-16,938153.0935466588,958095.8563743875,887943.3381898052
2022-03-17,950741.235637702,958095.8563743875,903086.2708099209
2022-03-18,964991.0705838113,958095.8563743875,917595.6064185482
2022-03-21,982682.0436443551,958095.8563743875,928950.5559587601
2022-03-22,989060.0525167754,958095.8563743875,930512.8483588882
2022-03-23,980298.6052495176,958095.8563743875,933178.7344104843
2022-03-24,968338.3167621058,958095.8563743875,923804.7804446473
2022-03-25,962380.754833278,958095.8563743875,922018.7327507619
2022-03-28,951297.1959979071,958095.8563743875,920554.9463688135
2022-03-29,937327.6843314368,958095.8563743875,913909.6915274251
2022-03-30,938600.8321683018,958095.8563743875,927588.6743334227
2022-03-31,940109.5561141681,958095.8563743875,926591.5764550244
2022-04-01,936961.546544791,958095.8563743875,927741.8614846925
2022-04-06,950979.6563384949,958095.8563743875,938961.9867713469
2022-04-07,941887.0863819703,958095.8563743875,918935.970256957
2022-04-08,937135.3167955325,957024.6101317847,916724.5195299117
2022-04-11,926518.62466551,945758.9958699469,893254.7762512465
2022-04-12,944721.3249156739,963517.915827765,909061.3810397126
2022-04-13,921183.4992020736,939712.9560220785,894068.434337294
2022-04-14,923505.7857953081,941833.9256857365,902626.2465714356
2022-04-15,913353.7679872368,929898.2435732606,888387.5388009865
2022-04-18,926276.52017889,943952.8652832975,891136.5956652069
2022-04-19,935454.7098191109,953156.9003940194,896688.4575899397
2022-04-20,933508.265557997,949677.0488017186,887209.3627383214
2022-04-21,905947.7179200436,920823.2803138975,853975.828463878
2022-04-22,899094.3851859678,925571.85953194,847914.6728896897
2022-04-25,848536.9622416275,873918.7119213731,788009.8469035605
2022-04-26,823326.703081315,848985.6293489909,760517.761455927
2022-04-27,820530.3117365248,846275.7074478494,780264.5838864816
2022-04-28,806106.3846245459,832331.2854244999,770869.0050185397
2022-04-29,829577.7228017427,855119.8797368432,802127.7274309652
2022-05-05,839233.0736219747,864537.1800681556,816070.438891427
2022-05-06,828905.316029154,853524.2083512826,805088.8629828877
2022-05-09,845051.4182494703,869816.8473888224,818640.3822465201
2022-05-10,850762.7678034033,875624.5366338782,830409.4901192179
2022-05-11,843966.6939838137,868617.2078191312,832057.4344817105
2022-05-12,848484.2412237697,873275.1823772172,837974.9125734324
2022-05-13,855243.2330229821,880244.2764822189,845182.2654023636
2022-05-16,855739.2494677096,880755.7115280991,848629.1819492478
2022-05-17,855077.0406241352,880072.9180161179,847097.629416124
2022-05-18,865793.1886463806,891122.1759866425,853017.0123088149
2022-05-19,871900.9818679704,897419.8290981777,858829.4646341939
2022-05-20,879505.367928297,905260.5964255409,870163.5589402327
2022-05-23,892535.4975354056,918695.7657717867,881025.4665961706
2022-05-24,863216.0901315085,888464.9687282912,847684.8398559487
2022-05-25,877652.4313467217,903350.0615719398,864812.9488284456
2022-05-26,878386.285861356,904106.7278505495,870552.2056313833
2022-05-27,875971.6116588071,901616.9938413379,872192.2643716028
2022-05-30,879838.5305290258,905604.1153386745,880629.5406864983
2022-05-31,887179.9744645171,913173.7670223757,888562.7202336616
2022-06-01,896961.473046684,923259.3221069383,892102.7896110693
2022-06-02,890133.0585609608,916495.2598037629,895573.4900822109
2022-06-06,893388.9023455917,919848.8316304534,906375.4162195093
2022-06-07,891188.5112638252,917576.5623002811,904368.8782738002
2022-06-08,890888.8976044939,917267.6351926511,904788.8096192441
2022-06-09,878222.2878797222,904207.905025359,891076.6026425147
2022-06-10,876766.5591146626,902989.3697112321,905236.5500671874
2022-06-13,873757.9315577586,899891.7785823148,906578.76534309
2022-06-14,877760.4978957721,904014.1563405,910991.5499973862
2022-06-15,875610.6783048931,901797.6150263445,910258.5750137479
2022-06-16,876517.9573061011,902737.4643902263,914213.6761858122
2022-06-17,879055.2551673523,905353.509736376,917371.0319838449
2022-06-20,887403.5168127271,913960.8677290459,926565.6013249757
2022-06-21,889654.6502659776,916281.867278951,922219.7174791165
2022-06-22,880266.5151821122,906602.362373263,912381.5350893184
2022-06-23,885566.9550708174,912071.7186074794,928088.0620110546
2022-06-24,885984.8432588078,912506.9884425168,936866.1208283072
2022-06-27,889452.5590899679,916086.7402614473,944970.9839100788
2022-06-28,902419.3375027416,929451.5430569963,958190.9925862201
2022-06-29,889985.6893610486,916636.4167443906,940228.9858149921
2022-06-30,887755.8603718047,914341.7949473873,947962.7124575758
2022-07-01,892418.4340610574,919149.0761054754,947532.4562195992
2022-07-04,899059.6762311029,925978.9434706566,953624.6069506657
2022-07-05,896818.0709951505,923686.509452563,948682.1871841613
2022-07-06,888701.0687209225,915335.0803458379,937497.0422819464
2022-07-07,894540.2142397903,921352.950460097,944890.4202233991
2022-07-08,899087.3801650429,926039.2960628469,945866.2583756945
2022-07-11,899545.6885084518,926511.6323103344,939591.4967405285
2022-07-12,898872.5945310773,925817.9362691174,929295.4661972264
2022-07-13,913031.9544490813,940410.6859466641,940859.3421733722
2022-07-14,911415.049702089,938744.2909710485,941922.3990308265
2022-07-15,894383.6821826362,921191.6272689514,923055.3125512658
2022-07-18,915008.1882262444,942447.4082972119,946816.5901821677
2022-07-19,922856.2404585916,950535.6737517357,956267.6148040923
2022-07-20,923905.9079283949,951617.4694487307,965561.5356171298
2022-07-21,924761.7022540038,952499.4579313595,961355.3386665281
2022-07-22,933852.1998110358,961868.1974833107,960546.148134292
2022-07-25,929391.3989420404,957270.8603988945,953441.7608278223
2022-07-26,939926.0336827112,968127.9392926606,965060.0283480271
2022-07-27,945984.176859005,974371.5101457459,971127.8700587173
2022-07-28,953024.8881441943,981627.7235573422,977508.4741514518
2022-07-29,953156.9319799333,981763.8089914697,972421.945158932
2022-08-01,957638.5309646812,986382.5807804698,975814.2022683315
2022-08-02,924431.4642219784,952159.11197199,938613.045874424
2022-08-03,920918.0753513316,948538.1852771305,931878.383722627
2022-08-04,932123.37992974,960086.4618743991,943814.8528846692
2022-08-05,938660.3458662806,966823.511297183,953017.3936824038
2022-08-08,951579.860070866,980138.4660574829,965313.4391851533
2022-08-09,960927.9534919894,989772.685969028,968197.5105021726
2022-08-10,963853.1591040721,992787.4262891891,970366.5131626611
2022-08-11,971320.8238053485,1000483.6613091786,983207.9730091732
2022-08-12,972438.1650873614,1001635.2021787678,983262.7854626251
2022-08-15,973909.9936167008,1003152.0804431314,987986.2826884013
2022-08-16,982039.0494182827,1011529.9504255486,996699.2925125593
2022-08-17,987887.9340283738,1017557.8577251856,1000700.7602997915
2022-08-18,981133.6658024216,1010596.8548234227,999135.3207014569
2022-08-19,984369.3341008921,1013931.5604734374,991065.3564784144
2022-08-22,990507.9060321846,1020258.0218452585,1000459.2089305369
2022-08-23,989388.8410723783,1019104.7045395373,1005054.2060164107
2022-08-24,971642.7919620491,1000815.4842688385,978359.2236175187
2022-08-25,972790.6472393563,1001998.473106243,978927.1841113056
2022-08-26,965877.946404699,994874.1882896913,975279.2657156545
2022-08-29,974312.3757305708,1003566.7786707653,982512.8481393649
2022-08-30,978534.1615836831,1007917.7849664906,979110.5724649956
2022-08-31,959950.130070188,988764.9333230172,955318.518033704
2022-09-01,951227.9671818749,979775.8024291771,952267.8655416413
2022-09-02,961558.6169701589,990422.6527981077,963088.4515488069
2022-09-05,961602.3659161999,990467.7408121094,968227.2477651765
2022-09-06,963036.8157225143,991946.0962653051,982568.3187095944
2022-09-07,960496.6912679106,989328.2236686274,984577.3731084282
2022-09-08,958173.0844255756,986933.4958563827,977876.0034450308
2022-09-09,962100.1735834439,990980.7853789342,978927.3463763891
2022-09-13,970387.8509554265,999522.1320215769,981149.1880665952
2022-09-14,970452.3538074744,999588.6091772444,972562.9894425112
2022-09-15,957378.2598645501,986114.343301198,952954.5583918422
2022-09-16,931205.6366535579,959140.6283074056,927529.6248499698
2022-09-19,911789.625100037,939130.3313746597,918193.7191238549
2022-09-20,920165.162222256,947762.2269792153,931289.21756028
2022-09-21,924212.5486904635,951933.4958727865,935694.1207500751
2022-09-22,919341.4740451438,946913.3273502386,930799.0130284952
2022-09-23,905413.528407942,932559.0750829641,914657.4249873792
2022-09-26,886728.0716191597,913301.6937388673,896570.5523751898
2022-09-27,900014.3708564311,926994.660089977,916435.7345607646
2022-09-28,894242.26104116,921045.8775084668,893804.7679194064
2022-09-29,887271.2825189925,913861.5312406525,887901.2374778406
2022-09-30,875579.2197676627,901811.5977738592,879692.7210199751
2022-10-10,868491.5466591173,894506.9851311813,866889.2454225863
2022-10-11,869291.5731739538,895331.4988616051,872862.8253689386
2022-10-12,886862.1196058106,913439.8446669668,894411.8907117518
2022-10-13,896761.5058709609,923642.2313966806,900777.900400653
2022-10-14,907748.338515122,934965.3490696396,918636.2335724063
2022-10-17,920053.6039043522,947647.2540837561,929976.2552331471
2022-10-18,920978.0588155998,948600.004715574,933019.3995316954
2022-10-19,918473.2590476312,946018.5380237172,925554.9963021468
2022-10-20,918315.4104788696,945855.8580251695,921477.7503796828
2022-10-21,913398.0397841008,940787.976423458,921812.9425576103
2022-10-24,897229.906158083,924124.9684821451,907574.6495807673
2022-10-25,886965.7375879487,913546.6341888234,905956.6767204029
2022-10-26,902457.0351569059,929512.0894716384,920433.3873827427
2022-10-27,903102.2963530665,930177.1008257344,919904.2790709109
2022-10-28,877619.8695190162,903914.7077430596,886915.3099506816
2022-10-31,888798.5924585154,915435.5890904812,891934.9641885918
2022-11-01,904912.7845510594,932043.0044555923,915124.6700743367
2022-11-02,916131.761245577,943605.3716451682,926731.0507640613
2022-11-03,922218.7861132558,949878.7082005931,929099.9393440785
2022-11-04,927471.0638555224,955291.7476863958,946607.2900624236
2022-11-07,938742.6426323786,966908.3270031108,954898.1352806056
2022-11-08,944668.0097505297,973015.0577877982,955124.1022517812
2022-11-09,946391.738120535,974791.546044417,957004.5822755907
2022-11-10,946558.9854130708,974963.9124429232,954871.5417148402
2022-11-11,952068.6884897586,980642.2565390771,962282.4827142657
2022-11-14,958327.1458760074,987092.2728204627,960506.8141957843
2022-11-15,968645.3028647525,997726.2480101839,976892.3240937049
2022-11-16,972211.4028356031,1001401.4991868669,975407.1596518554
2022-11-17,980914.9461013592,1010371.4405486503,979064.1708869998
2022-11-18,968639.789247303,997720.5656319038,972398.6490831724
2022-11-21,969988.9682407972,999111.0403028126,973867.3775926962
2022-11-22,966405.5617197433,995417.95285695,965457.4656694944
2022-11-23,956089.455334816,984786.0910359387,962133.9449772385
2022-11-24,957582.9530575331,986325.3017444602,965539.5627766168
2022-11-25,956000.658347296,984694.5761497783,962005.337292654
2022-11-28,955237.6988345145,983908.2639683946,959802.9356095801
2022-11-29,969197.8110760392,998295.6673955783,979018.4379166809
2022-11-30,973326.250623415,1002550.4702413717,980222.7140327265
2022-12-01,975338.2368038049,1004624.0393048848,986396.9273865438
2022-12-02,978121.2592520713,1007492.2445182366,990498.5979709806
2022-12-05,990571.3779722454,1020323.4365347783,1002087.9816393433
2022-12-06,990108.3030660189,1019846.187829495,998353.3205927298
2022-12-07,998543.9537377895,1028540.036939429,999275.8904231885
2022-12-08,1004764.0047908193,1034950.4713463554,996905.9653199272
2022-12-09,1003068.4655867028,1033203.0350697561,995231.3707721571
2022-12-12,995795.9334953802,1025707.9052796268,989191.0379436454
2022-12-13,1003203.1015830175,1033341.7920053228,989920.4903595948
2022-12-14,1004381.709942907,1034556.4752158159,987862.1019324083
2022-12-15,1000641.4923628123,1030701.7770372296,988691.1175472402
2022-12-16,999683.034425309,1029713.9826143577,981464.425754035
2022-12-19,977741.8175909496,1007101.1889048435,960069.774271991
2022-12-20,975398.598030255,1004686.2480680569,955284.9910422511
2022-12-21,968462.5895492407,997537.9422045917,950433.4967881202
2022-12-22,959802.7240815276,988613.0155311148,938238.5274004858
2022-12-23,946979.0640299902,975396.848828261,934999.007379064
2022-12-26,947244.1424270953,975670.0407462771,947714.5654354176
2022-12-27,951211.5977933337,979758.932006308,953595.5703402145
2022-12-28,934303.483725252,962333.2942978416,944428.8360018618
2022-12-29,922994.8373961165,950678.5128650202,939446.3957023338
2022-12-30,924169.0524185388,951888.6682667513,947001.090410108
2023-01-03,940622.0865617187,968845.2969616872,964514.0263656052
2023-01-04,950375.6970712548,978897.4460307262,969442.4540835648
2023-01-05,951748.8584476293,980312.6371374105,974383.438836598
2023-01-06,945345.3468533981,973713.1268281153,971550.7819262887
2023-01-09,946660.2175246337,975068.2430674653,977104.5781227634
2023-01-10,940430.9081697126,968648.2669804975,974667.0320610234
2023-01-11,929114.6145439008,956985.6041825052,968031.0469358729
2023-01-12,924051.1758383521,951767.1837196052,967131.0617035325
2023-01-13,929222.2844290917,957096.5696280831,972542.9871400553
2023-01-16,934372.3094579227,962404.2266488834,981187.4622370966
2023-01-17,929873.0024464207,957767.2048257568,979367.4765184828
2023-01-18,935348.6110892079,963410.410925406,983122.5550724079
2023-01-19,940159.063010905,968368.1011837024,987079.0968831509
2023-01-20,946690.6653327759,975099.6228222719,996517.5961252188
2023-01-30,953521.1887066223,982139.2148898797,1009267.1815152823
2023-01-31,952592.2194341269,981181.8117212218,1013626.7280128994
2023-02-01,962428.2819509638,991318.9364890155,1027993.3679236642
2023-02-02,960949.9498494458,989795.3555911029,1029425.1648223014
2023-02-03,959165.15462814,987955.9313486927,1026657.9746833367
2023-02-06,955382.5377683486,984057.5361330425,1023892.2203542606
2023-02-07,960113.0448703162,988932.8346201656,1029979.658959431
2023-02-08,957561.9928597795,986303.6999968673,1025010.4823531676
2023-02-09,958909.8073341169,987692.7683834101,1035597.8978451133
2023-02-10,966605.2242956224,995623.7267059548,1035075.5683529212
2023-02-13,973246.6807147538,1002468.464856546,1045310.6124683857
2023-02-14,974615.6684684089,1003879.3545942463,1047198.0035039654
2023-02-15,977795.4489341546,1007156.4617964708,1046953.9464181305
2023-02-16,963076.6218900337,991987.1208201986,1026192.0206105082
2023-02-17,968522.4151319043,997599.5989289902,1023514.4985320561
2023-02-20,967435.8066166015,996479.7314947892,1037682.2679376452
2023-02-21,972296.1188959467,1001488.8082368112,1043458.2432390649
2023-02-22,973471.9653645593,1002700.6450200452,1044320.4571408613
2023-02-23,978311.5667706773,1007688.3769703279,1042507.7012921271
2023-02-24,979756.1873725354,1009177.214526829,1040068.110737894
2023-02-27,971338.6495542352,1000502.0326686754,1032875.5007099067
2023-02-28,984304.5319603353,1013864.7748686346,1042543.7522985428
2023-03-01,990020.3307095164,1019755.5228146616,1050267.9185157595
2023-03-02,992194.2763432206,1021996.0085872496,1047714.7243912357
2023-03-03,995016.1475414708,1024904.25163332,1048912.0589934655
2023-03-06,990359.8103943036,1020105.3932953473,1048759.2980846004
2023-03-07,981195.0937462214,1010660.1629540336,1029748.6047016007
2023-03-08,993656.5596076254,1023503.0494251612,1035840.1888975293
2023-03-09,998036.8599656841,1028017.4220385974,1033011.8344622017
2023-03-10,986436.7540319223,1016062.2600041068,1016716.3247149428
2023-03-13,981240.2310170374,1010706.6817866616,1019909.3557594747
2023-03-14,969006.8577152677,998098.8693333803,1006867.3645540434
2023-03-15,979543.2948500986,1008957.8057889957,1017991.7202274764
2023-03-16,967351.5805954009,996392.9274831086,1002225.8793770216
2023-03-17,969420.2578096158,998524.9227798942,1008214.5886681313
2023-03-20,968579.782794585,997658.7225013789,1004154.0950586032
2023-03-21,978434.1857776336,1007814.7491004657,1017875.3979236712
2023-03-22,987316.8618087776,1016969.30612422,1022657.9501170567
2023-03-23,984290.1757357456,1013849.9792286505,1022695.398503916
2023-03-24,990658.0358634422,1020412.746851144,1022183.5669404025
2023-03-27,992634.2170021313,1022449.4149520594,1019248.0164413389
2023-03-28,985098.0016293306,1014682.531061247,1013585.3950096272
2023-03-29,977871.5570297904,1007234.8994090806,1007779.579966994
2023-03-30,970765.9182884488,999911.7712414276,1005365.882872612
2023-03-31,978595.3428283719,1007980.8388470233,1015006.9373094601
2023-04-03,973854.5244920008,1003094.9135191825,1022858.9190844812
2023-04-04,956957.2169845303,985680.4131385888,1014765.8071354657
2023-04-06,951321.7648412068,979872.4710477354,1010996.8752927674
2023-04-07,959430.1124771023,988228.999028827,1018897.5408782912
2023-04-10,950142.4819391615,978657.092648697,1007760.3814065434
2023-04-11,947658.0234450126,976096.5898364705,1009785.9797016806
2023-04-12,953338.0031535552,981950.4223924825,1015715.1834821163
2023-04-13,955456.0526310892,984133.3011390716,1012652.8241942094
2023-04-14,959182.29677218,987973.5981795631,1014663.2316971369
2023-04-17,964114.8701945846,993057.1478340745,1018590.3673087693
2023-04-18,959005.2656881061,987791.1485271783,1014673.5201849948
2023-04-19,951783.1366175411,980347.9644937189,1009128.1727635446
2023-04-20,942252.8474835292,970525.9722219894,1003271.8747593618
2023-04-21,926524.7892444432,954316.5094972638,979820.6818943929
2023-04-24,926384.3812454728,954171.8038895552,975506.0079895778
2023-04-25,909533.4685234749,936805.1183462604,958212.9949478412
2023-04-26,921314.3497795165,948946.5888750043,966985.041291535
2023-04-27,923486.5747329001,951185.3013006798,969155.896037376
2023-04-28,938629.3408334884,966791.5572621902,986079.5960581029
2023-05-04,949603.1574361024,978101.2604985373,994850.8573644988
2023-05-05,935188.8708097339,963245.7813146554,988449.8670609313
2023-05-08,936935.8311226679,965046.2125976288,993811.6110790728
2023-05-09,924598.3415448583,952331.0970768068,981244.8405488988
2023-05-10,924822.7130535851,952562.3361498006,983456.3653268034
2023-05-11,928777.5036518596,956638.174998586,988526.0787133138
2023-05-12,922029.209488128,949683.3290131706,979154.3230751301
2023-05-15,930122.549081264,958024.3895852546,985643.7667224344
2023-05-16,924610.1858267211,952343.3038885085,976296.5929435213
2023-05-17,932169.1138310173,960133.5955991552,982435.1151190774
2023-05-18,935240.7230434082,963299.2206417589,984357.6418645497
2023-05-19,939313.7115330055,967496.8751835187,983169.5766201959
2023-05-22,948171.5461300438,976625.8304264271,987226.4636045326
2023-05-23,941134.6239090285,969373.5220546997,978684.3130802145
2023-05-24,936933.2416706261,965043.5438876264,974297.7370826028
2023-05-25,939091.7843439048,967268.1552458989,972124.7323276767
2023-05-26,940594.2475027081,968816.6058046184,975955.5322057401
2023-05-29,931865.9619022242,959821.1647946025,971149.9155282411
2023-05-30,928906.4555908451,956771.0738991682,974213.7092960397
2023-05-31,926981.5593300761,954787.2604039739,971026.1145911709
2023-06-01,927200.5606321678,955012.964899021,972764.5041241426
2023-06-02,932260.8991328955,960228.190266015,982727.7030768339
2023-06-05,940402.2805767977,968618.7631540747,986990.5473595991
2023-06-06,938030.6011662725,966174.4913682315,970415.6270653517
2023-06-07,942801.0404747427,971090.9443070337,974143.215037791
2023-06-08,939798.0614855542,967996.0501218494,972262.286510469
2023-06-09,947785.3923293236,976227.8572282332,975732.4071864659
2023-06-12,947667.6446422256,976106.505519337,983049.2207146899
2023-06-13,950802.3723992201,979337.1810392743,985421.6118264047
2023-06-14,956474.1315308631,985182.5414029276,987182.637176197
2023-06-15,958147.3830113795,986907.0077731706,991147.1812265413
2023-06-16,966080.7967436522,995083.2474728385,997384.8073470213
2023-06-19,965054.0899172195,994025.1151987009,993173.8908473883
2023-06-20,963949.199042014,992886.4058180336,987352.408675991
2023-06-21,965010.1187942174,993979.7982073451,975883.8761216202
2023-06-26,965568.6033630803,994555.3768747,961661.3135100809
2023-06-27,974740.8384437347,1004008.3557728066,981452.6739788976
2023-06-28,970016.1000697768,999139.002582949,981486.524760847
2023-06-29,973525.4911720986,1002755.8091457709,987351.7564251596
2023-06-30,983232.7423471706,1012760.179913604,998781.5344509628
2023-07-03,991025.1430551104,1020791.0904615809,1005938.5343506117
2023-07-04,986730.7893297836,1016365.2951358441,1009908.1035237081
2023-07-05,980426.9239067341,1009868.4809682389,1004866.0265909539
2023-07-06,978838.801432275,1008231.7492330988,1003666.6575895359
2023-07-07,978699.0992687024,1008087.7710650016,1001252.7041375173
2023-07-10,977943.0325677491,1007308.562670665,1003242.2876311505
2023-07-11,979897.642757025,1009322.9995784389,1010121.9925214897
2023-07-12,971275.5261334348,1000436.9771658947,1000381.8049200814
2023-07-13,981115.7127647657,1010578.3522790993,1008364.4147436863
2023-07-14,980309.7176259466,1009747.6872370201,1007065.1923170193
2023-07-17,977636.5611268796,1006992.7107503928,1005069.8873363849
2023-07-18,976886.0757100224,1006219.2544721239,1007002.0007503757
2023-07-19,979981.6223298836,1009409.549598486,1007425.9509982024
2023-07-20,976786.9478436622,1006117.0924995316,999013.6611083741
2023-07-21,979118.2914927452,1008519.7939267446,999014.9900511788
2023-07-24,980522.9515832104,1009967.4478603195,998557.3347948809
2023-07-25,989592.9392941972,1019315.0498007548,1015385.7634859991
2023-07-26,988419.30856831,1018105.4965797103,1013420.3414805374
2023-07-27,985035.4703135806,1014618.0857866713,1008082.1137248212
2023-07-28,988866.6194161347,1018566.4987202137,1017847.4396808106
2023-07-31,993182.5030582673,1023014.4829505582,1028573.0917540097
2023-08-01,989952.8744197601,1020478.5783045092,1027099.1299474419
2023-08-02,988611.1756205369,1020478.5783045092,1025587.0289299482
2023-08-03,983568.694074948,1020478.5783045092,1025433.8877603759
2023-08-04,983983.264582145,1020478.5783045092,1024766.1033799518
2023-08-07,981478.8799620846,1020478.5783045092,1018078.0655819623
2023-08-08,983144.3452636978,1020478.5783045092,1016163.7929167969
2023-08-09,976702.8079455342,1020478.5783045092,1007460.8016626001
2023-08-10,982089.2527945412,1020478.5783045092,1011128.0300839476
2023-08-11,972715.2002750139,1020478.5783045092,994640.0902256176
2023-08-14,975838.9955969569,1020478.5783045092,998132.74103846
2023-08-15,977392.6444668737,1020478.5783045092,993815.2787209975
2023-08-16,965659.1820993976,1020478.5783045092,986635.6204288916
2023-08-17,980570.5067241671,1020478.5783045092,997805.0566272994
2023-08-18,974725.0750419272,1020478.5783045092,983306.9918011146
2023-08-21,974058.1552129954,1020478.5783045092,976394.5142053572
2023-08-22,975630.7792230058,1020478.5783045092,977893.1145829515
2023-08-23,967843.9883260373,1020478.5783045092,962507.6962757836
2023-08-24,967237.287611704,1020478.5783045092,961531.3636448117
2023-08-25,950490.0106383539,1020478.5783045092,947068.5208830326
2023-08-28,954007.4724615603,1020478.5783045092,958303.9958419201
2023-08-29,974667.347284916,1045374.7056445879,983100.3039415132
2023-08-30,986108.96248808,1057757.9880269626,984814.3835876713
2023-08-31,982856.8695118487,1054238.2414751584,978305.9619741
2023-09-01,989020.247729109,1060908.8777042644,982533.1437340061
2023-09-04,1001421.0396379796,1074330.278900325,998869.6230326215
2023-09-05,995785.167628657,1068230.5636657956,992819.7682203356
2023-09-06,997693.0417970384,1070295.4595880574,994879.9455715686
2023-09-07,987842.1911709859,1059633.864800701,979995.8650808224
2023-09-08,989473.9749655664,1061399.9475745452,980156.1054091812
2023-09-11,996247.8800579048,1068731.3582277056,989309.9632087252
2023-09-12,996562.1166653457,1069071.4571189657,989289.3463880946
2023-09-13,989998.086618013,1061967.1946351125,980683.3991701507
2023-09-14,987152.8992815606,1058887.842848461,975645.1510037521
2023-09-15,989789.895139438,1061741.8685930264,978390.1221327215
2023-09-18,999715.112036028,1072483.9501395912,985588.7585456164
2023-09-19,1001585.1504811568,1074507.8963850061,978602.5519827892
2023-09-20,1002157.157421503,1075126.9806087993,972598.4603941095
2023-09-21,996515.645224533,1069021.1609882112,965472.7524878146
2023-09-22,1003344.3314160825,1076411.8613315686,979230.4446864073
2023-09-25,990314.9823995479,1062310.1715556658,973705.819960532
2023-09-26,984548.3647361636,1056068.950045513,968877.7399025097
2023-09-27,985707.5404355701,1057323.528158974,972153.7113583523
2023-09-28,992485.2514821504,1064659.0580038107,980689.6509112245
2023-10-09,978083.0824200658,1049071.5624231887,974367.1227157335
2023-10-10,981356.720786876,1052614.6275931112,971064.2119319158
2023-10-11,982973.1604833483,1054364.1034197377,969890.5323168484
2023-10-12,986026.3007767859,1057668.523096095,977038.6583091065
2023-10-13,981100.3720227253,1052337.1808272058,969741.3502909017
2023-10-16,984823.138384609,1056366.3380995174,966945.1263533613
2023-10-17,984138.196847098,1055625.0245416134,965321.1874734138
2023-10-18,972114.1420353218,1042611.3666382957,949815.940627254
2023-10-19,958984.0552699692,1028400.6482009649,939691.3270443134
2023-10-20,962217.9350473494,1031900.6825722376,934250.4321903093
2023-10-23,948706.9350412904,1017277.7009938122,913689.5201633482
2023-10-24,967263.1284505527,1037361.1052028018,933970.2424142738
2023-10-25,976403.1405453918,1047253.3580656156,947626.3840019244
2023-10-26,974143.2202946036,1044807.441983818,950021.8633320063
2023-10-27,980561.4446065094,1051753.898636702,963867.5329897443
2023-10-30,984893.2261131345,1056442.1941843843,971841.1802228064
2023-10-31,989601.0509731055,1061537.482184602,969307.7360366072
2023-11-01,988579.4535199691,1060431.8052745964,972041.9217757453
2023-11-02,990380.72963444,1062381.3299158337,964654.4739735052
2023-11-03,994295.5179428402,1066618.312914242,973080.7766296964
2023-11-06,998416.4878923813,1071078.4467037737,988304.9603319434
2023-11-07,1002643.1470656694,1075652.9681456774,992063.3734315715
2023-11-08,1002721.5980204374,1075737.8757665686,992799.5840886639
2023-11-09,1003115.4923384226,1076164.1883528442,987840.1466863479
2023-11-10,1009760.3741033057,1083355.9568078162,986816.1657316206
2023-11-13,1013990.2610899387,1087933.9717183788,995569.5919919705
2023-11-14,1013603.4043980149,1087515.2759684746,999092.4836770956
2023-11-15,1013638.7087891821,1087553.485979684,1005225.9669504531
2023-11-16,1007095.7905414556,1080472.072837596,999428.3727928075
2023-11-17,1004118.2848053499,1077249.5125897087,1006047.7466400691
2023-11-20,1007034.1395919535,1080405.3478950711,1014881.2132332863
2023-11-21,1011276.0317933914,1084996.356072961,1013324.7308073483
2023-11-22,1011294.4865764221,1085016.3297205204,1006151.952277617
2023-11-23,1015900.9799393173,1090001.9464444157,1015092.8503187244
2023-11-24,1015542.5358610236,1089614.0017214913,1006635.6199668131
2023-11-27,1014765.2287521833,1088772.720726135,1004445.4614017728
2023-11-28,1018293.3216760574,1092591.1825579498,1010882.0001335918
2023-11-29,1010137.7979104095,1083764.4433281375,1005297.9198972365
2023-11-30,1012842.7537366446,1086692.0222786036,1002071.1744180128
2023-12-01,1015948.7761536129,1090053.6763800865,1007302.1631000292
2023-12-04,1015972.4017818591,1090079.2464434772,1008830.1591840143
2023-12-05,1004282.3552827486,1077427.0863864296,993452.6800124298
2023-12-06,1008010.6619654297,1081462.2399587124,998488.8620150395
2023-12-07,1006841.0691429132,1080196.387372653,995535.0014996168
2023-12-08,995661.2359443454,1068096.4321628825,983915.8211610209
2023-12-11,998506.3804933128,1071175.7376405564,993950.9214420696
2023-12-12,1011672.1326851824,1085425.056838357,1000643.4305024286
2023-12-13,1008624.9191084774,1082127.0516590439,995042.4305614968
2023-12-14,1012033.739987373,1085816.4251246557,994518.8626909234
2023-12-15,1016410.0267022407,1090552.8887457587,991537.3539904677
2023-12-18,1005943.4710652231,1079224.915227808,979304.1175900399
2023-12-19,1004512.6121705765,1077676.2938638548,977815.2701990001
2023-12-20,995440.6894617152,1067857.7342758835,966957.4802480148
2023-12-21,1005035.1184691453,1078241.8034467995,974420.890095029
2023-12-22,997191.6952447982,1069752.8512397094,963125.2768093157
2023-12-25,990535.0893416962,1062548.3937271459,959507.7386876475
2023-12-26,990091.2574707719,1062068.0336302223,949470.636026385
2023-12-27,996187.5883954224,1068666.104444165,955967.1056819146
2023-12-28,1008781.419121186,1082296.4319271091,971835.2122672868
2023-12-29,1018750.5313528564,1093086.0214801845,983676.0467826235
2024-01-02,1028783.4023845945,1103944.6173065503,988581.8313031284
2024-01-03,1032317.3565759802,1107769.42279959,987966.84301221
2024-01-04,1036991.0563642192,1112827.7771683163,985647.8607253607
2024-01-05,1030010.1322778501,1105272.309455373,970781.2207519317
2024-01-08,1012282.0397960474,1086085.160490398,954007.2187296227
2024-01-09,1017158.6539555028,1091363.1294776557,959858.2018426692
2024-01-10,1012451.5086539637,1086268.5769648503,953271.4351279829
2024-01-11,1018049.5782720478,1092327.3785978365,965978.7250757013
2024-01-12,1012264.0498213419,1086065.6899057934,960867.2738601076
2024-01-15,1011854.4283855321,1085622.355829316,961361.7809311553
2024-01-16,1006068.4028598748,1079360.129152086,957591.8997900938
2024-01-17,988516.0955313189,1060363.2328002823,935909.864685304
2024-01-18,979470.334897711,1050572.988477228,928662.0880555745
2024-01-19,977524.9479519466,1048467.4924030615,919728.7387879187
2024-01-22,939136.5599301648,1006919.665401639,869351.7847470746
2024-01-23,934558.1179282652,1001964.4087202945,872467.6938534848
2024-01-24,942395.8834391293,1010447.2375730798,889219.8989206132
2024-01-25,955867.8266751565,1025027.947933355,920332.5046536932
2024-01-26,961326.2839606279,1030935.646867281,921947.2885123872
2024-01-29,940400.3699209912,1008287.4894121633,897356.1513314007
2024-01-30,914492.7891318206,980247.664347274,870513.9369400364
2024-01-31,880522.3347325167,943481.3754960418,833460.0992739431
2024-02-01,863142.5504455273,924671.2011675922,819523.0219985929
2024-02-02,830220.6839558351,889039.8010498909,788885.3920360184
2024-02-05,785009.2659938624,840107.395476954,735474.7521490264
2024-02-06,765047.9915364153,818503.269317362,748633.1827367992
2024-02-07,746257.129912795,798165.8832436656,744036.310761704
2024-02-08,765833.1018582418,819352.995745307,782475.5530431325
2024-02-19,787625.5017797132,842938.9525551988,805488.0543116629
2024-02-20,802679.9758286964,859232.4390915356,814906.4115066039
2024-02-21,820244.25360544,878242.2910826897,828205.5023677424
2024-02-22,831508.8176746559,890433.9506785206,844217.8623179608
2024-02-23,851066.0555382267,911600.7872469187,862721.8583908807
2024-02-26,863392.4119743187,924941.6267860538,872093.733040777
2024-02-27,875558.1867716194,938108.6685052763,893079.5938460955
2024-02-28,833911.0186456327,893033.8574604405,848480.5494310497
2024-02-29,851183.901951414,911728.3326490618,875467.9300961767
2024-03-01,847074.5079977141,907280.7275823378,882246.1045944501
2024-03-04,849138.1054774963,909514.1631473303,882945.840342625
2024-03-05,848719.4134662028,909061.0119693688,872318.9128948663
2024-03-06,856887.0274625834,917900.8364794132,880272.6332478264
2024-03-07,853840.2393932206,914603.2918275236,875995.2223544355
2024-03-08,857935.7968073752,919035.921580592,883441.4506627828
2024-03-11,861858.8841605453,923281.8866512928,898643.3162619929
2024-03-12,863335.1129867879,924879.6119804321,907953.1115701757
2024-03-13,857048.8639901651,918075.9924679023,908339.8211377496
2024-03-14,859065.4709722389,920258.5701258527,905428.7343921544
2024-03-15,867143.6833146035,929001.6350519154,917538.2507436157
2024-03-18,867856.9250140069,929773.5779300637,932586.7597618887
2024-03-19,865056.3753661884,926742.5376006176,929802.1384641964
2024-03-20,865193.1209603737,926890.537623103,939247.0095099735
2024-03-21,865746.9845442373,927489.9852568953,942123.3413668709
2024-03-22,860837.9817650217,922176.9620034929,929716.9049451918
2024-03-25,856333.5700649251,917301.8284617409,911894.279137002
2024-03-26,855178.6092257802,916051.8120997355,913145.4634777751
2024-03-27,845707.4900503445,905801.2013997608,888382.1202044585
2024-03-28,848694.6397205803,909034.1992963095,904521.1556886899
2024-03-29,855917.1271214555,916851.1114542586,915069.1557267497
2024-04-01,869763.6353610477,931837.2142462254,934033.6755130951
2024-04-02,880140.023933584,943067.5997749609,934873.7657703713
2024-04-03,889599.0906651659,953305.1660915168,931376.3449109468
2024-04-08,883358.4262112394,946550.8828181851,914454.1105861372
2024-04-09,893048.885426062,957038.885669291,924696.6515999461
2024-04-10,883277.6189326709,946463.4249434628,908038.868768117
2024-04-11,888215.7086194007,951807.9290134266,911170.9587973331
2024-04-12,889835.82651967,953561.3857671748,905137.7591788184
2024-04-15,865713.8784718147,927454.1544903379,880027.2571024105
2024-04-16,832409.6001398879,891408.8692921937,830519.6789371873
2024-04-17,844616.08327386,904619.9697233528,870080.4849450995
2024-04-18,840644.1992398041,900321.1919100456,869874.609450008
2024-04-19,838974.2188987965,898513.7689397299,865504.8494926214
2024-04-22,830754.8420203963,889617.9213618243,857820.6904204603
2024-04-23,832873.3524508404,891910.789320095,858652.1738182793
2024-04-24,839630.1453774087,899223.6794429675,870996.9247872563
2024-04-25,846318.2516844997,906462.2299040207,874944.8196370509
2024-04-26,852232.0991155193,912862.7984779704,885996.6859264778
2024-04-29,864712.8308760122,926370.7187308843,908234.811750345
2024-04-30,860951.267781859,922299.5716797987,903594.427150352
2024-05-06,878460.0231524812,941249.3316628454,922106.5461328404
2024-05-07,878759.9902241884,941573.9866078341,926019.8832232782
2024-05-08,873017.5634240919,935358.9469160562,914460.0090703389
2024-05-09,880638.1094114028,943606.6786561214,926138.6533575273
2024-05-10,868283.4019592172,930235.1547571406,920869.9514707275
2024-05-13,852628.1622959098,913291.4584282442,909551.9127382039
2024-05-14,869583.7715129978,931642.5472537398,916769.8166608756
2024-05-15,877479.015944607,940187.5856542139,911286.9813400483
2024-05-16,886820.1982859315,950297.5654659707,914480.9514793368
2024-05-17,897014.4003983198,961330.7702346302,925023.7533188865
2024-05-20,900064.4467775354,964631.8413616094,928118.555746317
2024-05-21,895840.4457025101,960060.1967846237,919232.5937474201
2024-05-22,899278.0649742576,963780.7388068173,920412.1693147743
2024-05-23,881823.3468319549,944889.4634210552,900047.6533407347
2024-05-24,877581.4236219496,940298.4216825317,893502.8048988428
2024-05-27,874614.21098347,937087.0016742203,898327.7929366417
2024-05-28,867438.7590184518,929320.9960599589,888280.2312696876
2024-05-29,869241.6092110019,931272.2243289617,889755.1132315999
2024-05-30,855794.1078785105,916717.9674884105,882273.783941193
2024-05-31,852742.9680900549,913415.7129624852,884963.2315603617
2024-06-03,835008.7593632535,894221.9443736558,867903.3193306733
2024-06-04,820952.3185213492,879008.6311179962,865227.0742569831
2024-06-05,817827.386683867,875626.511313922,848102.7628083165
2024-06-06,788298.9688257652,843667.8472486838,821005.002873698
2024-06-07,794692.4678208183,850587.5436430598,836051.1676937636
2024-06-11,795734.1893821615,851715.0009145081,835790.6137870203
2024-06-12,812589.2307464463,869957.2449573627,845956.7817912498
2024-06-13,816996.3834517063,874727.1148998853,838053.7244736742
2024-06-14,822527.3651630705,880713.3071609776,840416.0402942304
2024-06-17,818017.5339785799,875832.3081007273,834590.3957110649
2024-06-18,828703.369043023,887397.6081693657,843562.5584306698
2024-06-19,839436.4824823616,899014.077715085,838046.7053775948
2024-06-20,821189.6504715512,879265.4959491872,819574.4879049228
2024-06-21,815874.1026921768,873512.4682515938,819502.6325535623
2024-06-24,791851.5817530723,847512.8471278925,792849.0846514663
2024-06-25,783175.5347039595,838122.7445362386,795056.2119126349
2024-06-26,786520.3611127265,841742.8566623947,813361.623833213
2024-06-27,781165.9916459812,835947.812177073,799007.6334688887
2024-06-28,783527.9070559681,838504.1178179989,802541.1586652213
2024-07-01,794272.8661030357,850133.4078879963,812504.9716425878
2024-07-02,807996.9176888125,864986.9756054253,813563.4129888469
2024-07-03,817765.579093267,875559.6168384318,809043.6142956691
2024-07-04,803901.6129406327,860554.6193132326,789454.8979105599
2024-07-05,814119.8184987507,871613.8030578789,796873.6768385677
2024-07-08,794394.8892517493,850265.4737791211,776794.6680914641
2024-07-09,788966.8311029522,844390.675889928,787532.0832314912
2024-07-10,778475.7664124564,833036.1761757398,779944.2333650629
2024-07-11,800403.6562488043,856768.7739839598,802793.3749414613
2024-07-12,811508.6435502337,868787.7233337214,801852.6952308194
2024-07-15,806349.9515173467,863204.4609155548,792025.344514431
2024-07-16,813686.5155996152,871144.8384875957,791860.8900614867
2024-07-17,818024.4621444764,875839.8064681487,785583.8805404174
2024-07-18,822511.0263350384,880695.6236156279,786187.8548004857
2024-07-19,825246.6954572371,883656.4436260371,787996.6668570848
2024-07-22,837284.6638573701,896685.1602330885,789538.8874843593
2024-07-23,838022.7359655506,897483.9771109391,775564.3416320372
2024-07-24,834081.0261663055,893217.8569306408,764773.9122625748
2024-07-25,841803.2942898925,901575.682736594,768502.9551324901
2024-07-26,847434.5276331435,907670.3775338146,781119.0289754356
2024-07-29,844045.829794977,904002.7832743125,782173.272576426
2024-07-30,843175.7787560336,903061.1253430675,786811.1136781225
2024-07-31,861356.0294497078,922737.6460199628,811956.0009448703
2024-08-01,859635.3793065494,920875.383024253,812383.3268787101
2024-08-02,853722.6171744386,914475.9890714219,805187.934080511
2024-08-05,849108.7101301006,909482.3485056856,789525.7058349702
2024-08-06,850397.69570607,910877.420100964,802174.9405960832
2024-08-07,850468.3919309636,910953.9347626336,801811.3631254068
2024-08-08,854175.9929158648,914966.6785179474,802726.5104887368
2024-08-09,851936.3530944181,912542.7119842613,797137.5432051694
2024-08-12,849072.5610500075,909443.2242860097,791346.0340320132
2024-08-13,851567.0491560842,912143.0136136984,795361.3309367873
2024-08-14,847561.436484054,907807.731229927,790466.7050135712
2024-08-15,853540.0154283661,914278.3588465822,796258.3810443402
2024-08-16,850728.0156941512,911234.9260663647,789777.980734693
2024-08-19,854123.3785871147,914909.7339276336,789094.3218198773
2024-08-20,846240.7571137266,906378.3573793867,776089.115240386
2024-08-21,844642.6941278303,904648.7707023498,773806.8659224256
2024-08-22,838843.373537703,898372.1547509934,763801.7824280468
2024-08-23,841913.6307151326,901695.1000641781,761120.6782690567
2024-08-26,840382.627640118,900038.0924590853,768975.5075214657
2024-08-27,840101.6509886258,899733.990882822,759980.2127023196
2024-08-28,836932.8387923763,896304.3792811297,763065.2001132553
2024-08-29,826885.8107142897,885430.4612559722,772186.0098608778
2024-08-30,827427.2341744588,886016.4449197006,785618.4139784969
2024-09-02,824210.9850306829,882535.4922174597,775450.0272633971
2024-09-03,821385.127792243,879477.0614334737,782364.1004310678
2024-09-04,815720.4569650389,873346.1771823519,777176.4056337593
2024-09-05,815228.3073767633,872813.5227259867,784128.7949688002
2024-09-06,811413.51759712,868684.768329697,772988.3336255125
2024-09-09,802035.2267563387,858534.6259168208,771119.8922351752
2024-09-10,802809.8357913777,859372.9867816555,773051.5835541209
2024-09-11,796515.6875805375,852560.8179342182,768398.6981842384
2024-09-12,796063.3768284628,852071.2811277389,767647.4625058235
2024-09-13,795200.7069557082,851137.6118470122,760140.0826520151
2024-09-18,800300.49333684,856657.1205637433,757093.0941947362
2024-09-19,801047.4836040987,857465.5895825047,775030.5265523419
2024-09-20,803772.7217187757,860415.1200931907,773741.6673287216
2024-09-23,807421.1752282981,864363.8484208907,775996.4955623915
2024-09-24,832152.7242803999,891130.8520499805,802689.0801274452
2024-09-25,839265.7466120399,888990.5982966328,812588.3171611136
2024-09-26,866413.9006395146,888990.5982966328,841014.5747957359
2024-09-27,885310.439019616,888990.5982966328,875011.0288110614
2024-09-30,936483.3176081039,888990.5982966328,948505.1805529731
2024-10-08,959652.5051666399,888990.5982966328,991857.9650980158
2024-10-09,899742.3783236113,888990.5982966328,916680.8777902325
2024-10-10,913123.3630344073,888990.5982966328,920239.7235701777
2024-10-11,899066.8729241892,888990.5982966328,892673.721730763
2024-10-14,916130.2172777045,888990.5982966328,915233.4928863387
2024-10-15,901121.041325742,888990.5982966328,900671.8947157045
2024-10-16,911422.3038757279,888990.5982966328,906847.7012015891
2024-10-17,897732.7502293034,888990.5982966328,898591.4572626422
2024-10-18,909671.293413934,888990.5982966328,919891.7475367148
2024-10-21,907820.1858518362,888990.5982966328,929273.9201274968
2024-10-22,912704.9488817516,888990.5982966328,944307.2262605429
2024-10-23,917944.0621074958,888990.5982966328,950358.5576314157
2024-10-24,915649.4844140417,888990.5982966328,950773.9245156841
2024-10-25,924627.0973765728,888990.5982966328,970746.5150216062
2024-10-28,940795.5346108243,888990.5982966328,997876.5018985375
2024-10-29,927747.9960006069,888990.5982966328,981828.8351476004
2024-10-30,921243.2762749137,884982.4491873522,987084.7995830537
2024-10-31,917918.8656580654,881840.1438129274,1001491.929024317
2024-11-01,925607.5621627055,889107.6673331605,979929.0598594834
2024-11-04,937680.0789673115,900518.8733513638,996191.6504701645
2024-11-05,949508.1953096297,911699.0667256211,1020662.3171080531
2024-11-06,953052.6516625509,915049.3641259351,1028039.7831694239
2024-11-07,967442.6117799891,928651.068074789,1054013.3987200435
2024-11-08,966670.5933954073,927921.3394706472,1052461.3760844197
2024-11-11,969517.3487458864,930612.1546762516,1066923.4678181477
2024-11-12,964143.8378390488,925532.9950452127,1060079.598314569
2024-11-13,966375.5899344722,927642.4957694296,1059744.1194647867
2024-11-14,968394.2803551777,929550.6059547765,1033670.8001020631
2024-11-15,965657.5480680785,926963.7869467596,1015754.4429596235
2024-11-18,962509.9304129072,923988.5901331187,1001660.4466038183
2024-11-19,958154.0123788277,919871.2814650264,1020480.6734862839
2024-11-20,964966.9077635099,926310.978677576,1040621.7289510005
2024-11-21,968377.8523994304,929535.077892938,1045527.3682515576
2024-11-22,952862.8737150377,914869.9818735153,1013211.09003477
2024-11-25,950613.5591319673,912743.88070318,1025763.4065304461
2024-11-26,947680.5853051323,909971.5699144935,1020159.1020976142
2024-11-27,952721.5988645417,914736.4458055772,1032661.7514487726
2024-11-28,950266.2268643227,912415.5746732934,1036833.9151217896
2024-11-29,951973.6183316889,914029.4383028225,1050082.1421202517
2024-12-02,959185.7864634894,920846.5368185601,1072539.735129101
2024-12-03,965180.2470792495,926512.6316487902,1076159.7118067124
2024-12-04,965521.5853243251,926835.2719978985,1062754.1022963494
2024-12-05,964651.3752320461,926012.730451439,1074478.6503184927
2024-12-06,974692.2305287156,935503.565729925,1087763.9146623223
2024-12-09,977049.5128611403,937731.7203702324,1087244.081385789
2024-12-10,979859.759129693,940388.0263958413,1092794.4857715827
2024-12-11,979002.2554610389,939577.4952379433,1110438.547945625
2024-12-12,983621.4592384241,943943.6673292259,1125248.0084185016
2024-12-13,971520.6208984907,932505.6911785296,1106294.444011292
2024-12-16,974104.1547831729,934947.7037174457,1102808.915794748
2024-12-17,973800.1997678197,934660.398811882,1067276.7098953042
2024-12-18,978266.5771723283,938882.1160844937,1071229.2366015713
2024-12-19,980415.0361204756,940912.8863104342,1068454.8293638895
2024-12-20,974535.4665844366,935355.3890329404,1074744.0712931445
2024-12-23,978990.3826339877,939566.2727830324,1035722.2548595056
2024-12-24,988962.9520737758,948992.5627812244,1044928.9306220269
2024-12-25,982397.222028261,942786.4916345114,1026830.1631595452
2024-12-26,985512.6770841565,945731.2876582957,1036259.0759617522
2024-12-27,987419.6070497065,947533.7594254814,1046993.5524455485
2024-12-30,985195.8779010419,945431.8421654109,1037570.900499589
2024-12-31,973870.731049494,934727.0665166319,1016517.9218909987
2025-01-02,961361.3087984644,922902.8879476084,1000352.7487139496
2025-01-03,944098.7527431459,906585.9437067134,967188.6162554614
2025-01-06,939324.9436613729,902073.6353119223,963584.4204271045
2025-01-07,948533.9731659323,910778.2107210984,980036.0195358144
2025-01-08,949700.6291264604,911880.9593636082,979514.9809272
2025-01-09,951342.0144352841,913432.4325334021,980895.489290898
2025-01-10,935240.2609773596,898212.7042086017,956428.8469363565
2025-01-13,936529.018616958,899430.8660195158,956319.4156587551
2025-01-14,957910.8945334505,919641.4811785407,995093.6314700488
2025-01-15,959614.4711034445,921251.7388839243,993139.0780138851
2025-01-16,959680.6327163976,921314.2762825565,1000796.0361211901
2025-01-17,956815.651850509,918606.2339225415,1001695.7805068325
2025-01-20,957325.281146622,919087.9466411882,1010159.1594354158
2025-01-21,957795.042243087,919531.9750685544,1006659.3990100445
2025-01-22,944558.4713158533,907020.4797217352,996166.8480340871
2025-01-23,939697.3459527515,902425.6380746718,994343.2868394975
2025-01-24,938374.3286359265,901175.0932701139,1001957.1246366838
2025-01-27,939858.6145916115,902578.0727071594,996619.9783900834
2025-02-05,950473.2375746889,912611.2457087694,1001192.3563195557
2025-02-06,962254.5595489567,923747.2080264085,1018537.0291813216
2025-02-07,976578.5919113262,937286.5956241995,1031711.1164410267
2025-02-10,1001018.7827548052,960387.9967117294,1046828.8236635334
2025-02-11,993726.0821341935,953494.7771322685,1044917.6761853789
2025-02-12,1002159.8299640464,961466.5394043501,1053815.9442868982
2025-02-13,1009195.6005665015,968116.9031305619,1047177.3568226515
2025-02-14,997495.7286824866,957057.9292135292,1046100.9131501182
2025-02-17,1011887.662875104,970661.4991012696,1057147.9997958913
2025-02-18,998119.5457956895,957647.5747457449,1036412.7028162109
2025-02-19,1008144.152300588,967123.0513120876,1052694.0780607848
2025-02-20,1015840.4302396182,974397.7409693532,1059915.4819082418
2025-02-21,1012985.4770993997,971699.1770342068,1063539.7365348388
2025-02-24,1015102.3872708424,973700.1266687646,1068119.0060913349
2025-02-25,1012510.0151161697,971249.7600044132,1061942.4318039622
2025-02-26,1018795.3814334796,977190.8252443748,1076603.8085235811
2025-02-27,1024828.4435417221,982893.4070466638,1076633.5721844484
2025-02-28,1015950.1302560044,974501.4318158798,1051255.083661749
2025-03-03,1008670.0960141482,967620.1847736969,1054234.7325656815
2025-03-04,1012904.7393780255,971622.8619801919,1064090.108929763
2025-03-05,1009959.4224299095,968838.8842042371,1065611.8513087255
2025-03-06,1020072.6334423263,978398.1116823244,1079552.2656444798
2025-03-07,1016194.9323193604,974732.8240619086,1076320.659031037
2025-03-10,1024736.7015769224,982806.6905419127,1082414.7748484216
2025-03-11,1031797.1476123842,989480.378025232,1088914.686919723
2025-03-12,1039137.9261709019,996419.041919516,1094682.1083902651
2025-03-13,1041754.337991425,998892.1314000011,1086531.7729067106
2025-03-14,1051226.8384528747,1007845.7453002846,1102940.1837749416
2025-03-17,1062704.9830160066,1018695.1377208156,1109169.240438232
2025-03-18,1067804.14506691,1023514.9768334733,1113815.8936965147
2025-03-19,1081492.6817734062,1036453.6800859693,1110533.1220299343
2025-03-20,1091200.7292103532,1045629.9381215128,1111143.9570313317
2025-03-21,1082085.9208200537,1037014.422563193,1097315.038089061
2025-03-24,1053808.2613660228,1010285.7625028952,1082928.117033316
2025-03-25,1049527.621397633,1006239.608303266,1081206.3231020828
2025-03-26,1060490.3179882374,1016601.7880653777,1090556.5778424726
2025-03-27,1055249.6414836084,1011648.1864065871,1084609.2510840541
2025-03-28,1030437.4321838324,988195.1453655921,1070953.4223665006
2025-03-31,1024139.2424204007,982241.9591248542,1057662.3178490417
2025-04-01,1039861.6596127067,997103.1305433195,1068830.1174304574
2025-04-02,1043810.5230005418,1000835.6822875527,1070270.7589343449
2025-04-03,1047056.2192647022,1003903.5851401474,1066919.694846629
2025-04-07,967952.3445294006,929132.8785797484,972410.6776937449
2025-04-08,952385.2735903764,914418.5438258365,960069.3618322136
2025-04-09,972018.9702932556,932976.7418885642,978405.1031599081
2025-04-10,1004661.7403184706,963831.3996033863,1003096.1713644102
2025-04-11,1013917.1723108889,972579.835655483,1008534.1420017015
2025-04-14,1036601.3308994422,994021.3967809002,1027963.9600698851
2025-04-15,1044671.7648264649,1001649.7468331784,1028387.2516276673
2025-04-16,1037086.9576836486,994480.42180213,1016343.9317554068
2025-04-17,1054310.6484429576,1010760.6297181223,1022940.8149792394
2025-04-18,1050772.2277815847,1007416.037385015,1021686.1600597847
2025-04-21,1056281.8402246407,1012623.843154578,1036677.7055100482
2025-04-22,1064390.7027253064,1020288.5167322597,1040181.1150946663
2025-04-23,1061385.828010909,1017448.243657486,1043417.2056441907
2025-04-24,1058200.3552014004,1014437.2653268678,1038146.5717869825
2025-04-25,1053618.517688005,1010106.4126427498,1041609.5912949031
2025-04-28,1025212.3720648875,983256.3046549266,1027060.994393185
2025-04-29,1029976.3185270237,987759.2906866698,1033019.2401981521
2025-04-30,1045145.1004213028,1002097.1539543172,1038192.4934504429
2025-05-06,1072640.8834934374,1028086.7674165448,1062946.5980367102
2025-05-07,1092138.9531132444,1046516.7678042024,1071369.1032513448
2025-05-08,1111830.503183895,1065129.650131127,1080322.8499435992
2025-05-09,1115489.2733701074,1068587.9994582706,1072952.389942501
2025-05-12,1132516.8725433003,1084682.8573330229,1084240.4795781584
2025-05-13,1126127.600969527,1078643.578579916,1084305.7743778839
2025-05-14,1129799.429772767,1082114.271196501,1087832.6274171032
2025-05-15,1133433.8616256206,1085549.615400472,1080498.1662250357
2025-05-16,1126207.9273629559,1078719.5048377928,1085089.0264952707
2025-05-19,1150585.9436861868,1101762.1372136185,1096686.879306091
2025-05-20,1168723.8467654404,1118906.4785407397,1105584.412902985
2025-05-21,1177795.0510099994,1127480.7785101011,1103443.3708362412
2025-05-22,1166472.2264271,1116778.1979202654,1091600.846453779
2025-05-23,1150133.5737931575,1101334.5473308011,1080333.628966231
2025-05-26,1168976.70486249,1119145.4855254048,1088854.304230934
2025-05-27,1186003.731038964,1135239.8017911697,1093552.9249037218
2025-05-28,1191368.330887925,1140310.5384960766,1091998.5004618086
2025-05-29,1204097.184331713,1152342.1282112524,1105268.6561024096
2025-05-30,1191326.305740386,1140270.8154106357,1093539.5931303683
2025-06-03,1189842.0542935159,1138867.8685920746,1100990.4776599517
2025-06-04,1205642.2419178323,1153802.550317972,1113156.5859083463
2025-06-05,1209137.6395444805,1157106.4763409207,1113617.7564063
2025-06-06,1216371.3987424627,1163943.9832030155,1115902.8198004877
2025-06-09,1231357.236980482,1178108.9241392973,1127115.6536858599
2025-06-10,1229482.0432993076,1176336.450199832,1120087.8672065905
2025-06-11,1243530.5235072612,1189615.3798952918,1126752.7652186744
2025-06-12,1235094.8231201728,1181641.7720235535,1127193.6109261129
2025-06-13,1203502.6086970284,1151780.122361883,1109365.3357876425
2025-06-16,1218291.5653263927,1165758.9665104016,1116023.6247471645
2025-06-17,1223269.0396518654,1170463.783732658,1115954.575813177
2025-06-18,1213742.2149672376,1161458.8213925662,1109585.8310925802
2025-06-19,1197356.7701461127,1145970.9418078873,1091319.3263693312
2025-06-20,1181208.1562932103,1130706.9200163768,1085211.442723397
2025-06-23,1192822.7040949748,1141685.2437511287,1099611.3531454194
2025-06-24,1213054.4049830057,1160808.6884038548,1118466.3024787293
2025-06-25,1215800.244003205,1163404.11529449,1127245.5208153499
2025-06-26,1211415.518796427,1159259.5774588771,1125301.8179160287
2025-06-27,1211160.1937638044,1159018.238672938,1130889.7665980118
2025-06-30,1224936.2834964108,1172039.6989540332,1142177.0561056305
2025-07-01,1232743.248303634,1179419.0122516626,1147585.9400910663
2025-07-02,1233696.4028171126,1180319.9546729098,1146558.5189524204
2025-07-03,1237189.3922378805,1183621.60440717,1152119.1115939545
2025-07-04,1223906.021808459,1171065.873150834,1144791.6086809854
2025-07-07,1231574.224059862,1178314.025056212,1152813.4705381312
2025-07-08,1239295.5498822841,1185612.3905188064,1163978.8166116981
2025-07-09,1237910.6474624174,1184303.3505659956,1163518.895361252
2025-07-10,1237231.9855794143,1183661.8645619594,1169149.1455588061
2025-07-11,1240361.8412794094,1186620.2723884257,1172609.824581375
2025-07-14,1244855.763172085,1190868.025311616,1177793.8870057424
2025-07-15,1236096.5169551983,1182588.594869496,1165830.021920139
2025-07-16,1247148.3041805134,1193034.9850413695,1171965.6498412606
2025-07-17,1252771.847802209,1198350.4810442452,1179733.5442384447
2025-07-18,1249471.4138908745,1195230.8389744707,1182506.9003593365
2025-07-21,1251549.2727540697,1197194.8764613038,1199169.5784495932
2025-07-22,1243344.353914613,1189439.4083385384,1205158.1203683028
2025-07-23,1234791.6304214105,1181355.1876762463,1197107.8707939791
2025-07-24,1245138.0836042853,1191134.8807376327,1211106.6624110008
2025-07-25,1243916.8973677077,1189980.5888896505,1210539.5862651113
2025-07-28,1243782.7676971618,1189853.8066015393,1212477.4014635123
2025-07-29,1237733.6874023965,1184136.084060214,1212213.4155630055
2025-07-30,1231487.824392196,1178232.3582071527,1208257.45239947
2025-07-31,1226528.2122727293,1173544.424731341,1192233.4082906335
2025-08-01,1240936.4051937298,1187163.3627235268,1196891.6591730993
2025-08-04,1255034.2047916162,1200488.910181324,1207100.4160529003
2025-08-05,1261761.915189694,1206848.0886878292,1218250.7943317646
2025-08-06,1264046.801234341,1209007.8127789677,1224840.179615833
2025-08-07,1262992.5248269995,1208011.2877395733,1225532.0600850026
2025-08-08,1268318.2762853133,1213045.3040988946,1229499.350857034
2025-08-11,1275223.8005519575,1219572.5561496282,1242677.0456711228
2025-08-12,1280060.48208205,1224144.2929529485,1243513.3514695682
2025-08-13,1282308.60735409,1226269.2699605757,1250289.5321097854
2025-08-14,1270862.8275669413,1215450.4694317328,1232303.3675602404
2025-08-15,1288269.751086213,1231903.8729462114,1249336.7043889721
2025-08-18,1297175.7076606865,1240321.9772160451,1261860.4203640888
2025-08-19,1308941.1036621113,1251442.8859570285,1269756.522108777
2025-08-20,1325052.5813915508,1266671.8058752166,1282072.9551647096
2025-08-21,1333068.9457686536,1274249.048210403,1281704.4851392482
2025-08-22,1333962.813551601,1275093.951521729,1286612.3765090676
2025-08-25,1335619.6590199017,1276660.0379712319,1298648.6487402658
2025-08-26,1348094.423798602,1288451.4575420106,1304986.8222375836
2025-08-27,1326224.6344127133,1267779.6559370726,1274964.8983897672
2025-08-28,1317034.2508860072,1259092.7051125746,1279927.8111819858
2025-08-29,1319913.9461455594,1261814.655838198,1278515.8770262229
2025-09-01,1331498.2624382635,1272764.404091656,1289315.02661066
2025-09-02,1329624.7085066591,1270993.480079224,1274698.3086690628
2025-09-03,1317585.0674812503,1259613.348964084,1251919.001202496
2025-09-04,1312102.5946206765,1254431.1961194223,1247268.736189085
2025-09-05,1322866.8355974096,1264605.7913097325,1270229.7981723652
2025-09-08,1345531.5905306113,1286029.011677186,1286346.1417255574
2025-09-09,1354117.6593858036,1294144.7511024317,1280008.9059751937
2025-09-10,1364195.38367725,1303670.4357583825,1282516.8351390162
2025-09-11,1361129.2208282615,1300772.2318029474,1297419.2635669946
2025-09-12,1361880.2634333617,1301482.133643131,1297890.9608202493
2025-09-15,1359218.913650042,1298966.5678207364,1297464.8530473858
2025-09-16,1367658.386021394,1306943.7410542152,1308939.6854486258
2025-09-17,1369214.4268836975,1308414.5447929783,1311802.235404001
2025-09-18,1348110.7606138156,1288466.8994558305,1293959.4142906615
2025-09-19,1337117.8124170445,1278076.1252162007,1290007.5572795426
2025-09-22,1334284.2488155947,1275397.7791393087,1286954.9658627363
2025-09-23,1321446.832152003,1263263.573102514,1272328.5113955752
2025-09-24,1342158.507735699,1282840.7002991866,1288639.6048724614
2025-09-25,1336995.5730688404,1277960.5819199297,1281439.5806267974
2025-09-26,1333504.4182109537,1274660.6662544908,1276234.5553731103
2025-09-29,1344753.9643524378,1285293.9824643123,1286826.640338696
2025-09-30,1351035.3463801774,1291231.28166693,1290813.9477513793
2025-10-09,1347127.1391836093,1287537.1590408303,1301474.1626482643
2025-10-10,1356897.316094841,1296772.143209651,1305371.0688271136
2025-10-13,1352114.703760576,1292251.513788727,1299495.2980719719
2025-10-14,1346862.5746950917,1287287.086919794,1292767.5218736646
2025-10-15,1368430.5943156353,1307673.6491651062,1309237.054438469
2025-10-16,1364943.6580473257,1304377.721002484,1298195.8559131
2025-10-17,1343182.6272463016,1283808.7203824795,1273864.7616989168
2025-10-20,1368664.6402882796,1307894.8745197528,1287852.7640311727
2025-10-21,1395052.304968008,1332837.0703247536,1307246.0216038083
2025-10-22,1404030.18833029,1341323.1613621514,1306716.3283125474
2025-10-23,1412712.5358597832,1349529.9054888515,1311236.1514194563
2025-10-24,1432691.9777038582,1368414.9093949522,1313045.3763964495
2025-10-27,1433116.4601293027,1368816.1394355681,1321518.200636126
2025-10-28,1428788.416091435,1364725.1778762422,1321699.734723692
2025-10-29,1421270.4702213064,1357619.0515774575,1326205.7656643079
2025-10-30,1413860.167958006,1350614.6723620624,1313917.5336645774
2025-10-31,1422524.375664474,1358804.2703326608,1323118.0568203873
2025-11-03,1440642.706202213,1375930.111266936,1335218.8167241265
2025-11-04,1441619.6473684474,1376853.5373508253,1329772.386230481
2025-11-05,1451146.928401634,1385858.9310415208,1340657.9991560709
2025-11-06,1460412.4383951945,1394616.8930399588,1346939.3269549059
2025-11-07,1452753.1773382677,1387377.1925464831,1347781.0375680442
2025-11-10,1454858.9596534967,1389367.6238888022,1359144.6176614847
2025-11-11,1461494.510311015,1395639.6909998024,1363245.385633343
2025-11-12,1465837.7259131449,1399744.9930523515,1357317.5832613185
2025-11-13,1480399.4269185488,1413509.030231802,1372098.033667237
2025-11-14,1478738.3948107753,1411938.9864794167,1369016.1256327413
2025-11-17,1482383.442594533,1415384.365092663,1370928.6446309236
2025-11-18,1466227.0868687793,1400113.0255141899,1353376.6702095126
2025-11-19,1442740.3481964034,1377912.8482003822,1339849.9527160132
2025-11-20,1435078.1899905899,1370670.4092586322,1330826.1865381885
2025-11-21,1382892.9595186154,1321343.7919789674,1282650.5760742852
2025-11-24,1395681.4075346095,1317912.899405833,1295777.5734613016
2025-11-25,1420538.4039777992,1317912.899405833,1311808.898226854
2025-11-26,1409467.3157851475,1317912.899405833,1308190.3979169172
2025-11-27,1419909.9954032195,1317912.899405833,1310550.1404950167
2025-11-28,1442098.9591174345,1317912.899405833,1326188.4792015844
2025-12-01,1438458.580956372,1317912.899405833,1335377.2089482339
2025-12-02,1439739.9400407185,1317912.899405833,1332253.9773257545
2025-12-03,1433370.5531249864,1317912.899405833,1325453.3551277996
2025-12-04,1421641.4256331876,1317912.899405833,1314774.5940196177
2025-12-05,1444802.2085477214,1317912.899405833,1330887.8799843155
2025-12-08,1464836.0912580346,1317912.899405833,1338668.8329132288
2025-12-09,1471442.6245349417,1317912.899405833,1329055.2174306544
2025-12-10,1470002.9576430472,1317912.899405833,1331843.4857641095
2025-12-11,1443066.9428874613,1317912.899405833,1309775.0569694191
2025-12-12,1441499.3698973386,1317912.899405833,1310428.6110791173
2025-12-15,1436279.8640782011,1317912.899405833,1311398.3265412517
2025-12-16,1422926.8532799247,1317912.899405833,1291615.9991974474
2025-12-17,1422610.7880990868,1317912.899405833,1300205.1677639382
2025-12-18,1423629.5358209813,1317912.899405833,1304170.4812238992
2025-12-19,1445774.3673712825,1317912.899405833,1325524.4529515663
2025-12-22,1459180.5654079649,1333389.5779829945,1333103.302697666
2025-12-23,1461993.1799308297,1335916.7786525323,1324982.1139857292
2025-12-24,1473027.716115733,1345831.570390901,1338689.5179024434
2025-12-25,1489956.9123868959,1361042.8536305355,1350255.7135583572
2025-12-26,1494217.5953855675,1364871.1780736449,1352361.2906536406
2025-12-29,1493279.8718137615,1364028.6112664111,1348920.4972711292
2025-12-30,1485656.4420282994,1357178.7793035286,1345686.4608627278
2025-12-31,1491548.543935452,1362472.9722203624,1346729.4584334088
2026-01-05,1516790.234662738,1385153.2283264382,1361651.0340966124
2026-01-06,1536714.203509897,1403055.3855545418,1380819.623671751
2026-01-07,1553035.202522191,1417720.189172697,1381210.8592543115
2026-01-08,1570142.1209204032,1433091.159946765,1393054.241415148
2026-01-09,1594736.2050820503,1455189.5262371642,1408264.3443278838
2026-01-12,1599722.7293423794,1459670.0362206402,1429138.9470149598
2026-01-13,1582631.1364913855,1444312.8358132094,1415906.5375441152
2026-01-14,1579741.963472202,1441716.8455240563,1419700.706967832
2026-01-15,1576593.9820633482,1438888.3097757446,1416387.647312777
2026-01-16,1581525.624624379,1443319.5072544015,1411745.1795113715
2026-01-19,1593799.7667003917,1454348.1142036743,1430038.6725500945
2026-01-20,1595146.852452224,1455558.502611428,1429478.3256612597
2026-01-21,1588442.3522820743,1449534.3506413747,1436956.060709008
2026-01-22,1609891.4985846053,1468806.9158848831,1451094.402931619
2026-01-23,1629987.2316966313,1486863.4073673426,1468192.7373727332
2026-01-26,1590844.2593504728,1451692.520949491,1457024.4792401453
2026-01-27,1588626.273853541,1449699.608523241,1449950.346191097
2026-01-28,1564777.5052963227,1428270.9259307731,1447784.1562800894
2026-01-29,1541126.2634190242,1407019.7257318886,1443152.0183367142
2026-01-30,1538565.5641391645,1404718.8768662035,1437442.7525964784
2026-02-02,1531892.2302450822,1398722.728532307,1404449.9883310483
2026-02-03,1564008.005507777,1427579.5121714356,1430618.2923651591
2026-02-04,1566195.0037969733,1429544.5818586613,1444086.4473697566
2026-02-05,1559373.9892495954,1423415.7389650054,1433907.3330191686
2026-02-06,1566534.200418846,1429849.3580457047,1436924.5474573222
2026-02-09,1579646.4583715703,1441631.0319323617,1457899.0283813972
2026-02-10,1572552.6783616852,1435257.1028195054,1458065.6961958457
2026-02-11,1579446.4758165025,1441451.342876874,1457628.16280734
2026-02-12,1577432.9872643051,1439642.175791996,1452162.5300442497
2026-02-13,1579899.694266321,1441858.5703730413,1440136.602725566
2026-02-24,1586100.9407966083,1447430.5370452965,1463392.5844668727
2026-02-25,1609488.730688261,1468445.0194042127,1478835.5316120572
2026-02-26,1603001.319053256,1462615.9266173178,1479897.1905378052
2026-02-27,1603650.1187733887,1463198.8885105255,1491768.1675379898
2026-03-02,1588504.7559873895,1449590.4218465013,1472260.5651015958
2026-03-03,1543263.3148272783,1408939.9169653014,1432472.585780703
2026-03-04,1534586.25295889,1401143.3716566078,1423138.6681108852
2026-03-05,1552597.922353083,1417327.282598702,1437560.7022231435
2026-03-06,1570057.131050534,1433014.7945386043,1460152.3946669628
2026-03-09,1548105.5703305092,1413290.7980584463,1448913.989026216
2026-03-10,1570175.7950892285,1433121.4169838768,1467526.8842217724
2026-03-11,1570407.4162444097,1433329.5340698462,1469846.1149882553
