trade_date,nav,cash,holdings_val,benchmark
2022-01-04,1000000.0,1000000.0,0.0,1012861.39747006
2022-01-05,985275.3999690317,0.0,985275.3999690317,1000828.9914888899
2022-01-06,998684.2175203444,0.0,998684.2175203444,1009825.2344941255
2022-01-07,983241.577549177,0.0,983241.577549177,996674.7009201066
2022-01-10,995353.0239789056,0.0,995353.0239789056,1003895.5437134068
2022-01-11,998130.8170113285,0.0,998130.8170113285,1001119.8837280107
2022-01-12,1006547.4154831542,0.0,1006547.4154831542,1013083.0660975159
2022-01-13,996449.7333598001,0.0,996449.7333598001,1005133.7611536733
2022-01-14,990114.2734500777,0.0,990114.2734500777,996496.3317638484
2022-01-17,987143.9306297275,987143.9306297275,0.0,1007304.5787474366
2022-01-18,987143.9306297275,987143.9306297275,0.0,997167.7092929048
2022-01-19,995340.3895704766,0.0,995340.3895704766,997866.6437316347
2022-01-20,968355.8652096674,0.0,968355.8652096674,977757.3931295397
2022-01-21,972705.9566226059,0.0,972705.9566226059,968852.8688676858
2022-01-24,961175.1256735744,0.0,961175.1256735744,965853.6984455577
2022-01-25,926406.1103458772,0.0,926406.1103458772,928556.4426384439
2022-01-26,923054.0209457641,894616.1343503856,28437.88659537846,935519.1657453066
2022-01-27,920210.2322862262,894616.1343503856,25594.097935840615,908469.8838426643
2022-01-28,920133.4499924188,920133.4499924188,0.0,918042.3548664597
2022-02-07,920133.4499924188,920133.4499924188,0.0,933043.422300364
2022-02-08,920133.4499924188,920133.4499924188,0.0,948871.7008021948
2022-02-09,929568.355329962,0.0,929568.355329962,961309.413091037
2022-02-10,926076.5227243764,0.0,926076.5227243764,962066.2627436658
2022-02-11,907763.8446128902,0.0,907763.8446128902,946174.4103413961
2022-02-14,912925.758921847,0.0,912925.758921847,946085.4156047943
2022-02-15,910186.9816450815,910186.9816450815,0.0,948431.8414849956
2022-02-16,910186.9816450815,910186.9816450815,0.0,959650.9982926169
2022-02-17,910186.9816450815,910186.9816450815,0.0,956288.4368800833
2022-02-18,910186.9816450815,910186.9816450815,0.0,964488.1364147526
2022-02-21,910186.9816450815,910186.9816450815,0.0,976262.3968434591
2022-02-22,910186.9816450815,910186.9816450815,0.0,966482.9474661148
2022-02-23,910186.9816450815,910186.9816450815,0.0,977894.9908103459
2022-02-24,910186.9816450815,910186.9816450815,0.0,955847.1695863997
2022-02-25,910186.9816450815,910186.9816450815,0.0,964318.2056975239
2022-02-28,910186.9816450815,910186.9816450815,0.0,964464.1648540496
2022-03-01,910186.9816450815,910186.9816450815,0.0,972858.2173403671
2022-03-02,910186.9816450815,910186.9816450815,0.0,978272.8619864006
2022-03-03,910186.9816450815,910186.9816450815,0.0,979791.3384719212
2022-03-04,910186.9816450815,910186.9816450815,0.0,968213.7456000417
2022-03-07,910186.9816450815,910186.9816450815,0.0,954584.2867442915
2022-03-08,910186.9816450815,910186.9816450815,0.0,924513.6390104764
2022-03-09,910186.9816450815,910186.9816450815,0.0,911365.3676843967
2022-03-10,910186.9816450815,910186.9816450815,0.0,927005.1605706958
2022-03-11,910186.9816450815,910186.9816450815,0.0,933256.784232329
2022-03-14,910186.9816450815,910186.9816450815,0.0,909800.5324172338
2022-03-15,910186.9816450815,910186.9816450815,0.0,861754.2784962856
2022-03-16,910186.9816450815,910186.9816450815,0.0,887943.3381898052
2022-03-17,910186.9816450815,910186.9816450815,0.0,903086.2708099209
2022-03-18,910186.9816450815,910186.9816450815,0.0,917595.6064185482
2022-03-21,910186.9816450815,910186.9816450815,0.0,928950.5559587601
2022-03-22,910186.9816450815,910186.9816450815,0.0,930512.8483588882
2022-03-23,901494.3155030623,0.0,901494.3155030623,933178.7344104843
2022-03-24,889442.3635724622,0.0,889442.3635724622,923804.7804446473
2022-03-25,886879.1509069916,851841.0091579821,35038.14174900945,922018.7327507619
2022-03-28,886823.2795136346,870408.9355502619,16414.343963372725,920554.9463688135
2022-03-29,886823.2795136346,870408.9355502619,16414.343963372725,913909.6915274251
2022-03-30,886823.2795136346,870408.9355502619,16414.343963372725,927588.6743334227
2022-03-31,886823.2795136346,870408.9355502619,16414.343963372725,926591.5764550244
2022-04-01,886823.2795136346,870408.9355502619,16414.343963372725,927741.8614846925
2022-04-06,886823.2795136346,870408.9355502619,16414.343963372725,938961.9867713469
2022-04-07,886823.2795136346,870408.9355502619,16414.343963372725,918935.970256957
2022-04-08,886823.2795136346,870408.9355502619,16414.343963372725,916724.5195299117
2022-04-11,886823.2795136346,870408.9355502619,16414.343963372725,893254.7762512465
2022-04-12,886823.2795136346,870408.9355502619,16414.343963372725,909061.3810397126
2022-04-13,886823.2795136346,870408.9355502619,16414.343963372725,894068.434337294
2022-04-14,886823.2795136346,870408.9355502619,16414.343963372725,902626.2465714356
2022-04-15,886823.2795136346,870408.9355502619,16414.343963372725,888387.5388009865
2022-04-18,886823.2795136346,870408.9355502619,16414.343963372725,891136.5956652069
2022-04-19,886823.2795136346,870408.9355502619,16414.343963372725,896688.4575899397
2022-04-20,886823.2795136346,870408.9355502619,16414.343963372725,887209.3627383214
2022-04-21,886823.2795136346,870408.9355502619,16414.343963372725,853975.828463878
2022-04-22,886823.2795136346,870408.9355502619,16414.343963372725,847914.6728896897
2022-04-25,886823.2795136346,870408.9355502619,16414.343963372725,788009.8469035605
2022-04-26,886823.2795136346,870408.9355502619,16414.343963372725,760517.761455927
2022-04-27,886774.0364817445,886774.0364817445,0.0,780264.5838864816
2022-04-28,886774.0364817445,886774.0364817445,0.0,770869.0050185397
2022-04-29,886774.0364817445,886774.0364817445,0.0,802127.7274309652
2022-05-05,886774.0364817445,886774.0364817445,0.0,816070.438891427
2022-05-06,886774.0364817445,886774.0364817445,0.0,805088.8629828877
2022-05-09,886774.0364817445,886774.0364817445,0.0,818640.3822465201
2022-05-10,886774.0364817445,886774.0364817445,0.0,830409.4901192179
2022-05-11,883161.8782131773,0.0,883161.8782131773,832057.4344817105
2022-05-12,888282.0223261919,0.0,888282.0223261919,837974.9125734324
2022-05-13,885617.1762592124,885617.1762592124,0.0,845182.2654023636
2022-05-16,885617.1762592124,885617.1762592124,0.0,848629.1819492478
2022-05-17,885617.1762592124,885617.1762592124,0.0,847097.629416124
2022-05-18,885617.1762592124,885617.1762592124,0.0,853017.0123088149
2022-05-19,885617.1762592124,885617.1762592124,0.0,858829.4646341939
2022-05-20,885617.1762592124,885617.1762592124,0.0,870163.5589402327
2022-05-23,885617.1762592124,885617.1762592124,0.0,881025.4665961706
2022-05-24,885617.1762592124,885617.1762592124,0.0,847684.8398559487
2022-05-25,909101.8007736997,0.0,909101.8007736997,864812.9488284456
2022-05-26,913412.0046830174,0.0,913412.0046830174,870552.2056313833
2022-05-27,914826.0622590228,0.0,914826.0622590228,872192.2643716028
2022-05-30,926935.9130474363,0.0,926935.9130474363,880629.5406864983
2022-05-31,922051.3387347244,900493.6005618012,21557.738172923222,888562.7202336616
2022-06-01,920580.0390968098,900493.6005618012,20086.438535008583,892102.7896110693
2022-06-02,920519.7797812048,920519.7797812048,0.0,895573.4900822109
2022-06-06,920519.7797812048,920519.7797812048,0.0,906375.4162195093
2022-06-07,920519.7797812048,920519.7797812048,0.0,904368.8782738002
2022-06-08,920519.7797812048,920519.7797812048,0.0,904788.8096192441
2022-06-09,907731.3182924419,0.0,907731.3182924419,891076.6026425147
2022-06-10,918695.3043878081,0.0,918695.3043878081,905236.5500671874
2022-06-13,919906.9093041046,0.0,919906.9093041046,906578.76534309
2022-06-14,917147.1885761921,917147.1885761921,0.0,910991.5499973862
2022-06-15,917147.1885761921,917147.1885761921,0.0,910258.5750137479
2022-06-16,917147.1885761921,917147.1885761921,0.0,914213.6761858122
2022-06-17,917147.1885761921,917147.1885761921,0.0,917371.0319838449
2022-06-20,917147.1885761921,917147.1885761921,0.0,926565.6013249757
2022-06-21,917147.1885761921,917147.1885761921,0.0,922219.7174791165
2022-06-22,917147.1885761921,917147.1885761921,0.0,912381.5350893184
2022-06-23,917147.1885761921,917147.1885761921,0.0,928088.0620110546
2022-06-24,917147.1885761921,917147.1885761921,0.0,936866.1208283072
2022-06-27,917147.1885761921,917147.1885761921,0.0,944970.9839100788
2022-06-28,917147.1885761921,917147.1885761921,0.0,958190.9925862201
2022-06-29,917147.1885761921,917147.1885761921,0.0,940228.9858149921
2022-06-30,917147.1885761921,917147.1885761921,0.0,947962.7124575758
2022-07-01,917147.1885761921,917147.1885761921,0.0,947532.4562195992
2022-07-04,917147.1885761921,917147.1885761921,0.0,953624.6069506657
2022-07-05,917147.1885761921,917147.1885761921,0.0,948682.1871841613
2022-07-06,917147.1885761921,917147.1885761921,0.0,937497.0422819464
2022-07-07,917147.1885761921,917147.1885761921,0.0,944890.4202233991
2022-07-08,917147.1885761921,917147.1885761921,0.0,945866.2583756945
2022-07-11,917147.1885761921,917147.1885761921,0.0,939591.4967405285
2022-07-12,917147.1885761921,917147.1885761921,0.0,929295.4661972264
2022-07-13,917147.1885761921,917147.1885761921,0.0,940859.3421733722
2022-07-14,917147.1885761921,917147.1885761921,0.0,941922.3990308265
2022-07-15,917147.1885761921,917147.1885761921,0.0,923055.3125512658
2022-07-18,917147.1885761921,917147.1885761921,0.0,946816.5901821677
2022-07-19,917147.1885761921,917147.1885761921,0.0,956267.6148040923
2022-07-20,917147.1885761921,917147.1885761921,0.0,965561.5356171298
2022-07-21,925881.5646541386,0.0,925881.5646541386,961355.3386665281
2022-07-22,923103.9199601765,923103.9199601765,0.0,960546.148134292
2022-07-25,923103.9199601765,923103.9199601765,0.0,953441.7608278223
2022-07-26,923103.9199601765,923103.9199601765,0.0,965060.0283480271
2022-07-27,923103.9199601765,923103.9199601765,0.0,971127.8700587173
2022-07-28,923103.9199601765,923103.9199601765,0.0,977508.4741514518
2022-07-29,923103.9199601765,923103.9199601765,0.0,972421.945158932
2022-08-01,923103.9199601765,923103.9199601765,0.0,975814.2022683315
2022-08-02,923103.9199601765,923103.9199601765,0.0,938613.045874424
2022-08-03,923103.9199601765,923103.9199601765,0.0,931878.383722627
2022-08-04,923103.9199601765,923103.9199601765,0.0,943814.8528846692
2022-08-05,923103.9199601765,923103.9199601765,0.0,953017.3936824038
2022-08-08,923103.9199601765,923103.9199601765,0.0,965313.4391851533
2022-08-09,923103.9199601765,923103.9199601765,0.0,968197.5105021726
2022-08-10,923103.9199601765,923103.9199601765,0.0,970366.5131626611
2022-08-11,923103.9199601765,923103.9199601765,0.0,983207.9730091732
2022-08-12,923103.9199601765,923103.9199601765,0.0,983262.7854626251
2022-08-15,923103.9199601765,923103.9199601765,0.0,987986.2826884013
2022-08-16,923103.9199601765,923103.9199601765,0.0,996699.2925125593
2022-08-17,923103.9199601765,923103.9199601765,0.0,1000700.7602997915
2022-08-18,915531.4426535874,0.0,915531.4426535874,999135.3207014569
2022-08-19,920385.6675605655,0.0,920385.6675605655,991065.3564784144
2022-08-22,927938.7192307205,0.0,927938.7192307205,1000459.2089305369
2022-08-23,924872.0067145672,0.0,924872.0067145672,1005054.2060164107
2022-08-24,905516.311660952,0.0,905516.311660952,978359.2236175187
2022-08-25,908226.4132021163,0.0,908226.4132021163,978927.1841113056
2022-08-26,899641.8628572081,0.0,899641.8628572081,975279.2657156545
2022-08-29,907816.6074630573,0.0,907816.6074630573,982512.8481393649
2022-08-30,905093.1576406676,905093.1576406676,0.0,979110.5724649956
2022-08-31,905093.1576406676,905093.1576406676,0.0,955318.518033704
2022-09-01,905104.9243263911,0.0,905104.9243263911,952267.8655416413
2022-09-02,918739.168100979,0.0,918739.168100979,963088.4515488069
2022-09-05,922440.2784498055,0.0,922440.2784498055,968227.2477651765
2022-09-06,927376.1719976824,0.0,927376.1719976824,982568.3187095944
2022-09-07,934392.2365423215,0.0,934392.2365423215,984577.3731084282
2022-09-08,931589.0598326944,931589.0598326944,0.0,977876.0034450308
2022-09-09,931589.0598326944,931589.0598326944,0.0,978927.3463763891
2022-09-13,931589.0598326944,931589.0598326944,0.0,981149.1880665952
2022-09-14,931589.0598326944,931589.0598326944,0.0,972562.9894425112
2022-09-15,931589.0598326944,931589.0598326944,0.0,952954.5583918422
2022-09-16,909121.3878985957,0.0,909121.3878985957,927529.6248499698
2022-09-19,906394.0237348997,906394.0237348997,0.0,918193.7191238549
2022-09-20,906394.0237348997,906394.0237348997,0.0,931289.21756028
2022-09-21,906394.0237348997,906394.0237348997,0.0,935694.1207500751
2022-09-22,906394.0237348997,906394.0237348997,0.0,930799.0130284952
2022-09-23,906394.0237348997,906394.0237348997,0.0,914657.4249873792
2022-09-26,906394.0237348997,906394.0237348997,0.0,896570.5523751898
2022-09-27,906394.0237348997,906394.0237348997,0.0,916435.7345607646
2022-09-28,906394.0237348997,906394.0237348997,0.0,893804.7679194064
2022-09-29,906394.0237348997,906394.0237348997,0.0,887901.2374778406
2022-09-30,906394.0237348997,906394.0237348997,0.0,879692.7210199751
2022-10-10,906394.0237348997,906394.0237348997,0.0,866889.2454225863
2022-10-11,906394.0237348997,906394.0237348997,0.0,872862.8253689386
2022-10-12,906394.0237348997,906394.0237348997,0.0,894411.8907117518
2022-10-13,906394.0237348997,906394.0237348997,0.0,900777.900400653
2022-10-14,906394.0237348997,906394.0237348997,0.0,918636.2335724063
2022-10-17,906394.0237348997,906394.0237348997,0.0,929976.2552331471
2022-10-18,906394.0237348997,906394.0237348997,0.0,933019.3995316954
2022-10-19,906394.0237348997,906394.0237348997,0.0,925554.9963021468
2022-10-20,906394.0237348997,906394.0237348997,0.0,921477.7503796828
2022-10-21,904698.7497221051,0.0,904698.7497221051,921812.9425576103
2022-10-24,889157.7049797438,0.0,889157.7049797438,907574.6495807673
2022-10-25,886490.2318648044,886490.2318648044,0.0,905956.6767204029
2022-10-26,886490.2318648044,886490.2318648044,0.0,920433.3873827427
2022-10-27,886490.2318648044,886490.2318648044,0.0,919904.2790709109
2022-10-28,886490.2318648044,886490.2318648044,0.0,886915.3099506816
2022-10-31,886490.2318648044,886490.2318648044,0.0,891934.9641885918
2022-11-01,886490.2318648044,886490.2318648044,0.0,915124.6700743367
2022-11-02,886490.2318648044,886490.2318648044,0.0,926731.0507640613
2022-11-03,886490.2318648044,886490.2318648044,0.0,929099.9393440785
2022-11-04,894840.3823445251,0.0,894840.3823445251,946607.2900624236
2022-11-07,904736.9550726371,0.0,904736.9550726371,954898.1352806056
2022-11-08,910192.8154087944,0.0,910192.8154087944,955124.1022517812
2022-11-09,913577.4759443034,0.0,913577.4759443034,957004.5822755907
2022-11-10,914141.0117675922,0.0,914141.0117675922,954871.5417148402
2022-11-11,921259.7621923003,0.0,921259.7621923003,962282.4827142657
2022-11-14,926883.1953265271,0.0,926883.1953265271,960506.8141957843
2022-11-15,935866.0959014092,0.0,935866.0959014092,976892.3240937049
2022-11-16,939897.1687185192,0.0,939897.1687185192,975407.1596518554
2022-11-17,950694.6717643973,0.0,950694.6717643973,979064.1708869998
2022-11-18,936110.1006853001,0.0,936110.1006853001,972398.6490831724
2022-11-21,936452.7653325334,0.0,936452.7653325334,973867.3775926962
2022-11-22,936082.0608627637,0.0,936082.0608627637,965457.4656694944
2022-11-23,925284.9199383572,0.0,925284.9199383572,962133.9449772385
2022-11-24,930262.5358358615,0.0,930262.5358358615,965539.5627766168
2022-11-25,933194.2659902242,0.0,933194.2659902242,962005.337292654
2022-11-28,935237.5866520558,0.0,935237.5866520558,959802.9356095801
2022-11-29,932431.8738921003,932431.8738921003,0.0,979018.4379166809
2022-11-30,932431.8738921003,932431.8738921003,0.0,980222.7140327265
2022-12-01,932431.8738921003,932431.8738921003,0.0,986396.9273865438
2022-12-02,932431.8738921003,932431.8738921003,0.0,990498.5979709806
2022-12-05,932431.8738921003,932431.8738921003,0.0,1002087.9816393433
2022-12-06,932431.8738921003,932431.8738921003,0.0,998353.3205927298
2022-12-07,932431.8738921003,932431.8738921003,0.0,999275.8904231885
2022-12-08,932431.8738921003,932431.8738921003,0.0,996905.9653199272
2022-12-09,932431.8738921003,932431.8738921003,0.0,995231.3707721571
2022-12-12,932431.8738921003,932431.8738921003,0.0,989191.0379436454
2022-12-13,932431.8738921003,932431.8738921003,0.0,989920.4903595948
2022-12-14,932431.8738921003,932431.8738921003,0.0,987862.1019324083
2022-12-15,932431.8738921003,932431.8738921003,0.0,988691.1175472402
2022-12-16,918829.4894708282,0.0,918829.4894708282,981464.425754035
2022-12-19,891545.3092693624,0.0,891545.3092693624,960069.774271991
2022-12-20,894524.3687546207,0.0,894524.3687546207,955284.9910422511
2022-12-21,891895.1195673408,873787.1465727888,18107.97299455203,950433.4967881202
2022-12-22,890676.4410629526,873787.1465727888,16889.294490163746,938238.5274004858
2022-12-23,890782.4131068124,873787.1465727888,16995.266534023598,934999.007379064
2022-12-26,890731.4273072104,890731.4273072104,0.0,947714.5654354176
2022-12-27,890731.4273072104,890731.4273072104,0.0,953595.5703402145
2022-12-28,890731.4273072104,890731.4273072104,0.0,944428.8360018618
2022-12-29,890731.4273072104,890731.4273072104,0.0,939446.3957023338
2022-12-30,890731.4273072104,890731.4273072104,0.0,947001.090410108
2023-01-03,890731.4273072104,890731.4273072104,0.0,964514.0263656052
2023-01-04,890731.4273072104,890731.4273072104,0.0,969442.4540835648
2023-01-05,890731.4273072104,890731.4273072104,0.0,974383.438836598
2023-01-06,890731.4273072104,890731.4273072104,0.0,971550.7819262887
2023-01-09,890731.4273072104,890731.4273072104,0.0,977104.5781227634
2023-01-10,890731.4273072104,890731.4273072104,0.0,974667.0320610234
2023-01-11,890731.4273072104,890731.4273072104,0.0,968031.0469358729
2023-01-12,890731.4273072104,890731.4273072104,0.0,967131.0617035325
2023-01-13,890731.4273072104,890731.4273072104,0.0,972542.9871400553
2023-01-16,890731.4273072104,890731.4273072104,0.0,981187.4622370966
2023-01-17,890731.4273072104,890731.4273072104,0.0,979367.4765184828
2023-01-18,890731.4273072104,890731.4273072104,0.0,983122.5550724079
2023-01-19,890731.4273072104,890731.4273072104,0.0,987079.0968831509
2023-01-20,890731.4273072104,890731.4273072104,0.0,996517.5961252188
2023-01-30,890731.4273072104,890731.4273072104,0.0,1009267.1815152823
2023-01-31,890731.4273072104,890731.4273072104,0.0,1013626.7280128994
2023-02-01,890731.4273072104,890731.4273072104,0.0,1027993.3679236642
2023-02-02,890731.4273072104,890731.4273072104,0.0,1029425.1648223014
2023-02-03,890731.4273072104,890731.4273072104,0.0,1026657.9746833367
2023-02-06,890731.4273072104,890731.4273072104,0.0,1023892.2203542606
2023-02-07,890731.4273072104,890731.4273072104,0.0,1029979.658959431
2023-02-08,890731.4273072104,890731.4273072104,0.0,1025010.4823531676
2023-02-09,890731.4273072104,890731.4273072104,0.0,1035597.8978451133
2023-02-10,890731.4273072104,890731.4273072104,0.0,1035075.5683529212
2023-02-13,890731.4273072104,890731.4273072104,0.0,1045310.6124683857
2023-02-14,890731.4273072104,890731.4273072104,0.0,1047198.0035039654
2023-02-15,890731.4273072104,890731.4273072104,0.0,1046953.9464181305
2023-02-16,890731.4273072104,890731.4273072104,0.0,1026192.0206105082
2023-02-17,890731.4273072104,890731.4273072104,0.0,1023514.4985320561
2023-02-20,890731.4273072104,890731.4273072104,0.0,1037682.2679376452
2023-02-21,890731.4273072104,890731.4273072104,0.0,1043458.2432390649
2023-02-22,890731.4273072104,890731.4273072104,0.0,1044320.4571408613
2023-02-23,890731.4273072104,890731.4273072104,0.0,1042507.7012921271
2023-02-24,890731.4273072104,890731.4273072104,0.0,1040068.110737894
2023-02-27,890731.4273072104,890731.4273072104,0.0,1032875.5007099067
2023-02-28,890731.4273072104,890731.4273072104,0.0,1042543.7522985428
2023-03-01,890731.4273072104,890731.4273072104,0.0,1050267.9185157595
2023-03-02,890731.4273072104,890731.4273072104,0.0,1047714.7243912357
2023-03-03,890731.4273072104,890731.4273072104,0.0,1048912.0589934655
2023-03-06,887261.4529611855,0.0,887261.4529611855,1048759.2980846004
2023-03-07,884599.6686023024,884599.6686023024,0.0,1029748.6047016007
2023-03-08,884599.6686023024,884599.6686023024,0.0,1035840.1888975293
2023-03-09,884599.6686023024,884599.6686023024,0.0,1033011.8344622017
2023-03-10,884599.6686023024,884599.6686023024,0.0,1016716.3247149428
2023-03-13,884599.6686023024,884599.6686023024,0.0,1019909.3557594747
2023-03-14,884599.6686023024,884599.6686023024,0.0,1006867.3645540434
2023-03-15,884599.6686023024,884599.6686023024,0.0,1017991.7202274764
2023-03-16,884599.6686023024,884599.6686023024,0.0,1002225.8793770216
2023-03-17,884599.6686023024,884599.6686023024,0.0,1008214.5886681313
2023-03-20,877871.9217026167,0.0,877871.9217026167,1004154.0950586032
2023-03-21,875238.3059375089,875238.3059375089,0.0,1017875.3979236712
2023-03-22,875238.3059375089,875238.3059375089,0.0,1022657.9501170567
2023-03-23,875238.3059375089,875238.3059375089,0.0,1022695.398503916
2023-03-24,875238.3059375089,875238.3059375089,0.0,1022183.5669404025
2023-03-27,875238.3059375089,875238.3059375089,0.0,1019248.0164413389
2023-03-28,875238.3059375089,875238.3059375089,0.0,1013585.3950096272
2023-03-29,875238.3059375089,875238.3059375089,0.0,1007779.579966994
2023-03-30,875238.3059375089,875238.3059375089,0.0,1005365.882872612
2023-03-31,875238.3059375089,875238.3059375089,0.0,1015006.9373094601
2023-04-03,874334.8802409191,0.0,874334.8802409191,1022858.9190844812
2023-04-04,859398.5186034752,0.0,859398.5186034752,1014765.8071354657
2023-04-06,851981.3353081772,0.0,851981.3353081772,1010996.8752927674
2023-04-07,862923.128729616,0.0,862923.128729616,1018897.5408782912
2023-04-10,854843.1252322911,0.0,854843.1252322911,1007760.3814065434
2023-04-11,852173.0396892398,0.0,852173.0396892398,1009785.9797016806
2023-04-12,852409.8336379849,0.0,852409.8336379849,1015715.1834821163
2023-04-13,853668.434067013,0.0,853668.434067013,1012652.8241942094
2023-04-14,853931.9909679407,0.0,853931.9909679407,1014663.2316971369
2023-04-17,858174.8493234161,0.0,858174.8493234161,1018590.3673087693
2023-04-18,852215.4285331472,0.0,852215.4285331472,1014673.5201849948
2023-04-19,844351.938463385,0.0,844351.938463385,1009128.1727635446
2023-04-20,830296.2634351503,0.0,830296.2634351503,1003271.8747593618
2023-04-21,814032.396941807,0.0,814032.396941807,979820.6818943929
2023-04-24,811654.6882824004,790191.8444761133,21462.843806287,975506.0079895778
2023-04-25,811654.6882824004,790191.8444761133,21462.843806287,958212.9949478412
2023-04-26,811654.6882824004,790191.8444761133,21462.843806287,966985.041291535
2023-04-27,811654.6882824004,790191.8444761133,21462.843806287,969155.896037376
2023-04-28,811654.6882824004,790191.8444761133,21462.843806287,986079.5960581029
2023-05-04,811654.6882824004,790191.8444761133,21462.843806287,994850.8573644988
2023-05-05,797632.1129284496,0.0,797632.1129284496,988449.8670609313
2023-05-08,795303.605121083,773840.7613147959,21462.843806287,993811.6110790728
2023-05-09,795303.605121083,773840.7613147959,21462.843806287,981244.8405488988
2023-05-10,795303.605121083,773840.7613147959,21462.843806287,983456.3653268034
2023-05-11,795303.605121083,773840.7613147959,21462.843806287,988526.0787133138
2023-05-12,795303.605121083,773840.7613147959,21462.843806287,979154.3230751301
2023-05-15,795303.605121083,773840.7613147959,21462.843806287,985643.7667224344
2023-05-16,795303.605121083,773840.7613147959,21462.843806287,976296.5929435213
2023-05-17,795303.605121083,773840.7613147959,21462.843806287,982435.1151190774
2023-05-18,795303.605121083,773840.7613147959,21462.843806287,984357.6418645497
2023-05-19,790567.5867215061,0.0,790567.5867215061,983169.5766201959
2023-05-22,788260.2724927606,766797.4286864735,21462.843806287,987226.4636045326
2023-05-23,788260.2724927606,766797.4286864735,21462.843806287,978684.3130802145
2023-05-24,788260.2724927606,766797.4286864735,21462.843806287,974297.7370826028
2023-05-25,788260.2724927606,766797.4286864735,21462.843806287,972124.7323276767
2023-05-26,788260.2724927606,766797.4286864735,21462.843806287,975955.5322057401
2023-05-29,788260.2724927606,766797.4286864735,21462.843806287,971149.9155282411
2023-05-30,788260.2724927606,766797.4286864735,21462.843806287,974213.7092960397
2023-05-31,788260.2724927606,766797.4286864735,21462.843806287,971026.1145911709
2023-06-01,788260.2724927606,766797.4286864735,21462.843806287,972764.5041241426
2023-06-02,795783.423435303,0.0,795783.423435303,982727.7030768339
2023-06-05,810011.9563336446,0.0,810011.9563336446,986990.5473595991
2023-06-06,802358.4562427417,0.0,802358.4562427417,970415.6270653517
2023-06-07,806830.9372996021,0.0,806830.9372996021,974143.215037791
2023-06-08,805671.412736782,0.0,805671.412736782,972262.286510469
2023-06-09,808153.2386266259,0.0,808153.2386266259,975732.4071864659
2023-06-12,810956.7883849407,0.0,810956.7883849407,983049.2207146899
2023-06-13,809346.7656630415,0.0,809346.7656630415,985421.6118264047
2023-06-14,812817.9389813764,0.0,812817.9389813764,987182.637176197
2023-06-15,813116.249571904,0.0,813116.249571904,991147.1812265413
2023-06-16,810823.7482679943,761874.5999992987,48949.14826869559,997384.8073470213
2023-06-19,810823.7482679943,761874.5999992987,48949.14826869559,993173.8908473883
2023-06-20,810823.7482679943,761874.5999992987,48949.14826869559,987352.408675991
2023-06-21,810823.7482679943,761874.5999992987,48949.14826869559,975883.8761216202
2023-06-26,810823.7482679943,761874.5999992987,48949.14826869559,961661.3135100809
2023-06-27,810823.7482679943,761874.5999992987,48949.14826869559,981452.6739788976
2023-06-28,810823.7482679943,761874.5999992987,48949.14826869559,981486.524760847
2023-06-29,810823.7482679943,761874.5999992987,48949.14826869559,987351.7564251596
2023-06-30,810823.7482679943,761874.5999992987,48949.14826869559,998781.5344509628
2023-07-03,811653.4348225284,761874.5999992987,49778.83482322969,1005938.5343506117
2023-07-04,814031.3653209934,0.0,814031.3653209934,1009908.1035237081
2023-07-05,809077.8945966014,0.0,809077.8945966014,1004866.0265909539
2023-07-06,806903.1033928987,722755.6100305046,84147.49336239409,1003666.6575895359
2023-07-07,806903.1033928987,722755.6100305046,84147.49336239409,1001252.7041375173
2023-07-10,806903.1033928987,722755.6100305046,84147.49336239409,1003242.2876311505
2023-07-11,806903.1033928987,722755.6100305046,84147.49336239409,1010121.9925214897
2023-07-12,806903.1033928987,722755.6100305046,84147.49336239409,1000381.8049200814
2023-07-13,806903.1033928987,722755.6100305046,84147.49336239409,1008364.4147436863
2023-07-14,806903.1033928987,722755.6100305046,84147.49336239409,1007065.1923170193
2023-07-17,806903.1033928987,722755.6100305046,84147.49336239409,1005069.8873363849
2023-07-18,806903.1033928987,722755.6100305046,84147.49336239409,1007002.0007503757
2023-07-19,806903.1033928987,722755.6100305046,84147.49336239409,1007425.9509982024
2023-07-20,806903.1033928987,722755.6100305046,84147.49336239409,999013.6611083741
2023-07-21,806903.1033928987,722755.6100305046,84147.49336239409,999014.9900511788
2023-07-24,806903.1033928987,722755.6100305046,84147.49336239409,998557.3347948809
2023-07-25,806903.1033928987,722755.6100305046,84147.49336239409,1015385.7634859991
2023-07-26,806903.1033928987,722755.6100305046,84147.49336239409,1013420.3414805374
2023-07-27,806903.1033928987,722755.6100305046,84147.49336239409,1008082.1137248212
2023-07-28,806903.1033928987,722755.6100305046,84147.49336239409,1017847.4396808106
2023-07-31,806903.1033928987,722755.6100305046,84147.49336239409,1028573.0917540097
2023-08-01,806903.1033928987,722755.6100305046,84147.49336239409,1027099.1299474419
2023-08-02,806903.1033928987,722755.6100305046,84147.49336239409,1025587.0289299482
2023-08-03,806903.1033928987,722755.6100305046,84147.49336239409,1025433.8877603759
2023-08-04,806903.1033928987,722755.6100305046,84147.49336239409,1024766.1033799518
2023-08-07,806903.1033928987,722755.6100305046,84147.49336239409,1018078.0655819623
2023-08-08,806903.1033928987,722755.6100305046,84147.49336239409,1016163.7929167969
2023-08-09,806903.1033928987,722755.6100305046,84147.49336239409,1007460.8016626001
2023-08-10,806903.1033928987,722755.6100305046,84147.49336239409,1011128.0300839476
2023-08-11,806903.1033928987,722755.6100305046,84147.49336239409,994640.0902256176
2023-08-14,806903.1033928987,722755.6100305046,84147.49336239409,998132.74103846
2023-08-15,805784.0362224131,0.0,805784.0362224131,993815.2787209975
2023-08-16,802739.7727550422,0.0,802739.7727550422,986635.6204288916
2023-08-17,813579.5756808016,0.0,813579.5756808016,997805.0566272994
2023-08-18,814686.76505347,0.0,814686.76505347,983306.9918011146
2023-08-21,808693.3957199785,0.0,808693.3957199785,976394.5142053572
2023-08-22,806568.6707001242,706116.9482649496,100451.72243517457,977893.1145829515
2023-08-23,805149.6525392605,706116.9482649496,99032.7042743109,962507.6962757836
2023-08-24,804454.6232359803,706116.9482649496,98337.67497103073,961531.3636448117
2023-08-25,803918.8714813686,706116.9482649496,97801.92321641895,947068.5208830326
2023-08-28,803803.0332641552,706116.9482649496,97686.08499920559,958303.9958419201
2023-08-29,830684.2489080578,0.0,830684.2489080578,983100.3039415132
2023-08-30,838636.4100086383,0.0,838636.4100086383,984814.3835876713
2023-08-31,834260.5378251009,0.0,834260.5378251009,978305.9619741
2023-09-01,839871.8187396459,0.0,839871.8187396459,982533.1437340061
2023-09-04,851756.2549307386,0.0,851756.2549307386,998869.6230326215
2023-09-05,849701.6185662104,0.0,849701.6185662104,992819.7682203356
2023-09-06,854628.1220306186,0.0,854628.1220306186,994879.9455715686
2023-09-07,844383.6531131418,0.0,844383.6531131418,979995.8650808224
2023-09-08,846077.3087645265,0.0,846077.3087645265,980156.1054091812
2023-09-11,843791.5193183202,759644.0259559262,84147.49336239409,989309.9632087252
2023-09-12,843269.3592697057,0.0,843269.3592697057,989289.3463880946
2023-09-13,841946.248231177,0.0,841946.248231177,980683.3991701507
2023-09-14,838992.9202134517,0.0,838992.9202134517,975645.1510037521
2023-09-15,843270.1372024206,0.0,843270.1372024206,978390.1221327215
2023-09-18,852302.7380230238,0.0,852302.7380230238,985588.7585456164
2023-09-19,849998.2722890421,765850.7789266481,84147.49336239409,978602.5519827892
2023-09-20,849998.2722890421,765850.7789266481,84147.49336239409,972598.4603941095
2023-09-21,849998.2722890421,765850.7789266481,84147.49336239409,965472.7524878146
2023-09-22,849998.2722890421,765850.7789266481,84147.49336239409,979230.4446864073
2023-09-25,849998.2722890421,765850.7789266481,84147.49336239409,973705.819960532
2023-09-26,845477.1868744342,0.0,845477.1868744342,968877.7399025097
2023-09-27,844897.7287293858,0.0,844897.7287293858,972153.7113583523
2023-09-28,849619.5922166575,0.0,849619.5922166575,980689.6509112245
2023-10-09,833489.3913947325,0.0,833489.3913947325,974367.1227157335
2023-10-10,829291.9472610246,0.0,829291.9472610246,971064.2119319158
2023-10-11,829017.6915094138,0.0,829017.6915094138,969890.5323168484
2023-10-12,833978.6302162559,0.0,833978.6302162559,977038.6583091065
2023-10-13,825135.2470388791,0.0,825135.2470388791,969741.3502909017
2023-10-16,821846.3093509666,0.0,821846.3093509666,966945.1263533613
2023-10-17,823913.6669772102,0.0,823913.6669772102,965321.1874734138
2023-10-18,805203.8318671853,0.0,805203.8318671853,949815.940627254
2023-10-19,797821.5701110156,0.0,797821.5701110156,939691.3270443134
2023-10-20,795680.5478807697,711533.0545183757,84147.49336239409,934250.4321903093
2023-10-23,795680.5478807697,711533.0545183757,84147.49336239409,913689.5201633482
2023-10-24,795680.5478807697,711533.0545183757,84147.49336239409,933970.2424142738
2023-10-25,795680.5478807697,711533.0545183757,84147.49336239409,947626.3840019244
2023-10-26,795680.5478807697,711533.0545183757,84147.49336239409,950021.8633320063
2023-10-27,795680.5478807697,711533.0545183757,84147.49336239409,963867.5329897443
2023-10-30,795680.5478807697,711533.0545183757,84147.49336239409,971841.1802228064
2023-10-31,795680.5478807697,711533.0545183757,84147.49336239409,969307.7360366072
2023-11-01,798647.119065426,0.0,798647.119065426,972041.9217757453
2023-11-02,799683.141074587,0.0,799683.141074587,964654.4739735052
2023-11-03,806812.1501226178,0.0,806812.1501226178,973080.7766296964
2023-11-06,810335.0027851198,0.0,810335.0027851198,988304.9603319434
2023-11-07,813126.0579315345,0.0,813126.0579315345,992063.3734315715
2023-11-08,810677.6921082012,0.0,810677.6921082012,992799.5840886639
2023-11-09,807769.7042758862,0.0,807769.7042758862,987840.1466863479
2023-11-10,812244.8945459146,0.0,812244.8945459146,986816.1657316206
2023-11-13,817374.5016267113,0.0,817374.5016267113,995569.5919919705
2023-11-14,818354.939172731,0.0,818354.939172731,999092.4836770956
2023-11-15,816408.4397492383,0.0,816408.4397492383,1005225.9669504531
2023-11-16,815227.408468737,0.0,815227.408468737,999428.3727928075
2023-11-17,818212.824899151,0.0,818212.824899151,1006047.7466400691
2023-11-20,824123.310027645,0.0,824123.310027645,1014881.2132332863
2023-11-21,827718.9543595462,0.0,827718.9543595462,1013324.7308073483
2023-11-22,829002.8739932623,0.0,829002.8739932623,1006151.952277617
2023-11-23,830756.3867547482,0.0,830756.3867547482,1015092.8503187244
2023-11-24,825006.7393066273,0.0,825006.7393066273,1006635.6199668131
2023-11-27,822130.204074309,0.0,822130.204074309,1004445.4614017728
2023-11-28,826680.8779537968,0.0,826680.8779537968,1010882.0001335918
2023-11-29,821718.4783030737,0.0,821718.4783030737,1005297.9198972365
2023-11-30,821281.75965141,0.0,821281.75965141,1002071.1744180128
2023-12-01,822457.9069505128,0.0,822457.9069505128,1007302.1631000292
2023-12-04,824301.6295124749,0.0,824301.6295124749,1008830.1591840143
2023-12-05,813563.1800925599,0.0,813563.1800925599,993452.6800124298
2023-12-06,811374.9330323694,727227.4396699753,84147.49336239409,998488.8620150395
2023-12-07,811374.9330323694,727227.4396699753,84147.49336239409,995535.0014996168
2023-12-08,811374.9330323694,727227.4396699753,84147.49336239409,983915.8211610209
2023-12-11,811374.9330323694,727227.4396699753,84147.49336239409,993950.9214420696
2023-12-12,811374.9330323694,727227.4396699753,84147.49336239409,1000643.4305024286
2023-12-13,808535.455352773,0.0,808535.455352773,995042.4305614968
2023-12-14,809188.2450048438,0.0,809188.2450048438,994518.8626909234
2023-12-15,807013.122749916,722865.629387522,84147.49336239409,991537.3539904677
2023-12-18,807013.122749916,722865.629387522,84147.49336239409,979304.1175900399
2023-12-19,807013.122749916,722865.629387522,84147.49336239409,977815.2701990001
2023-12-20,807013.122749916,722865.629387522,84147.49336239409,966957.4802480148
2023-12-21,807013.122749916,722865.629387522,84147.49336239409,974420.890095029
2023-12-22,807013.122749916,722865.629387522,84147.49336239409,963125.2768093157
2023-12-25,807013.122749916,722865.629387522,84147.49336239409,959507.7386876475
2023-12-26,807013.122749916,722865.629387522,84147.49336239409,949470.636026385
2023-12-27,814840.8169171811,0.0,814840.8169171811,955967.1056819146
2023-12-28,828446.2246762941,0.0,828446.2246762941,971835.2122672868
2023-12-29,838879.4452201254,0.0,838879.4452201254,983676.0467826235
2024-01-02,845207.6731170169,0.0,845207.6731170169,988581.8313031284
2024-01-03,848177.2899292023,0.0,848177.2899292023,987966.84301221
2024-01-04,853166.5762156247,0.0,853166.5762156247,985647.8607253607
2024-01-05,843372.3375695089,0.0,843372.3375695089,970781.2207519317
2024-01-08,830919.465559987,0.0,830919.465559987,954007.2187296227
2024-01-09,827322.8446092382,730572.7690758297,96750.07553340861,959858.2018426692
2024-01-10,827117.9969838437,730572.7690758297,96545.22790801404,953271.4351279829
2024-01-11,827080.8037802068,742933.3104178128,84147.49336239409,965978.7250757013
2024-01-12,827080.8037802068,742933.3104178128,84147.49336239409,960867.2738601076
2024-01-15,827080.8037802068,742933.3104178128,84147.49336239409,961361.7809311553
2024-01-16,827080.8037802068,742933.3104178128,84147.49336239409,957591.8997900938
2024-01-17,827080.8037802068,742933.3104178128,84147.49336239409,935909.864685304
2024-01-18,827080.8037802068,742933.3104178128,84147.49336239409,928662.0880555745
2024-01-19,827080.8037802068,742933.3104178128,84147.49336239409,919728.7387879187
2024-01-22,827080.8037802068,742933.3104178128,84147.49336239409,869351.7847470746
2024-01-23,827080.8037802068,742933.3104178128,84147.49336239409,872467.6938534848
2024-01-24,827080.8037802068,742933.3104178128,84147.49336239409,889219.8989206132
2024-01-25,849091.2691872466,0.0,849091.2691872466,920332.5046536932
2024-01-26,850897.8350667064,0.0,850897.8350667064,921947.2885123872
2024-01-29,831167.1093401304,0.0,831167.1093401304,897356.1513314007
2024-01-30,828926.0504921972,744778.5571298031,84147.49336239409,870513.9369400364
2024-01-31,828926.0504921972,744778.5571298031,84147.49336239409,833460.0992739431
2024-02-01,828926.0504921972,744778.5571298031,84147.49336239409,819523.0219985929
2024-02-02,828926.0504921972,744778.5571298031,84147.49336239409,788885.3920360184
2024-02-05,828926.0504921972,744778.5571298031,84147.49336239409,735474.7521490264
2024-02-06,828926.0504921972,744778.5571298031,84147.49336239409,748633.1827367992
2024-02-07,828926.0504921972,744778.5571298031,84147.49336239409,744036.310761704
2024-02-08,857652.6705385498,0.0,857652.6705385498,782475.5530431325
2024-02-19,884290.3248761216,0.0,884290.3248761216,805488.0543116629
2024-02-20,900368.6320684936,0.0,900368.6320684936,814906.4115066039
2024-02-21,897919.9686523752,813772.4752899811,84147.49336239409,828205.5023677424
2024-02-22,897919.9686523752,813772.4752899811,84147.49336239409,844217.8623179608
2024-02-23,897919.9686523752,813772.4752899811,84147.49336239409,862721.8583908807
2024-02-26,897919.9686523752,813772.4752899811,84147.49336239409,872093.733040777
2024-02-27,897919.9686523752,813772.4752899811,84147.49336239409,893079.5938460955
2024-02-28,897919.9686523752,813772.4752899811,84147.49336239409,848480.5494310497
2024-02-29,897919.9686523752,813772.4752899811,84147.49336239409,875467.9300961767
2024-03-01,895741.5001127793,0.0,895741.5001127793,882246.1045944501
2024-03-04,899481.516690922,0.0,899481.516690922,882945.840342625
2024-03-05,900668.1178835522,0.0,900668.1178835522,872318.9128948663
2024-03-06,907432.8990177936,0.0,907432.8990177936,880272.6332478264
2024-03-07,907028.6012761763,0.0,907028.6012761763,875995.2223544355
2024-03-08,910338.2870803137,0.0,910338.2870803137,883441.4506627828
2024-03-11,907859.7146991597,823712.2213367657,84147.49336239409,898643.3162619929
2024-03-12,907859.7146991597,823712.2213367657,84147.49336239409,907953.1115701757
2024-03-13,907859.7146991597,823712.2213367657,84147.49336239409,908339.8211377496
2024-03-14,907859.7146991597,823712.2213367657,84147.49336239409,905428.7343921544
2024-03-15,907859.7146991597,823712.2213367657,84147.49336239409,917538.2507436157
2024-03-18,907859.7146991597,823712.2213367657,84147.49336239409,932586.7597618887
2024-03-19,907859.7146991597,823712.2213367657,84147.49336239409,929802.1384641964
2024-03-20,907859.7146991597,823712.2213367657,84147.49336239409,939247.0095099735
2024-03-21,907859.7146991597,823712.2213367657,84147.49336239409,942123.3413668709
2024-03-22,907859.7146991597,823712.2213367657,84147.49336239409,929716.9049451918
2024-03-25,907859.7146991597,823712.2213367657,84147.49336239409,911894.279137002
2024-03-26,907859.7146991597,823712.2213367657,84147.49336239409,913145.4634777751
2024-03-27,907859.7146991597,823712.2213367657,84147.49336239409,888382.1202044585
2024-03-28,907859.7146991597,823712.2213367657,84147.49336239409,904521.1556886899
2024-03-29,907859.7146991597,823712.2213367657,84147.49336239409,915069.1557267497
2024-04-01,907859.7146991597,823712.2213367657,84147.49336239409,934033.6755130951
2024-04-02,907859.7146991597,823712.2213367657,84147.49336239409,934873.7657703713
2024-04-03,907859.7146991597,823712.2213367657,84147.49336239409,931376.3449109468
2024-04-08,907859.7146991597,823712.2213367657,84147.49336239409,914454.1105861372
2024-04-09,907859.7146991597,823712.2213367657,84147.49336239409,924696.6515999461
2024-04-10,907859.7146991597,823712.2213367657,84147.49336239409,908038.868768117
2024-04-11,907859.7146991597,823712.2213367657,84147.49336239409,911170.9587973331
2024-04-12,907859.7146991597,823712.2213367657,84147.49336239409,905137.7591788184
2024-04-15,907859.7146991597,823712.2213367657,84147.49336239409,880027.2571024105
2024-04-16,840801.7226450802,0.0,840801.7226450802,830519.6789371873
2024-04-17,838531.7599572319,754384.2665948379,84147.49336239409,870080.4849450995
2024-04-18,838531.7599572319,754384.2665948379,84147.49336239409,869874.609450008
2024-04-19,838531.7599572319,754384.2665948379,84147.49336239409,865504.8494926214
2024-04-22,838531.7599572319,754384.2665948379,84147.49336239409,857820.6904204603
2024-04-23,838531.7599572319,754384.2665948379,84147.49336239409,858652.1738182793
2024-04-24,838531.7599572319,754384.2665948379,84147.49336239409,870996.9247872563
2024-04-25,838531.7599572319,754384.2665948379,84147.49336239409,874944.8196370509
2024-04-26,838531.7599572319,754384.2665948379,84147.49336239409,885996.6859264778
2024-04-29,838531.7599572319,754384.2665948379,84147.49336239409,908234.811750345
2024-04-30,831913.875124825,0.0,831913.875124825,903594.427150352
2024-05-06,852496.7315348036,0.0,852496.7315348036,922106.5461328404
2024-05-07,854655.1200520137,0.0,854655.1200520137,926019.8832232782
2024-05-08,852391.3699947135,752319.6023761292,100071.76761858424,914460.0090703389
2024-05-09,852391.3699947135,752319.6023761292,100071.76761858424,926138.6533575273
2024-05-10,852391.3699947135,752319.6023761292,100071.76761858424,920869.9514707275
2024-05-13,852391.3699947135,752319.6023761292,100071.76761858424,909551.9127382039
2024-05-14,852391.3699947135,752319.6023761292,100071.76761858424,916769.8166608756
2024-05-15,852391.3699947135,752319.6023761292,100071.76761858424,911286.9813400483
2024-05-16,852391.3699947135,752319.6023761292,100071.76761858424,914480.9514793368
2024-05-17,852391.3699947135,752319.6023761292,100071.76761858424,925023.7533188865
2024-05-20,852391.3699947135,752319.6023761292,100071.76761858424,928118.555746317
2024-05-21,852391.3699947135,752319.6023761292,100071.76761858424,919232.5937474201
2024-05-22,852391.3699947135,752319.6023761292,100071.76761858424,920412.1693147743
2024-05-23,852391.3699947135,752319.6023761292,100071.76761858424,900047.6533407347
2024-05-24,852391.3699947135,752319.6023761292,100071.76761858424,893502.8048988428
2024-05-27,852391.3699947135,752319.6023761292,100071.76761858424,898327.7929366417
2024-05-28,852391.3699947135,752319.6023761292,100071.76761858424,888280.2312696876
2024-05-29,852391.3699947135,752319.6023761292,100071.76761858424,889755.1132315999
2024-05-30,852391.3699947135,752319.6023761292,100071.76761858424,882273.783941193
2024-05-31,852391.3699947135,752319.6023761292,100071.76761858424,884963.2315603617
2024-06-03,852391.3699947135,752319.6023761292,100071.76761858424,867903.3193306733
2024-06-04,852391.3699947135,752319.6023761292,100071.76761858424,865227.0742569831
2024-06-05,852391.3699947135,752319.6023761292,100071.76761858424,848102.7628083165
2024-06-06,852391.3699947135,752319.6023761292,100071.76761858424,821005.002873698
2024-06-07,852391.3699947135,752319.6023761292,100071.76761858424,836051.1676937636
2024-06-11,852391.3699947135,752319.6023761292,100071.76761858424,835790.6137870203
2024-06-12,852391.3699947135,752319.6023761292,100071.76761858424,845956.7817912498
2024-06-13,852391.3699947135,752319.6023761292,100071.76761858424,838053.7244736742
2024-06-14,852391.3699947135,752319.6023761292,100071.76761858424,840416.0402942304
2024-06-17,849259.0840824674,0.0,849259.0840824674,834590.3957110649
2024-06-18,854179.3515060697,0.0,854179.3515060697,843562.5584306698
2024-06-19,855671.8140854116,0.0,855671.8140854116,838046.7053775948
2024-06-20,836997.3453818905,0.0,836997.3453818905,819574.4879049228
2024-06-21,829418.2042371299,0.0,829418.2042371299,819502.6325535623
2024-06-24,827281.3568565816,710145.6128022843,117135.74405429736,792849.0846514663
2024-06-25,827281.3568565816,710145.6128022843,117135.74405429736,795056.2119126349
2024-06-26,827281.3568565816,710145.6128022843,117135.74405429736,813361.623833213
2024-06-27,827281.3568565816,710145.6128022843,117135.74405429736,799007.6334688887
2024-06-28,827281.3568565816,710145.6128022843,117135.74405429736,802541.1586652213
2024-07-01,829202.003834778,0.0,829202.003834778,812504.9716425878
2024-07-02,839625.6169968217,0.0,839625.6169968217,813563.4129888469
2024-07-03,850319.3424469819,0.0,850319.3424469819,809043.6142956691
2024-07-04,848166.7019145918,715394.2035977201,132772.4983168717,789454.8979105599
2024-07-05,848166.7019145918,715394.2035977201,132772.4983168717,796873.6768385677
2024-07-08,848166.7019145918,715394.2035977201,132772.4983168717,776794.6680914641
2024-07-09,848118.9290918233,731270.7050311418,116848.22406068153,787532.0832314912
2024-07-10,848118.9290918233,731270.7050311418,116848.22406068153,779944.2333650629
2024-07-11,848118.9290918233,731270.7050311418,116848.22406068153,802793.3749414613
2024-07-12,848118.9290918233,731270.7050311418,116848.22406068153,801852.6952308194
2024-07-15,843982.6603692814,0.0,843982.6603692814,792025.344514431
2024-07-16,842822.960321971,0.0,842822.960321971,791860.8900614867
2024-07-17,846853.8078908017,0.0,846853.8078908017,785583.8805404174
2024-07-18,849992.589764546,0.0,849992.589764546,786187.8548004857
2024-07-19,854632.8704628082,0.0,854632.8704628082,787996.6668570848
2024-07-22,848422.0000921126,0.0,848422.0000921126,789538.8874843593
2024-07-23,834121.677312237,0.0,834121.677312237,775564.3416320372
2024-07-24,831969.8569524823,715121.6328918007,116848.22406068153,764773.9122625748
2024-07-25,831969.8569524823,715121.6328918007,116848.22406068153,768502.9551324901
2024-07-26,831969.8569524823,715121.6328918007,116848.22406068153,781119.0289754356
2024-07-29,824700.0187333594,0.0,824700.0187333594,782173.272576426
2024-07-30,822576.4633493413,705728.2392886598,116848.22406068153,786811.1136781225
2024-07-31,822576.4633493413,705728.2392886598,116848.22406068153,811956.0009448703
2024-08-01,822576.4633493413,705728.2392886598,116848.22406068153,812383.3268787101
2024-08-02,822576.4633493413,705728.2392886598,116848.22406068153,805187.934080511
2024-08-05,822576.4633493413,705728.2392886598,116848.22406068153,789525.7058349702
2024-08-06,822576.4633493413,705728.2392886598,116848.22406068153,802174.9405960832
2024-08-07,822576.4633493413,705728.2392886598,116848.22406068153,801811.3631254068
2024-08-08,822576.4633493413,705728.2392886598,116848.22406068153,802726.5104887368
2024-08-09,822576.4633493413,705728.2392886598,116848.22406068153,797137.5432051694
2024-08-12,814820.9581074594,0.0,814820.9581074594,791346.0340320132
2024-08-13,816590.2500597164,0.0,816590.2500597164,795361.3309367873
2024-08-14,811314.5877521572,0.0,811314.5877521572,790466.7050135712
2024-08-15,815927.6397077241,0.0,815927.6397077241,796258.3810443402
2024-08-16,813185.1975404415,0.0,813185.1975404415,789777.980734693
2024-08-19,818067.3063937866,0.0,818067.3063937866,789094.3218198773
2024-08-20,810036.1310792073,0.0,810036.1310792073,776089.115240386
2024-08-21,808300.2574569754,0.0,808300.2574569754,773806.8659224256
2024-08-22,806268.1832188161,675326.005148414,130942.17807040195,763801.7824280468
2024-08-23,806268.1832188161,675326.005148414,130942.17807040195,761120.6782690567
2024-08-26,808362.969014201,0.0,808362.969014201,768975.5075214657
2024-08-27,805099.4346158074,0.0,805099.4346158074,759980.2127023196
2024-08-28,803923.2324454404,0.0,803923.2324454404,763065.2001132553
2024-08-29,801904.2892823152,670962.1112119132,130942.17807040195,772186.0098608778
2024-08-30,801904.2892823152,670962.1112119132,130942.17807040195,785618.4139784969
2024-09-02,801904.2892823152,670962.1112119132,130942.17807040195,775450.0272633971
2024-09-03,801904.2892823152,670962.1112119132,130942.17807040195,782364.1004310678
2024-09-04,801904.2892823152,670962.1112119132,130942.17807040195,777176.4056337593
2024-09-05,801904.2892823152,670962.1112119132,130942.17807040195,784128.7949688002
2024-09-06,801904.2892823152,670962.1112119132,130942.17807040195,772988.3336255125
2024-09-09,801904.2892823152,670962.1112119132,130942.17807040195,771119.8922351752
2024-09-10,801904.2892823152,670962.1112119132,130942.17807040195,773051.5835541209
2024-09-11,801904.2892823152,670962.1112119132,130942.17807040195,768398.6981842384
2024-09-12,801904.2892823152,670962.1112119132,130942.17807040195,767647.4625058235
2024-09-13,801904.2892823152,670962.1112119132,130942.17807040195,760140.0826520151
2024-09-18,801904.2892823152,670962.1112119132,130942.17807040195,757093.0941947362
2024-09-19,801904.2892823152,670962.1112119132,130942.17807040195,775030.5265523419
2024-09-20,801904.2892823152,670962.1112119132,130942.17807040195,773741.6673287216
2024-09-23,801904.2892823152,670962.1112119132,130942.17807040195,775996.4955623915
2024-09-24,801904.2892823152,670962.1112119132,130942.17807040195,802689.0801274452
2024-09-25,801904.2892823152,670962.1112119132,130942.17807040195,812588.3171611136
2024-09-26,801904.2892823152,670962.1112119132,130942.17807040195,841014.5747957359
2024-09-27,801904.2892823152,670962.1112119132,130942.17807040195,875011.0288110614
2024-09-30,801904.2892823152,670962.1112119132,130942.17807040195,948505.1805529731
2024-10-08,801904.2892823152,670962.1112119132,130942.17807040195,991857.9650980158
2024-10-09,801904.2892823152,670962.1112119132,130942.17807040195,916680.8777902325
2024-10-10,801904.2892823152,670962.1112119132,130942.17807040195,920239.7235701777
2024-10-11,801904.2892823152,670962.1112119132,130942.17807040195,892673.721730763
2024-10-14,801904.2892823152,670962.1112119132,130942.17807040195,915233.4928863387
2024-10-15,801904.2892823152,670962.1112119132,130942.17807040195,900671.8947157045
2024-10-16,804632.5620990293,0.0,804632.5620990293,906847.7012015891
2024-10-17,797632.1399046688,0.0,797632.1399046688,898591.4572626422
2024-10-18,813778.6974941565,0.0,813778.6974941565,919891.7475367148
2024-10-21,812365.3227647443,0.0,812365.3227647443,929273.9201274968
2024-10-22,816914.2807841591,0.0,816914.2807841591,944307.2262605429
2024-10-23,818286.2563954354,0.0,818286.2563954354,950358.5576314157
2024-10-24,814763.7989959874,0.0,814763.7989959874,950773.9245156841
2024-10-25,818655.8108833993,0.0,818655.8108833993,970746.5150216062
2024-10-28,822010.3906392105,0.0,822010.3906392105,997876.5018985375
2024-10-29,813983.4475046151,0.0,813983.4475046151,981828.8351476004
2024-10-30,810244.5001955794,0.0,810244.5001955794,987084.7995830537
2024-10-31,812997.8257662235,0.0,812997.8257662235,1001491.929024317
2024-11-01,815677.5406613264,0.0,815677.5406613264,979929.0598594834
2024-11-04,829451.3038883578,0.0,829451.3038883578,996191.6504701645
2024-11-05,843759.895913425,0.0,843759.895913425,1020662.3171080531
2024-11-06,849796.1648547908,0.0,849796.1648547908,1028039.7831694239
2024-11-07,859247.3068804315,0.0,859247.3068804315,1054013.3987200435
2024-11-08,862389.4215288606,0.0,862389.4215288606,1052461.3760844197
2024-11-11,866996.5333485677,0.0,866996.5333485677,1066923.4678181477
2024-11-12,864225.6135354025,0.0,864225.6135354025,1060079.598314569
2024-11-13,860903.2861913632,0.0,860903.2861913632,1059744.1194647867
2024-11-14,844458.301285743,0.0,844458.301285743,1033670.8001020631
2024-11-15,827751.5838063725,0.0,827751.5838063725,1015754.4429596235
2024-11-18,821170.9417796892,0.0,821170.9417796892,1001660.4466038183
2024-11-19,829846.740513031,0.0,829846.740513031,1020480.6734862839
2024-11-20,827808.3377629038,677429.1806256896,150379.1571372142,1040621.7289510005
2024-11-21,827808.3377629038,677429.1806256896,150379.1571372142,1045527.3682515576
2024-11-22,827808.3377629038,677429.1806256896,150379.1571372142,1013211.09003477
2024-11-25,827808.3377629038,677429.1806256896,150379.1571372142,1025763.4065304461
2024-11-26,827808.3377629038,677429.1806256896,150379.1571372142,1020159.1020976142
2024-11-27,836837.7408832442,0.0,836837.7408832442,1032661.7514487726
2024-11-28,835906.6773924389,0.0,835906.6773924389,1036833.9151217896
2024-11-29,842120.4293187967,0.0,842120.4293187967,1050082.1421202517
2024-12-02,857769.3288998954,0.0,857769.3288998954,1072539.735129101
2024-12-03,863188.8741627297,0.0,863188.8741627297,1076159.7118067124
2024-12-04,857198.3001986917,0.0,857198.3001986917,1062754.1022963494
2024-12-05,868146.4397415506,0.0,868146.4397415506,1074478.6503184927
2024-12-06,879481.7106923615,0.0,879481.7106923615,1087763.9146623223
2024-12-09,874174.552151805,0.0,874174.552151805,1087244.081385789
2024-12-10,874753.1422289007,0.0,874753.1422289007,1092794.4857715827
2024-12-11,876313.1001499959,0.0,876313.1001499959,1110438.547945625
2024-12-12,883148.4925778641,0.0,883148.4925778641,1125248.0084185016
2024-12-13,864598.7573726451,0.0,864598.7573726451,1106294.444011292
2024-12-16,862456.0985719388,712076.9414347246,150379.1571372142,1102808.915794748
2024-12-17,862456.0985719388,712076.9414347246,150379.1571372142,1067276.7098953042
2024-12-18,862456.0985719388,712076.9414347246,150379.1571372142,1071229.2366015713
2024-12-19,862456.0985719388,712076.9414347246,150379.1571372142,1068454.8293638895
2024-12-20,862456.0985719388,712076.9414347246,150379.1571372142,1074744.0712931445
2024-12-23,862456.0985719388,712076.9414347246,150379.1571372142,1035722.2548595056
2024-12-24,862456.0985719388,712076.9414347246,150379.1571372142,1044928.9306220269
2024-12-25,860151.7882231434,0.0,860151.7882231434,1026830.1631595452
2024-12-26,862381.7181863153,0.0,862381.7181863153,1036259.0759617522
2024-12-27,860245.7105031679,709866.5533659537,150379.1571372142,1046993.5524455485
2024-12-30,860245.7105031679,709866.5533659537,150379.1571372142,1037570.900499589
2024-12-31,860245.7105031679,709866.5533659537,150379.1571372142,1016517.9218909987
2025-01-02,860245.7105031679,709866.5533659537,150379.1571372142,1000352.7487139496
2025-01-03,860245.7105031679,709866.5533659537,150379.1571372142,967188.6162554614
2025-01-06,860245.7105031679,709866.5533659537,150379.1571372142,963584.4204271045
2025-01-07,860245.7105031679,709866.5533659537,150379.1571372142,980036.0195358144
2025-01-08,860245.7105031679,709866.5533659537,150379.1571372142,979514.9809272
2025-01-09,860187.3995659675,729245.2214955655,130942.17807040195,980895.489290898
2025-01-10,860187.3995659675,729245.2214955655,130942.17807040195,956428.8469363565
2025-01-13,860187.3995659675,729245.2214955655,130942.17807040195,956319.4156587551
2025-01-14,860187.3995659675,729245.2214955655,130942.17807040195,995093.6314700488
2025-01-15,860187.3995659675,729245.2214955655,130942.17807040195,993139.0780138851
2025-01-16,860187.3995659675,729245.2214955655,130942.17807040195,1000796.0361211901
2025-01-17,860187.3995659675,729245.2214955655,130942.17807040195,1001695.7805068325
2025-01-20,860187.3995659675,729245.2214955655,130942.17807040195,1010159.1594354158
2025-01-21,860187.3995659675,729245.2214955655,130942.17807040195,1006659.3990100445
2025-01-22,860187.3995659675,729245.2214955655,130942.17807040195,996166.8480340871
2025-01-23,860187.3995659675,729245.2214955655,130942.17807040195,994343.2868394975
2025-01-24,860187.3995659675,729245.2214955655,130942.17807040195,1001957.1246366838
2025-01-27,860187.3995659675,729245.2214955655,130942.17807040195,996619.9783900834
2025-02-05,860187.3995659675,729245.2214955655,130942.17807040195,1001192.3563195557
2025-02-06,860187.3995659675,729245.2214955655,130942.17807040195,1018537.0291813216
2025-02-07,860187.3995659675,729245.2214955655,130942.17807040195,1031711.1164410267
2025-02-10,860187.3995659675,729245.2214955655,130942.17807040195,1046828.8236635334
2025-02-11,860187.3995659675,729245.2214955655,130942.17807040195,1044917.6761853789
2025-02-12,860187.3995659675,729245.2214955655,130942.17807040195,1053815.9442868982
2025-02-13,860187.3995659675,729245.2214955655,130942.17807040195,1047177.3568226515
2025-02-14,850887.1757836124,0.0,850887.1757836124,1046100.9131501182
2025-02-17,862192.5676446798,0.0,862192.5676446798,1057147.9997958913
2025-02-18,850125.8299035217,0.0,850125.8299035217,1036412.7028162109
2025-02-19,863306.7297444717,0.0,863306.7297444717,1052694.0780607848
2025-02-20,873791.1408280638,0.0,873791.1408280638,1059915.4819082418
2025-02-21,869010.157564499,0.0,869010.157564499,1063539.7365348388
2025-02-24,867210.4918783299,0.0,867210.4918783299,1068119.0060913349
2025-02-25,866553.5584605398,0.0,866553.5584605398,1061942.4318039622
2025-02-26,874310.8641234878,0.0,874310.8641234878,1076603.8085235811
2025-02-27,872167.8060854069,0.0,872167.8060854069,1076633.5721844484
2025-02-28,856953.0700401749,0.0,856953.0700401749,1051255.083661749
2025-03-03,852203.9519085664,0.0,852203.9519085664,1054234.7325656815
2025-03-04,857789.2805415717,0.0,857789.2805415717,1064090.108929763
2025-03-05,860445.954579702,0.0,860445.954579702,1065611.8513087255
2025-03-06,873530.235262552,0.0,873530.235262552,1079552.2656444798
2025-03-07,871545.5350431963,0.0,871545.5350431963,1076320.659031037
2025-03-10,880145.7170077119,0.0,880145.7170077119,1082414.7748484216
2025-03-11,885677.9514555564,0.0,885677.9514555564,1088914.686919723
2025-03-12,892352.0984471003,0.0,892352.0984471003,1094682.1083902651
2025-03-13,882380.5410196297,0.0,882380.5410196297,1086531.7729067106
2025-03-14,890676.8297523827,0.0,890676.8297523827,1102940.1837749416
2025-03-17,900837.5669453583,0.0,900837.5669453583,1109169.240438232
2025-03-18,902804.35579404,0.0,902804.35579404,1113815.8936965147
2025-03-19,897809.1087106258,0.0,897809.1087106258,1110533.1220299343
2025-03-20,900230.0388402882,0.0,900230.0388402882,1111143.9570313317
2025-03-21,887174.337503271,0.0,887174.337503271,1097315.038089061
2025-03-24,868292.5182023979,0.0,868292.5182023979,1082928.117033316
2025-03-25,868045.3054899265,0.0,868045.3054899265,1081206.3231020828
2025-03-26,874850.8374883889,0.0,874850.8374883889,1090556.5778424726
2025-03-27,872964.2550830555,0.0,872964.2550830555,1084609.2510840541
2025-03-28,856512.384819352,0.0,856512.384819352,1070953.4223665006
2025-03-31,853875.8546109466,0.0,853875.8546109466,1057662.3178490417
2025-04-01,863614.051612984,0.0,863614.051612984,1068830.1174304574
2025-04-02,860310.3055137312,0.0,860310.3055137312,1070270.7589343449
2025-04-03,862150.612191637,0.0,862150.612191637,1066919.694846629
2025-04-07,860066.5734134094,692595.5539643391,167471.0194490703,972410.6776937449
2025-04-08,860066.5734134094,692595.5539643391,167471.0194490703,960069.3618322136
2025-04-09,860066.5734134094,692595.5539643391,167471.0194490703,978405.1031599081
2025-04-10,860066.5734134094,692595.5539643391,167471.0194490703,1003096.1713644102
2025-04-11,860066.5734134094,692595.5539643391,167471.0194490703,1008534.1420017015
2025-04-14,873728.1530812695,0.0,873728.1530812695,1027963.9600698851
2025-04-15,872696.299074035,0.0,872696.299074035,1028387.2516276673
2025-04-16,870580.6232351604,703109.60378609,167471.0194490703,1016343.9317554068
2025-04-17,870580.6232351604,703109.60378609,167471.0194490703,1022940.8149792394
2025-04-18,870580.6232351604,703109.60378609,167471.0194490703,1021686.1600597847
2025-04-21,870580.6232351604,703109.60378609,167471.0194490703,1036677.7055100482
2025-04-22,870580.6232351604,703109.60378609,167471.0194490703,1040181.1150946663
2025-04-23,870580.6232351604,703109.60378609,167471.0194490703,1043417.2056441907
2025-04-24,870580.6232351604,703109.60378609,167471.0194490703,1038146.5717869825
2025-04-25,870580.6232351604,703109.60378609,167471.0194490703,1041609.5912949031
2025-04-28,870580.6232351604,703109.60378609,167471.0194490703,1027060.994393185
2025-04-29,870580.6232351604,703109.60378609,167471.0194490703,1033019.2401981521
2025-04-30,870580.6232351604,703109.60378609,167471.0194490703,1038192.4934504429
2025-05-06,870580.6232351604,703109.60378609,167471.0194490703,1062946.5980367102
2025-05-07,870580.6232351604,703109.60378609,167471.0194490703,1071369.1032513448
2025-05-08,870580.6232351604,703109.60378609,167471.0194490703,1080322.8499435992
2025-05-09,870580.6232351604,703109.60378609,167471.0194490703,1072952.389942501
2025-05-12,870580.6232351604,703109.60378609,167471.0194490703,1084240.4795781584
2025-05-13,870580.6232351604,703109.60378609,167471.0194490703,1084305.7743778839
2025-05-14,870580.6232351604,703109.60378609,167471.0194490703,1087832.6274171032
2025-05-15,872034.7293980779,0.0,872034.7293980779,1080498.1662250357
2025-05-16,872163.5594666898,0.0,872163.5594666898,1085089.0264952707
2025-05-19,870049.481846637,702578.4623975666,167471.0194490703,1096686.879306091
2025-05-20,870049.481846637,702578.4623975666,167471.0194490703,1105584.412902985
2025-05-21,870049.481846637,702578.4623975666,167471.0194490703,1103443.3708362412
2025-05-22,870049.481846637,702578.4623975666,167471.0194490703,1091600.846453779
2025-05-23,870049.481846637,702578.4623975666,167471.0194490703,1080333.628966231
2025-05-26,870049.481846637,702578.4623975666,167471.0194490703,1088854.304230934
2025-05-27,870049.481846637,702578.4623975666,167471.0194490703,1093552.9249037218
2025-05-28,870049.481846637,702578.4623975666,167471.0194490703,1091998.5004618086
2025-05-29,870049.481846637,702578.4623975666,167471.0194490703,1105268.6561024096
2025-05-30,870049.481846637,702578.4623975666,167471.0194490703,1093539.5931303683
2025-06-03,870049.481846637,702578.4623975666,167471.0194490703,1100990.4776599517
2025-06-04,870049.481846637,702578.4623975666,167471.0194490703,1113156.5859083463
2025-06-05,870049.481846637,702578.4623975666,167471.0194490703,1113617.7564063
2025-06-06,870049.481846637,702578.4623975666,167471.0194490703,1115902.8198004877
2025-06-09,870049.481846637,702578.4623975666,167471.0194490703,1127115.6536858599
2025-06-10,870049.481846637,702578.4623975666,167471.0194490703,1120087.8672065905
2025-06-11,870049.481846637,702578.4623975666,167471.0194490703,1126752.7652186744
2025-06-12,870049.481846637,702578.4623975666,167471.0194490703,1127193.6109261129
2025-06-13,870049.481846637,702578.4623975666,167471.0194490703,1109365.3357876425
2025-06-16,870049.481846637,702578.4623975666,167471.0194490703,1116023.6247471645
2025-06-17,870049.481846637,702578.4623975666,167471.0194490703,1115954.575813177
2025-06-18,870049.481846637,702578.4623975666,167471.0194490703,1109585.8310925802
2025-06-19,870049.481846637,702578.4623975666,167471.0194490703,1091319.3263693312
2025-06-20,870049.481846637,702578.4623975666,167471.0194490703,1085211.442723397
2025-06-23,870049.481846637,702578.4623975666,167471.0194490703,1099611.3531454194
2025-06-24,870049.481846637,702578.4623975666,167471.0194490703,1118466.3024787293
2025-06-25,870049.481846637,702578.4623975666,167471.0194490703,1127245.5208153499
2025-06-26,870049.481846637,702578.4623975666,167471.0194490703,1125301.8179160287
2025-06-27,872356.1723472651,0.0,872356.1723472651,1130889.7665980118
2025-06-30,879667.8130380269,0.0,879667.8130380269,1142177.0561056305
2025-07-01,882167.3858110921,0.0,882167.3858110921,1147585.9400910663
2025-07-02,880023.2967120059,712552.2772629355,167471.0194490703,1146558.5189524204
2025-07-03,880023.2967120059,712552.2772629355,167471.0194490703,1152119.1115939545
2025-07-04,880023.2967120059,712552.2772629355,167471.0194490703,1144791.6086809854
2025-07-07,880023.2967120059,712552.2772629355,167471.0194490703,1152813.4705381312
2025-07-08,880023.2967120059,712552.2772629355,167471.0194490703,1163978.8166116981
2025-07-09,880023.2967120059,712552.2772629355,167471.0194490703,1163518.895361252
2025-07-10,880023.2967120059,712552.2772629355,167471.0194490703,1169149.1455588061
2025-07-11,879055.688426655,0.0,879055.688426655,1172609.824581375
2025-07-14,876920.9344197223,709449.914970652,167471.0194490703,1177793.8870057424
2025-07-15,876920.9344197223,709449.914970652,167471.0194490703,1165830.021920139
2025-07-16,876920.9344197223,709449.914970652,167471.0194490703,1171965.6498412606
2025-07-17,876920.9344197223,709449.914970652,167471.0194490703,1179733.5442384447
2025-07-18,876920.9344197223,709449.914970652,167471.0194490703,1182506.9003593365
2025-07-21,876920.9344197223,709449.914970652,167471.0194490703,1199169.5784495932
2025-07-22,876920.9344197223,709449.914970652,167471.0194490703,1205158.1203683028
2025-07-23,876920.9344197223,709449.914970652,167471.0194490703,1197107.8707939791
2025-07-24,876920.9344197223,709449.914970652,167471.0194490703,1211106.6624110008
2025-07-25,876920.9344197223,709449.914970652,167471.0194490703,1210539.5862651113
2025-07-28,876920.9344197223,709449.914970652,167471.0194490703,1212477.4014635123
2025-07-29,876920.9344197223,709449.914970652,167471.0194490703,1212213.4155630055
2025-07-30,876920.9344197223,709449.914970652,167471.0194490703,1208257.45239947
2025-07-31,876920.9344197223,709449.914970652,167471.0194490703,1192233.4082906335
2025-08-01,876920.9344197223,709449.914970652,167471.0194490703,1196891.6591730993
2025-08-04,876920.9344197223,709449.914970652,167471.0194490703,1207100.4160529003
2025-08-05,876920.9344197223,709449.914970652,167471.0194490703,1218250.7943317646
2025-08-06,876920.9344197223,709449.914970652,167471.0194490703,1224840.179615833
2025-08-07,876920.9344197223,709449.914970652,167471.0194490703,1225532.0600850026
2025-08-08,878688.9572433832,0.0,878688.9572433832,1229499.350857034
2025-08-11,881786.0896431248,0.0,881786.0896431248,1242677.0456711228
2025-08-12,887136.5916912368,0.0,887136.5916912368,1243513.3514695682
2025-08-13,886390.8389261286,0.0,886390.8389261286,1250289.5321097854
2025-08-14,874447.689818851,0.0,874447.689818851,1232303.3675602404
2025-08-15,885594.256625216,0.0,885594.256625216,1249336.7043889721
2025-08-18,883439.8869136876,715968.8674646172,167471.0194490703,1261860.4203640888
2025-08-19,883439.8869136876,715968.8674646172,167471.0194490703,1269756.522108777
2025-08-20,883439.8869136876,715968.8674646172,167471.0194490703,1282072.9551647096
2025-08-21,883439.8869136876,715968.8674646172,167471.0194490703,1281704.4851392482
2025-08-22,882846.1324567925,0.0,882846.1324567925,1286612.3765090676
2025-08-25,880700.0071177692,713228.9876686989,167471.0194490703,1298648.6487402658
2025-08-26,880700.0071177692,713228.9876686989,167471.0194490703,1304986.8222375836
2025-08-27,880700.0071177692,713228.9876686989,167471.0194490703,1274964.8983897672
2025-08-28,880700.0071177692,713228.9876686989,167471.0194490703,1279927.8111819858
2025-08-29,880700.0071177692,713228.9876686989,167471.0194490703,1278515.8770262229
2025-09-01,880700.0071177692,713228.9876686989,167471.0194490703,1289315.02661066
2025-09-02,880700.0071177692,713228.9876686989,167471.0194490703,1274698.3086690628
2025-09-03,880700.0071177692,713228.9876686989,167471.0194490703,1251919.001202496
2025-09-04,880700.0071177692,713228.9876686989,167471.0194490703,1247268.736189085
2025-09-05,887585.3643403047,0.0,887585.3643403047,1270229.7981723652
2025-09-08,896911.3840253709,0.0,896911.3840253709,1286346.1417255574
2025-09-09,897051.5743341175,0.0,897051.5743341175,1280008.9059751937
2025-09-10,894862.8326694624,727391.8132203921,167471.0194490703,1282516.8351390162
2025-09-11,894862.8326694624,727391.8132203921,167471.0194490703,1297419.2635669946
2025-09-12,894862.8326694624,727391.8132203921,167471.0194490703,1297890.9608202493
2025-09-15,894862.8326694624,727391.8132203921,167471.0194490703,1297464.8530473858
2025-09-16,894862.8326694624,727391.8132203921,167471.0194490703,1308939.6854486258
2025-09-17,894862.8326694624,727391.8132203921,167471.0194490703,1311802.235404001
2025-09-18,894862.8326694624,727391.8132203921,167471.0194490703,1293959.4142906615
2025-09-19,891728.6116740461,0.0,891728.6116740461,1290007.5572795426
2025-09-22,889555.8388973714,722084.8194483011,167471.0194490703,1286954.9658627363
2025-09-23,889555.8388973714,722084.8194483011,167471.0194490703,1272328.5113955752
2025-09-24,889555.8388973714,722084.8194483011,167471.0194490703,1288639.6048724614
2025-09-25,889555.8388973714,722084.8194483011,167471.0194490703,1281439.5806267974
2025-09-26,889555.8388973714,722084.8194483011,167471.0194490703,1276234.5553731103
2025-09-29,889555.8388973714,722084.8194483011,167471.0194490703,1286826.640338696
2025-09-30,889555.8388973714,722084.8194483011,167471.0194490703,1290813.9477513793
2025-10-09,889555.8388973714,722084.8194483011,167471.0194490703,1301474.1626482643
2025-10-10,889555.8388973714,722084.8194483011,167471.0194490703,1305371.0688271136
2025-10-13,888282.7210163668,0.0,888282.7210163668,1299495.2980719719
2025-10-14,886120.2859116645,718649.2664625942,167471.0194490703,1292767.5218736646
2025-10-15,886120.2859116645,718649.2664625942,167471.0194490703,1309237.054438469
2025-10-16,886120.2859116645,718649.2664625942,167471.0194490703,1298195.8559131
2025-10-17,886120.2859116645,718649.2664625942,167471.0194490703,1273864.7616989168
2025-10-20,886120.2859116645,718649.2664625942,167471.0194490703,1287852.7640311727
2025-10-21,886120.2859116645,718649.2664625942,167471.0194490703,1307246.0216038083
2025-10-22,886120.2859116645,718649.2664625942,167471.0194490703,1306716.3283125474
2025-10-23,886120.2859116645,718649.2664625942,167471.0194490703,1311236.1514194563
2025-10-24,886120.2859116645,718649.2664625942,167471.0194490703,1313045.3763964495
2025-10-27,888733.9731505453,0.0,888733.9731505453,1321518.200636126
2025-10-28,887477.5879085662,0.0,887477.5879085662,1321699.734723692
2025-10-29,886001.2378422299,0.0,886001.2378422299,1326205.7656643079
2025-10-30,882228.4794639191,0.0,882228.4794639191,1313917.5336645774
2025-10-31,883376.7165291918,0.0,883376.7165291918,1323118.0568203873
2025-11-03,881228.9994379515,713757.9799888812,167471.0194490703,1335218.8167241265
2025-11-04,881228.9994379515,713757.9799888812,167471.0194490703,1329772.386230481
2025-11-05,881228.9994379515,713757.9799888812,167471.0194490703,1340657.9991560709
2025-11-06,881228.9994379515,713757.9799888812,167471.0194490703,1346939.3269549059
2025-11-07,881228.9994379515,713757.9799888812,167471.0194490703,1347781.0375680442
2025-11-10,881228.9994379515,713757.9799888812,167471.0194490703,1359144.6176614847
2025-11-11,881228.9994379515,713757.9799888812,167471.0194490703,1363245.385633343
2025-11-12,881228.9994379515,713757.9799888812,167471.0194490703,1357317.5832613185
2025-11-13,881228.9994379515,713757.9799888812,167471.0194490703,1372098.033667237
2025-11-14,881228.9994379515,713757.9799888812,167471.0194490703,1369016.1256327413
2025-11-17,881228.9994379515,713757.9799888812,167471.0194490703,1370928.6446309236
2025-11-18,881228.9994379515,713757.9799888812,167471.0194490703,1353376.6702095126
2025-11-19,881228.9994379515,713757.9799888812,167471.0194490703,1339849.9527160132
2025-11-20,881228.9994379515,713757.9799888812,167471.0194490703,1330826.1865381885
2025-11-21,881228.9994379515,713757.9799888812,167471.0194490703,1282650.5760742852
2025-11-24,881228.9994379515,713757.9799888812,167471.0194490703,1295777.5734613016
2025-11-25,881228.9994379515,713757.9799888812,167471.0194490703,1311808.898226854
2025-11-26,881228.9994379515,713757.9799888812,167471.0194490703,1308190.3979169172
2025-11-27,881228.9994379515,713757.9799888812,167471.0194490703,1310550.1404950167
2025-11-28,881228.9994379515,713757.9799888812,167471.0194490703,1326188.4792015844
2025-12-01,881228.9994379515,713757.9799888812,167471.0194490703,1335377.2089482339
2025-12-02,881228.9994379515,713757.9799888812,167471.0194490703,1332253.9773257545
2025-12-03,881228.9994379515,713757.9799888812,167471.0194490703,1325453.3551277996
2025-12-04,881228.9994379515,713757.9799888812,167471.0194490703,1314774.5940196177
2025-12-05,881228.9994379515,713757.9799888812,167471.0194490703,1330887.8799843155
2025-12-08,885177.1473394838,0.0,885177.1473394838,1338668.8329132288
2025-12-09,881770.236915542,0.0,881770.236915542,1329055.2174306544
2025-12-10,878579.4658842296,0.0,878579.4658842296,1331843.4857641095
2025-12-11,870466.7533994123,0.0,870466.7533994123,1309775.0569694191
2025-12-12,868357.7661975613,700886.746748491,167471.0194490703,1310428.6110791173
2025-12-15,868357.7661975613,700886.746748491,167471.0194490703,1311398.3265412517
2025-12-16,868357.7661975613,700886.746748491,167471.0194490703,1291615.9991974474
2025-12-17,868357.7661975613,700886.746748491,167471.0194490703,1300205.1677639382
2025-12-18,868357.7661975613,700886.746748491,167471.0194490703,1304170.4812238992
2025-12-19,868357.7661975613,700886.746748491,167471.0194490703,1325524.4529515663
2025-12-22,874436.8255883091,0.0,874436.8255883091,1333103.302697666
2025-12-23,874173.4424523563,0.0,874173.4424523563,1324982.1139857292
2025-12-24,876862.1940481671,0.0,876862.1940481671,1338689.5179024434
2025-12-25,882805.2140146731,0.0,882805.2140146731,1350255.7135583572
2025-12-26,880659.2114309759,713188.1919819056,167471.0194490703,1352361.2906536406
2025-12-29,880659.2114309759,713188.1919819056,167471.0194490703,1348920.4972711292
2025-12-30,880659.2114309759,713188.1919819056,167471.0194490703,1345686.4608627278
2025-12-31,880659.2114309759,713188.1919819056,167471.0194490703,1346729.4584334088
2026-01-05,880659.2114309759,713188.1919819056,167471.0194490703,1361651.0340966124
2026-01-06,880659.2114309759,713188.1919819056,167471.0194490703,1380819.623671751
2026-01-07,880659.2114309759,713188.1919819056,167471.0194490703,1381210.8592543115
2026-01-08,880659.2114309759,713188.1919819056,167471.0194490703,1393054.241415148
2026-01-09,880659.2114309759,713188.1919819056,167471.0194490703,1408264.3443278838
2026-01-12,880659.2114309759,713188.1919819056,167471.0194490703,1429138.9470149598
2026-01-13,880659.2114309759,713188.1919819056,167471.0194490703,1415906.5375441152
2026-01-14,880659.2114309759,713188.1919819056,167471.0194490703,1419700.706967832
2026-01-15,880659.2114309759,713188.1919819056,167471.0194490703,1416387.647312777
2026-01-16,880659.2114309759,713188.1919819056,167471.0194490703,1411745.1795113715
2026-01-19,880659.2114309759,713188.1919819056,167471.0194490703,1430038.6725500945
2026-01-20,880659.2114309759,713188.1919819056,167471.0194490703,1429478.3256612597
2026-01-21,879870.0348625559,0.0,879870.0348625559,1436956.060709008
2026-01-22,887613.4273188086,0.0,887613.4273188086,1451094.402931619
2026-01-23,899104.3589083449,0.0,899104.3589083449,1468192.7373727332
2026-01-26,896909.458889967,729438.4394408966,167471.0194490703,1457024.4792401453
2026-01-27,896909.458889967,729438.4394408966,167471.0194490703,1449950.346191097
2026-01-28,896909.458889967,729438.4394408966,167471.0194490703,1447784.1562800894
2026-01-29,896909.458889967,729438.4394408966,167471.0194490703,1443152.0183367142
2026-01-30,896909.458889967,729438.4394408966,167471.0194490703,1437442.7525964784
2026-02-02,896909.458889967,729438.4394408966,167471.0194490703,1404449.9883310483
2026-02-03,896909.458889967,729438.4394408966,167471.0194490703,1430618.2923651591
2026-02-04,896909.458889967,729438.4394408966,167471.0194490703,1444086.4473697566
2026-02-05,896909.458889967,729438.4394408966,167471.0194490703,1433907.3330191686
2026-02-06,896909.458889967,729438.4394408966,167471.0194490703,1436924.5474573222
2026-02-09,896909.458889967,729438.4394408966,167471.0194490703,1457899.0283813972
2026-02-10,896909.458889967,729438.4394408966,167471.0194490703,1458065.6961958457
2026-02-11,896909.458889967,729438.4394408966,167471.0194490703,1457628.16280734
2026-02-12,896909.458889967,729438.4394408966,167471.0194490703,1452162.5300442497
2026-02-13,896909.458889967,729438.4394408966,167471.0194490703,1440136.602725566
2026-02-24,896909.458889967,729438.4394408966,167471.0194490703,1463392.5844668727
2026-02-25,896909.458889967,729438.4394408966,167471.0194490703,1478835.5316120572
2026-02-26,900148.5118976779,0.0,900148.5118976779,1479897.1905378052
2026-02-27,910967.6455798077,0.0,910967.6455798077,1491768.1675379898
2026-03-02,915318.1609037049,0.0,915318.1609037049,1472260.5651015958
2026-03-03,913131.8927993928,726569.7666664196,186562.1261329733,1432472.585780703
2026-03-04,913074.6194793412,745603.6000302709,167471.0194490703,1423138.6681108852
2026-03-05,913074.6194793412,745603.6000302709,167471.0194490703,1437560.7022231435
2026-03-06,913074.6194793412,745603.6000302709,167471.0194490703,1460152.3946669628
2026-03-09,913074.6194793412,745603.6000302709,167471.0194490703,1448913.989026216
2026-03-10,913074.6194793412,745603.6000302709,167471.0194490703,1467526.8842217724
2026-03-11,913074.6194793412,745603.6000302709,167471.0194490703,1469846.1149882553
